osm_id,latitude,longitude,type,city_name,city_slug,insee_code,zip_code,department_code,region
9627170537,45.997387,4.903185,distributeur_sacs,Ambérieux-en-Dombes,amberieux-en-dombes,01005,01330,01,auvergne-rhone-alpes
2583772552,45.839702,5.006138,distributeur_sacs,Beynost,beynost,01043,01700,01,auvergne-rhone-alpes
2833250194,45.833432,5.005522,distributeur_sacs,Beynost,beynost,01043,01700,01,auvergne-rhone-alpes
2580477522,45.835382,4.996299,distributeur_sacs,Beynost,beynost,01043,01700,01,auvergne-rhone-alpes
2583772527,45.836102,4.998245,distributeur_sacs,Beynost,beynost,01043,01700,01,auvergne-rhone-alpes
2833243882,45.835609,4.998627,distributeur_sacs,Beynost,beynost,01043,01700,01,auvergne-rhone-alpes
10048961496,45.835608,4.998706,distributeur_sacs,Beynost,beynost,01043,01700,01,auvergne-rhone-alpes
2833243835,45.834515,4.999721,distributeur_sacs,Beynost,beynost,01043,01700,01,auvergne-rhone-alpes
2583772553,45.840179,5.002229,distributeur_sacs,Beynost,beynost,01043,01700,01,auvergne-rhone-alpes
2583777904,45.839647,5.001138,distributeur_sacs,Beynost,beynost,01043,01700,01,auvergne-rhone-alpes
2628342144,45.838446,4.998961,distributeur_sacs,Beynost,beynost,01043,01700,01,auvergne-rhone-alpes
2569494535,45.83663,4.988169,distributeur_sacs,Beynost,beynost,01043,01700,01,auvergne-rhone-alpes
10038969147,45.842398,5.035583,distributeur_sacs,La Boisse,la-boisse,01049,01120,01,auvergne-rhone-alpes
10006968953,46.202226,5.232981,distributeur_sacs,Bourg-en-Bresse,bourg-en-bresse,01053,01000,01,auvergne-rhone-alpes
10574818420,46.208115,5.225631,distributeur_sacs,Bourg-en-Bresse,bourg-en-bresse,01053,01000,01,auvergne-rhone-alpes
10157418482,46.205605,5.2305,distributeur_sacs,Bourg-en-Bresse,bourg-en-bresse,01053,01000,01,auvergne-rhone-alpes
10792783953,46.203178,5.234209,distributeur_sacs,Bourg-en-Bresse,bourg-en-bresse,01053,01000,01,auvergne-rhone-alpes
10221210089,46.200723,5.237723,distributeur_sacs,Bourg-en-Bresse,bourg-en-bresse,01053,01000,01,auvergne-rhone-alpes
10759278012,46.211643,5.236164,distributeur_sacs,Bourg-en-Bresse,bourg-en-bresse,01053,01000,01,auvergne-rhone-alpes
10010890254,46.208823,5.220774,distributeur_sacs,Bourg-en-Bresse,bourg-en-bresse,01053,01000,01,auvergne-rhone-alpes
10005846700,46.209461,5.218786,distributeur_sacs,Bourg-en-Bresse,bourg-en-bresse,01053,01000,01,auvergne-rhone-alpes
11261998831,46.206098,5.220559,distributeur_sacs,Bourg-en-Bresse,bourg-en-bresse,01053,01000,01,auvergne-rhone-alpes
12096595183,46.206953,5.221024,distributeur_sacs,Bourg-en-Bresse,bourg-en-bresse,01053,01000,01,auvergne-rhone-alpes
10006958382,46.206974,5.224181,distributeur_sacs,Bourg-en-Bresse,bourg-en-bresse,01053,01000,01,auvergne-rhone-alpes
10008202774,46.202913,5.221741,distributeur_sacs,Bourg-en-Bresse,bourg-en-bresse,01053,01000,01,auvergne-rhone-alpes
10932007758,46.200579,5.218725,distributeur_sacs,Bourg-en-Bresse,bourg-en-bresse,01053,01000,01,auvergne-rhone-alpes
9981228658,46.202238,5.219534,distributeur_sacs,Bourg-en-Bresse,bourg-en-bresse,01053,01000,01,auvergne-rhone-alpes
10044060152,46.203357,5.219843,distributeur_sacs,Bourg-en-Bresse,bourg-en-bresse,01053,01000,01,auvergne-rhone-alpes
10048081393,46.204741,5.21963,distributeur_sacs,Bourg-en-Bresse,bourg-en-bresse,01053,01000,01,auvergne-rhone-alpes
11016544940,46.200423,5.215181,distributeur_sacs,Bourg-en-Bresse,bourg-en-bresse,01053,01000,01,auvergne-rhone-alpes
12126082776,46.080471,5.463014,distributeur_sacs,Cerdon,cerdon,01068,01450,01,auvergne-rhone-alpes
12151505727,46.183282,5.312619,distributeur_sacs,Ceyzériat,ceyzeriat,01072,01250,01,auvergne-rhone-alpes
10787282282,46.17934,5.324261,distributeur_sacs,Ceyzériat,ceyzeriat,01072,01250,01,auvergne-rhone-alpes
12857535692,46.119776,4.954047,poubelle_dejections,Châtillon-sur-Chalaronne,chatillon-sur-chalaronne,01093,01400,01,auvergne-rhone-alpes
10017463473,46.264277,5.428094,distributeur_sacs,Nivigne et Suran,nivigne-et-suran,01095,01250,01,auvergne-rhone-alpes
10017463474,46.264454,5.426367,distributeur_sacs,Nivigne et Suran,nivigne-et-suran,01095,01250,01,auvergne-rhone-alpes
13153107757,46.018676,4.759969,distributeur_sacs,Fareins,fareins,01157,01480,01,auvergne-rhone-alpes
13153107759,46.019001,4.760892,distributeur_sacs,Fareins,fareins,01157,01480,01,auvergne-rhone-alpes
11245075108,45.96458,5.583632,distributeur_sacs,Plateau d'Hauteville,plateau-dhauteville,01185,01110,01,auvergne-rhone-alpes
13460451779,45.987336,4.753862,poubelle_dejections,Jassans-Riottier,jassans-riottier,01194,01480,01,auvergne-rhone-alpes
6370719197,45.822846,4.945058,distributeur_sacs,Miribel,miribel,01249,01700,01,auvergne-rhone-alpes
2585186163,45.823213,4.947462,distributeur_sacs,Miribel,miribel,01249,01700,01,auvergne-rhone-alpes
8407262751,45.827418,4.956993,distributeur_sacs,Miribel,miribel,01249,01700,01,auvergne-rhone-alpes
2585186165,45.824096,4.949137,distributeur_sacs,Miribel,miribel,01249,01700,01,auvergne-rhone-alpes
10300779108,45.824072,4.950033,poubelle_dejections,Miribel,miribel,01249,01700,01,auvergne-rhone-alpes
10578669291,45.82393,4.949235,poubelle_dejections,Miribel,miribel,01249,01700,01,auvergne-rhone-alpes
10578669292,45.822722,4.951266,poubelle_dejections,Miribel,miribel,01249,01700,01,auvergne-rhone-alpes
9977464783,45.82447,4.954526,distributeur_sacs,Miribel,miribel,01249,01700,01,auvergne-rhone-alpes
9977516468,45.823329,4.95522,distributeur_sacs,Miribel,miribel,01249,01700,01,auvergne-rhone-alpes
10252936959,45.821199,4.949567,poubelle_dejections,Miribel,miribel,01249,01700,01,auvergne-rhone-alpes
10046713271,45.852857,5.057088,distributeur_sacs,Montluel,montluel,01262,01120,01,auvergne-rhone-alpes
10047674398,45.849707,5.053323,distributeur_sacs,Montluel,montluel,01262,01120,01,auvergne-rhone-alpes
9992543707,45.815722,4.931298,distributeur_sacs,Neyron,neyron,01275,01700,01,auvergne-rhone-alpes
6814262940,46.278699,6.084301,distributeur_sacs,Ornex,ornex,01281,01210,01,auvergne-rhone-alpes
10958857458,45.929829,4.9539,distributeur_sacs,Saint-André-de-Corcy,saint-andre-de-corcy,01333,01390,01,auvergne-rhone-alpes
12150112166,46.245977,6.021204,distributeur_sacs,Saint-Genis-Pouilly,saint-genis-pouilly,01354,01630,01,auvergne-rhone-alpes
12150164231,46.246217,6.020968,distributeur_sacs,Saint-Genis-Pouilly,saint-genis-pouilly,01354,01630,01,auvergne-rhone-alpes
12150167613,46.246484,6.020606,distributeur_sacs,Saint-Genis-Pouilly,saint-genis-pouilly,01354,01630,01,auvergne-rhone-alpes
6387233171,45.83087,4.97892,distributeur_sacs,Saint-Maurice-de-Beynost,saint-maurice-de-beynost,01376,01700,01,auvergne-rhone-alpes
6375331803,45.830155,4.979201,distributeur_sacs,Saint-Maurice-de-Beynost,saint-maurice-de-beynost,01376,01700,01,auvergne-rhone-alpes
3215575820,45.959248,5.832233,distributeur_sacs,Seyssel,seyssel,01407,01420,01,auvergne-rhone-alpes
8770181314,46.005543,5.031399,distributeur_sacs,Villars-les-Dombes,villars-les-dombes,01443,01330,01,auvergne-rhone-alpes
8770181308,46.005254,5.030921,distributeur_sacs,Villars-les-Dombes,villars-les-dombes,01443,01330,01,auvergne-rhone-alpes
8770181292,46.003346,5.027449,distributeur_sacs,Villars-les-Dombes,villars-les-dombes,01443,01330,01,auvergne-rhone-alpes
8765784123,46.00094,5.029296,distributeur_sacs,Villars-les-Dombes,villars-les-dombes,01443,01330,01,auvergne-rhone-alpes
3566441489,48.975252,3.283001,poubelle_dejections,Charly-sur-Marne,charly-sur-marne,02163,02310,02,hauts-de-france
3059545416,49.04274,3.393627,distributeur_sacs,Château-Thierry,chateau-thierry,02168,02400,02,hauts-de-france
8707288836,49.565355,3.612612,distributeur_sacs,Laon,laon,02408,02000,02,hauts-de-france
9011046700,49.565443,3.616433,distributeur_sacs,Laon,laon,02408,02000,02,hauts-de-france
8699290299,49.563539,3.616167,distributeur_sacs,Laon,laon,02408,02000,02,hauts-de-france
9360314817,49.557056,3.613445,distributeur_sacs,Laon,laon,02408,02000,02,hauts-de-france
9183506717,49.563365,3.624564,distributeur_sacs,Laon,laon,02408,02000,02,hauts-de-france
9183506817,49.564014,3.625155,distributeur_sacs,Laon,laon,02408,02000,02,hauts-de-france
9183503417,49.565007,3.628385,distributeur_sacs,Laon,laon,02408,02000,02,hauts-de-france
9217152217,49.563248,3.626742,distributeur_sacs,Laon,laon,02408,02000,02,hauts-de-france
9183503418,49.562479,3.627894,distributeur_sacs,Laon,laon,02408,02000,02,hauts-de-france
9217053992,46.117853,3.415669,poubelle_dejections,Bellerive-sur-Allier,bellerive-sur-allier,03023,03700,03,auvergne-rhone-alpes
7022290978,46.117277,3.4192,poubelle_dejections,Bellerive-sur-Allier,bellerive-sur-allier,03023,03700,03,auvergne-rhone-alpes
9395364146,46.586168,3.055372,distributeur_sacs,Bourbon-l'Archambault,bourbon-larchambault,03036,03160,03,auvergne-rhone-alpes
9606070560,46.333481,2.702493,distributeur_sacs,Chamblet,chamblet,03052,03170,03,auvergne-rhone-alpes
7882037934,46.134633,3.438689,poubelle_dejections,Cusset,cusset,03095,03300,03,auvergne-rhone-alpes
2449862217,46.129051,3.436039,poubelle_dejections,Cusset,cusset,03095,03300,03,auvergne-rhone-alpes
9469533303,46.125949,3.438739,poubelle_dejections,Cusset,cusset,03095,03300,03,auvergne-rhone-alpes
9469533296,46.12661,3.443999,poubelle_dejections,Cusset,cusset,03095,03300,03,auvergne-rhone-alpes
7590461150,46.125789,3.447115,poubelle_dejections,Cusset,cusset,03095,03300,03,auvergne-rhone-alpes
7024429392,46.132185,3.454632,poubelle_dejections,Cusset,cusset,03095,03300,03,auvergne-rhone-alpes
10112093290,46.133568,3.454971,poubelle_dejections,Cusset,cusset,03095,03300,03,auvergne-rhone-alpes
10597199785,46.129337,3.447022,poubelle_dejections,Cusset,cusset,03095,03300,03,auvergne-rhone-alpes
7973905389,46.1367,3.440429,poubelle_dejections,Cusset,cusset,03095,03300,03,auvergne-rhone-alpes
11956512647,46.134971,3.450831,poubelle_dejections,Cusset,cusset,03095,03300,03,auvergne-rhone-alpes
8232323709,46.137047,3.453304,poubelle_dejections,Cusset,cusset,03095,03300,03,auvergne-rhone-alpes
7024429387,46.136433,3.460546,poubelle_dejections,Cusset,cusset,03095,03300,03,auvergne-rhone-alpes
7779369167,46.133424,3.46223,poubelle_dejections,Cusset,cusset,03095,03300,03,auvergne-rhone-alpes
13087299767,46.113999,3.088145,distributeur_sacs,Ébreuil,ebreuil,03107,03450,03,auvergne-rhone-alpes
13087259598,46.114808,3.089537,distributeur_sacs,Ébreuil,ebreuil,03107,03450,03,auvergne-rhone-alpes
13087295479,46.115307,3.090206,distributeur_sacs,Ébreuil,ebreuil,03107,03450,03,auvergne-rhone-alpes
13087319049,46.114187,3.08544,distributeur_sacs,Ébreuil,ebreuil,03107,03450,03,auvergne-rhone-alpes
12565114265,46.183892,2.933609,distributeur_sacs,Échassières,echassieres,03108,03330,03,auvergne-rhone-alpes
12563199055,46.184453,2.934368,distributeur_sacs,Échassières,echassieres,03108,03330,03,auvergne-rhone-alpes
13348395639,46.099516,3.200895,distributeur_sacs,Gannat,gannat,03118,03800,03,auvergne-rhone-alpes
13355573184,46.098887,3.197746,distributeur_sacs,Gannat,gannat,03118,03800,03,auvergne-rhone-alpes
13388520471,46.100593,3.198804,distributeur_sacs,Gannat,gannat,03118,03800,03,auvergne-rhone-alpes
13306892627,46.101593,3.1961,distributeur_sacs,Gannat,gannat,03118,03800,03,auvergne-rhone-alpes
13440416975,46.100124,3.196312,distributeur_sacs,Gannat,gannat,03118,03800,03,auvergne-rhone-alpes
13377900696,46.10327,3.199885,distributeur_sacs,Gannat,gannat,03118,03800,03,auvergne-rhone-alpes
7237194264,46.343631,2.598438,distributeur_sacs,Montluçon,montlucon,03185,03100,03,auvergne-rhone-alpes
6643664961,46.565612,3.329452,distributeur_sacs,Moulins,moulins,03190,03000,03,auvergne-rhone-alpes
12059143542,46.533873,3.191067,poubelle_dejections,Souvigny,souvigny,03275,03210,03,auvergne-rhone-alpes
9469533236,46.139242,3.420237,poubelle_dejections,Vichy,vichy,03310,03200,03,auvergne-rhone-alpes
7098194788,46.132108,3.419874,poubelle_dejections,Vichy,vichy,03310,03200,03,auvergne-rhone-alpes
7684887640,46.128663,3.420357,poubelle_dejections,Vichy,vichy,03310,03200,03,auvergne-rhone-alpes
10860776181,46.13158,3.417189,poubelle_dejections,Vichy,vichy,03310,03200,03,auvergne-rhone-alpes
7024428667,46.128834,3.415957,poubelle_dejections,Vichy,vichy,03310,03200,03,auvergne-rhone-alpes
12139653868,46.125863,3.43039,distributeur_sacs,Vichy,vichy,03310,03200,03,auvergne-rhone-alpes
7098194800,46.129776,3.426837,poubelle_dejections,Vichy,vichy,03310,03200,03,auvergne-rhone-alpes
7098194866,46.129027,3.429495,poubelle_dejections,Vichy,vichy,03310,03200,03,auvergne-rhone-alpes
7179911550,46.131778,3.434067,poubelle_dejections,Vichy,vichy,03310,03200,03,auvergne-rhone-alpes
7590468050,46.13753,3.422124,poubelle_dejections,Vichy,vichy,03310,03200,03,auvergne-rhone-alpes
7024428780,46.11407,3.43675,poubelle_dejections,Vichy,vichy,03310,03200,03,auvergne-rhone-alpes
7024428981,46.115191,3.438695,poubelle_dejections,Vichy,vichy,03310,03200,03,auvergne-rhone-alpes
7024428620,46.117639,3.432496,poubelle_dejections,Vichy,vichy,03310,03200,03,auvergne-rhone-alpes
7024428948,46.120038,3.425616,poubelle_dejections,Vichy,vichy,03310,03200,03,auvergne-rhone-alpes
7024428933,46.12009,3.425248,poubelle_dejections,Vichy,vichy,03310,03200,03,auvergne-rhone-alpes
10148204587,46.1206,3.425539,poubelle_dejections,Vichy,vichy,03310,03200,03,auvergne-rhone-alpes
7590467984,46.120226,3.41965,poubelle_dejections,Vichy,vichy,03310,03200,03,auvergne-rhone-alpes
12058675524,43.954388,6.369436,distributeur_sacs,Barrême,barreme,04022,04330,04,provence-alpes-cote-d-azur
10761138706,44.080021,6.213907,poubelle_dejections,Digne-les-Bains,digne-les-bains,04070,04000,04,provence-alpes-cote-d-azur
7099365013,44.091574,6.2327,poubelle_dejections,Digne-les-Bains,digne-les-bains,04070,04000,04,provence-alpes-cote-d-azur
7036970162,44.090642,6.232841,poubelle_dejections,Digne-les-Bains,digne-les-bains,04070,04000,04,provence-alpes-cote-d-azur
8758282566,44.105128,6.233929,poubelle_dejections,Digne-les-Bains,digne-les-bains,04070,04000,04,provence-alpes-cote-d-azur
2516053445,44.216286,6.005622,distributeur_sacs,Entrepierres,entrepierres,04075,04200,04,provence-alpes-cote-d-azur
7563343285,44.418044,6.736758,poubelle_dejections,Jausiers,jausiers,04096,04850,04,provence-alpes-cote-d-azur
13006965899,43.835259,5.78313,distributeur_sacs,Manosque,manosque,04112,04100,04,provence-alpes-cote-d-azur
13006159008,43.836067,5.782923,distributeur_sacs,Manosque,manosque,04112,04100,04,provence-alpes-cote-d-azur
9547632744,43.996425,6.197365,poubelle_dejections,Mézel,mezel,04121,04270,04,provence-alpes-cote-d-azur
12059576632,43.913217,6.540733,distributeur_sacs,Saint-Julien-du-Verdon,saint-julien-du-verdon,04183,04170,04,provence-alpes-cote-d-azur
12692718715,44.351998,6.357769,distributeur_sacs,Seyne,seyne,04205,04140,04,provence-alpes-cote-d-azur
13048518072,43.838196,5.98781,distributeur_sacs,Valensole,valensole,04230,04210,04,provence-alpes-cote-d-azur
12200238393,44.110062,6.015151,poubelle_dejections,Volonne,volonne,04244,04290,04,provence-alpes-cote-d-azur
13208385054,44.11093,6.016315,poubelle_dejections,Volonne,volonne,04244,04290,04,provence-alpes-cote-d-azur
5748815795,44.544092,6.276646,poubelle_dejections,Chorges,chorges,05040,05230,05,provence-alpes-cote-d-azur
2511478263,44.549007,6.466719,distributeur_sacs,Embrun,embrun,05046,05200,05,provence-alpes-cote-d-azur
8992551741,44.932343,6.589155,distributeur_sacs,Saint-Chaffrey,saint-chaffrey,05133,05330,05,provence-alpes-cote-d-azur
9556224634,44.516514,6.374078,distributeur_sacs,Savines-le-Lac,savines-le-lac,05164,05160,05,provence-alpes-cote-d-azur
9556224635,44.519166,6.372521,distributeur_sacs,Savines-le-Lac,savines-le-lac,05164,05160,05,provence-alpes-cote-d-azur
11546535881,44.460203,6.05485,poubelle_dejections,Tallard,tallard,05170,05130,05,provence-alpes-cote-d-azur
12324128985,43.59657,7.107412,distributeur_sacs,Antibes,antibes,06004,06600/06160,06,provence-alpes-cote-d-azur
12324111830,43.596312,7.106364,distributeur_sacs,Antibes,antibes,06004,06600/06160,06,provence-alpes-cote-d-azur
12324112020,43.596744,7.11365,distributeur_sacs,Antibes,antibes,06004,06600/06160,06,provence-alpes-cote-d-azur
12715940164,43.586262,7.121057,distributeur_sacs,Antibes,antibes,06004,06600/06160,06,provence-alpes-cote-d-azur
11196158875,43.568821,7.13136,poubelle_dejections,Antibes,antibes,06004,06600/06160,06,provence-alpes-cote-d-azur
10232467926,43.573199,7.124236,poubelle_dejections,Antibes,antibes,06004,06600/06160,06,provence-alpes-cote-d-azur
10232467935,43.574797,7.124784,poubelle_dejections,Antibes,antibes,06004,06600/06160,06,provence-alpes-cote-d-azur
10159210845,43.576725,7.118267,poubelle_dejections,Antibes,antibes,06004,06600/06160,06,provence-alpes-cote-d-azur
12715824637,43.573759,7.116408,distributeur_sacs,Antibes,antibes,06004,06600/06160,06,provence-alpes-cote-d-azur
10232467922,43.572163,7.119172,poubelle_dejections,Antibes,antibes,06004,06600/06160,06,provence-alpes-cote-d-azur
10152579400,43.572203,7.115552,poubelle_dejections,Antibes,antibes,06004,06600/06160,06,provence-alpes-cote-d-azur
10152579398,43.570333,7.114179,poubelle_dejections,Antibes,antibes,06004,06600/06160,06,provence-alpes-cote-d-azur
10152579397,43.570403,7.114326,poubelle_dejections,Antibes,antibes,06004,06600/06160,06,provence-alpes-cote-d-azur
12328327457,43.571129,7.090518,distributeur_sacs,Antibes,antibes,06004,06600/06160,06,provence-alpes-cote-d-azur
12328347594,43.573275,7.087495,distributeur_sacs,Antibes,antibes,06004,06600/06160,06,provence-alpes-cote-d-azur
12328294156,43.597145,7.092126,distributeur_sacs,Antibes,antibes,06004,06600/06160,06,provence-alpes-cote-d-azur
12716436126,43.70279,7.32959,distributeur_sacs,Beaulieu-sur-Mer,beaulieu-sur-mer,06011,06310,06,provence-alpes-cote-d-azur
13302049515,43.748054,7.431017,poubelle_dejections,Beausoleil,beausoleil,06012,06240,06,provence-alpes-cote-d-azur
13302043494,43.748054,7.431017,distributeur_sacs,Beausoleil,beausoleil,06012,06240,06,provence-alpes-cote-d-azur
12607073232,43.560802,7.021463,distributeur_sacs,Cannes,cannes,06029,06400/06150,06,provence-alpes-cote-d-azur
3040166333,43.550505,7.021319,distributeur_sacs,Cannes,cannes,06029,06400/06150,06,provence-alpes-cote-d-azur
768946351,43.731033,7.410724,distributeur_sacs,Cap-d'Ail,cap-dail,06032,06320,06,provence-alpes-cote-d-azur
12451312985,43.720353,7.399417,poubelle_dejections,Cap-d'Ail,cap-dail,06032,06320,06,provence-alpes-cote-d-azur
12641071247,43.526054,6.940103,poubelle_dejections,Mandelieu-la-Napoule,mandelieu-la-napoule,06079,06210,06,provence-alpes-cote-d-azur
13301023411,43.784695,7.521755,distributeur_sacs,Menton,menton,06083,06500,06,provence-alpes-cote-d-azur
13061690366,43.775542,7.495265,distributeur_sacs,Menton,menton,06083,06500,06,provence-alpes-cote-d-azur
5537509279,43.615151,6.971512,distributeur_sacs,Mougins,mougins,06085,06250,06,provence-alpes-cote-d-azur
5538299926,43.617483,6.972735,distributeur_sacs,Mougins,mougins,06085,06250,06,provence-alpes-cote-d-azur
6158944271,43.604385,6.988452,distributeur_sacs,Mougins,mougins,06085,06250,06,provence-alpes-cote-d-azur
11019858882,43.698067,7.279829,distributeur_sacs,Nice,nice,06088,06000/06100/06200/06300,06,provence-alpes-cote-d-azur
9094744698,43.686679,7.219875,poubelle_dejections,Nice,nice,06088,06000/06100/06200/06300,06,provence-alpes-cote-d-azur
8137738580,43.687827,7.230027,distributeur_sacs,Nice,nice,06088,06000/06100/06200/06300,06,provence-alpes-cote-d-azur
11687301018,43.716559,7.057973,distributeur_sacs,Tourrettes-sur-Loup,tourrettes-sur-loup,06148,06140,06,provence-alpes-cote-d-azur
9629713183,43.567701,7.076981,distributeur_sacs,Vallauris,vallauris,06155,06220,06,provence-alpes-cote-d-azur
9629713184,43.572152,7.078016,distributeur_sacs,Vallauris,vallauris,06155,06220,06,provence-alpes-cote-d-azur
9610751381,43.568698,7.072957,distributeur_sacs,Vallauris,vallauris,06155,06220,06,provence-alpes-cote-d-azur
929207944,44.08771,7.650037,distributeur_sacs,La Brigue,la-brigue,06162,06430,06,provence-alpes-cote-d-azur
9487905469,44.085968,7.593368,poubelle_dejections,Tende,tende,06163,06430,06,provence-alpes-cote-d-azur
9487905452,44.084233,7.591575,poubelle_dejections,Tende,tende,06163,06430,06,provence-alpes-cote-d-azur
9590983164,44.089416,7.595212,poubelle_dejections,Tende,tende,06163,06430,06,provence-alpes-cote-d-azur
11576902545,44.619471,4.387388,distributeur_sacs,Aubenas,aubenas,07019,07200,07,auvergne-rhone-alpes
7215416888,44.372822,4.646693,distributeur_sacs,Bourg-Saint-Andéol,bourg-saint-andeol,07042,07700,07,auvergne-rhone-alpes
6469406512,44.371402,4.645537,distributeur_sacs,Bourg-Saint-Andéol,bourg-saint-andeol,07042,07700,07,auvergne-rhone-alpes
6465960322,44.370646,4.647081,distributeur_sacs,Bourg-Saint-Andéol,bourg-saint-andeol,07042,07700,07,auvergne-rhone-alpes
7322817024,44.370878,4.647784,distributeur_sacs,Bourg-Saint-Andéol,bourg-saint-andeol,07042,07700,07,auvergne-rhone-alpes
6680666624,44.37028,4.645339,distributeur_sacs,Bourg-Saint-Andéol,bourg-saint-andeol,07042,07700,07,auvergne-rhone-alpes
10057656273,44.365556,4.64516,distributeur_sacs,Bourg-Saint-Andéol,bourg-saint-andeol,07042,07700,07,auvergne-rhone-alpes
9287506173,44.368661,4.644624,distributeur_sacs,Bourg-Saint-Andéol,bourg-saint-andeol,07042,07700,07,auvergne-rhone-alpes
12459993516,44.369903,4.64319,distributeur_sacs,Bourg-Saint-Andéol,bourg-saint-andeol,07042,07700,07,auvergne-rhone-alpes
12469723285,44.370379,4.642735,distributeur_sacs,Bourg-Saint-Andéol,bourg-saint-andeol,07042,07700,07,auvergne-rhone-alpes
9249519132,44.371917,4.643019,distributeur_sacs,Bourg-Saint-Andéol,bourg-saint-andeol,07042,07700,07,auvergne-rhone-alpes
7229786168,44.37296,4.644537,distributeur_sacs,Bourg-Saint-Andéol,bourg-saint-andeol,07042,07700,07,auvergne-rhone-alpes
10796828655,44.379554,4.639658,distributeur_sacs,Bourg-Saint-Andéol,bourg-saint-andeol,07042,07700,07,auvergne-rhone-alpes
13017151351,44.436505,4.577762,distributeur_sacs,Larnas,larnas,07133,07220,07,auvergne-rhone-alpes
6846669199,44.666084,4.288548,poubelle_dejections,Pont-de-Labeaume,pont-de-labeaume,07178,07380,07,auvergne-rhone-alpes
5901710991,44.453251,4.335973,poubelle_dejections,Ruoms,ruoms,07201,07120,07,auvergne-rhone-alpes
1806965752,45.01014,4.394875,distributeur_sacs,Saint-Agrève,saint-agreve,07204,07320,07,auvergne-rhone-alpes
3130373123,45.009515,4.396413,distributeur_sacs,Saint-Agrève,saint-agreve,07204,07320,07,auvergne-rhone-alpes
6700697490,44.601338,4.385912,distributeur_sacs,Saint-Étienne-de-Fontbellon,saint-etienne-de-fontbellon,07231,07200,07,auvergne-rhone-alpes
13034027034,44.44046,4.624178,distributeur_sacs,Saint-Montan,saint-montan,07279,07220,07,auvergne-rhone-alpes
8595351917,44.440423,4.623244,distributeur_sacs,Saint-Montan,saint-montan,07279,07220,07,auvergne-rhone-alpes
11180618235,44.946702,4.85124,distributeur_sacs,Saint-Péray,saint-peray,07281,07130,07,auvergne-rhone-alpes
6795477798,44.944984,4.841503,distributeur_sacs,Saint-Péray,saint-peray,07281,07130,07,auvergne-rhone-alpes
6814095647,44.945387,4.840825,distributeur_sacs,Saint-Péray,saint-peray,07281,07130,07,auvergne-rhone-alpes
6802854023,44.945499,4.841555,distributeur_sacs,Saint-Péray,saint-peray,07281,07130,07,auvergne-rhone-alpes
9748429861,44.94535,4.839335,distributeur_sacs,Saint-Péray,saint-peray,07281,07130,07,auvergne-rhone-alpes
6817996694,44.94437,4.839401,distributeur_sacs,Saint-Péray,saint-peray,07281,07130,07,auvergne-rhone-alpes
6844286523,44.944076,4.842318,distributeur_sacs,Saint-Péray,saint-peray,07281,07130,07,auvergne-rhone-alpes
6821261777,44.94365,4.844064,distributeur_sacs,Saint-Péray,saint-peray,07281,07130,07,auvergne-rhone-alpes
11181481894,44.945177,4.843524,distributeur_sacs,Saint-Péray,saint-peray,07281,07130,07,auvergne-rhone-alpes
6821261770,44.942306,4.841956,distributeur_sacs,Saint-Péray,saint-peray,07281,07130,07,auvergne-rhone-alpes
12250514085,44.942404,4.842585,distributeur_sacs,Saint-Péray,saint-peray,07281,07130,07,auvergne-rhone-alpes
12250514086,44.942103,4.84221,distributeur_sacs,Saint-Péray,saint-peray,07281,07130,07,auvergne-rhone-alpes
6821261771,44.941736,4.841754,distributeur_sacs,Saint-Péray,saint-peray,07281,07130,07,auvergne-rhone-alpes
11199978439,44.942753,4.840973,distributeur_sacs,Saint-Péray,saint-peray,07281,07130,07,auvergne-rhone-alpes
6807859704,44.933098,4.837053,distributeur_sacs,Saint-Péray,saint-peray,07281,07130,07,auvergne-rhone-alpes
13078354912,45.31382,4.771479,distributeur_sacs,Serrières,serrieres,07313,07340,07,auvergne-rhone-alpes
12315930817,49.773941,4.72103,distributeur_sacs,Charleville-Mézières,charleville-mezieres,08105,08000,08,grand-est
8636279603,49.774024,4.710287,distributeur_sacs,Charleville-Mézières,charleville-mezieres,08105,08000,08,grand-est
12315930816,49.772858,4.718327,distributeur_sacs,Charleville-Mézières,charleville-mezieres,08105,08000,08,grand-est
12299372209,49.772408,4.720346,distributeur_sacs,Charleville-Mézières,charleville-mezieres,08105,08000,08,grand-est
12299384511,49.773108,4.723181,distributeur_sacs,Charleville-Mézières,charleville-mezieres,08105,08000,08,grand-est
7766347285,49.771973,4.722189,poubelle_dejections,Charleville-Mézières,charleville-mezieres,08105,08000,08,grand-est
8685185117,49.756917,4.710312,poubelle_dejections,Charleville-Mézières,charleville-mezieres,08105,08000,08,grand-est
12163679431,49.732575,4.783931,distributeur_sacs,Lumes,lumes,08263,08440,08,grand-est
7793602053,49.648185,4.642193,distributeur_sacs,Poix-Terron,poix-terron,08341,08430,08,grand-est
12173104749,42.723062,1.833977,distributeur_sacs,Ax-les-Thermes,ax-les-thermes,09032,09110,09,occitanie
11945102659,42.720821,1.840501,distributeur_sacs,Ax-les-Thermes,ax-les-thermes,09032,09110,09,occitanie
13120982719,42.973475,1.607816,poubelle_dejections,Foix,foix,09122,09000,09,occitanie
12945304310,43.275189,1.346055,distributeur_sacs,Lézat-sur-Lèze,lezat-sur-leze,09167,09210,09,occitanie
12945122607,43.27608,1.346149,distributeur_sacs,Lézat-sur-Lèze,lezat-sur-leze,09167,09210,09,occitanie
12945122690,43.27593,1.346781,distributeur_sacs,Lézat-sur-Lèze,lezat-sur-leze,09167,09210,09,occitanie
12945122736,43.276242,1.347736,distributeur_sacs,Lézat-sur-Lèze,lezat-sur-leze,09167,09210,09,occitanie
10931278000,43.088393,1.87403,distributeur_sacs,Mirepoix,mirepoix,09194,09500,09,occitanie
9969192143,43.112163,1.610505,distributeur_sacs,Pamiers,pamiers,09225,09100,09,occitanie
6284478678,43.111232,1.612656,distributeur_sacs,Pamiers,pamiers,09225,09100,09,occitanie
7985636863,42.982909,1.145321,poubelle_dejections,Saint-Girons,saint-girons,09261,09200,09,occitanie
7985636868,42.986192,1.142909,poubelle_dejections,Saint-Girons,saint-girons,09261,09200,09,occitanie
7985636867,42.985537,1.144394,poubelle_dejections,Saint-Girons,saint-girons,09261,09200,09,occitanie
7985636864,42.984719,1.144479,poubelle_dejections,Saint-Girons,saint-girons,09261,09200,09,occitanie
7985636865,42.984103,1.144432,poubelle_dejections,Saint-Girons,saint-girons,09261,09200,09,occitanie
7985636866,42.984386,1.143781,poubelle_dejections,Saint-Girons,saint-girons,09261,09200,09,occitanie
9967559138,43.238069,1.386543,poubelle_dejections,Saint-Ybars,saint-ybars,09277,09210,09,occitanie
9967559137,43.237223,1.38599,poubelle_dejections,Saint-Ybars,saint-ybars,09277,09210,09,occitanie
9967200588,43.23674,1.383766,poubelle_dejections,Saint-Ybars,saint-ybars,09277,09210,09,occitanie
9967559158,43.239061,1.388222,poubelle_dejections,Saint-Ybars,saint-ybars,09277,09210,09,occitanie
12173104750,42.727466,1.810473,distributeur_sacs,Savignac-les-Ormeaux,savignac-les-ormeaux,09283,09110,09,occitanie
7864439343,43.009283,1.118655,distributeur_sacs,Lorp-Sentaraille,lorp-sentaraille,09289,09190,09,occitanie
5612184496,48.259192,4.34201,distributeur_sacs,Mesnil-Saint-Père,mesnil-saint-pere,10238,10140,10,grand-est
12229669066,48.490572,3.498032,poubelle_dejections,Nogent-sur-Seine,nogent-sur-seine,10268,10400,10,grand-est
12878632812,48.005884,4.365683,poubelle_dejections,Les Riceys,les-riceys,10317,10340,10,grand-est
12877376095,48.008004,4.36813,poubelle_dejections,Les Riceys,les-riceys,10317,10340,10,grand-est
12877376094,48.007912,4.368141,poubelle_dejections,Les Riceys,les-riceys,10317,10340,10,grand-est
8911558093,48.299676,4.111327,distributeur_sacs,Saint-Parres-aux-Tertres,saint-parres-aux-tertres,10357,10410,10,grand-est
2408152261,48.288342,4.120313,distributeur_sacs,Saint-Parres-aux-Tertres,saint-parres-aux-tertres,10357,10410,10,grand-est
10857569365,48.284559,4.0836,distributeur_sacs,Troyes,troyes,10387,10000,10,grand-est
8927602407,48.310598,4.052579,distributeur_sacs,Troyes,troyes,10387,10000,10,grand-est
12918920949,48.312662,4.072526,distributeur_sacs,Troyes,troyes,10387,10000,10,grand-est
12949528515,48.300295,4.074736,distributeur_sacs,Troyes,troyes,10387,10000,10,grand-est
12922857230,48.29741,4.067459,distributeur_sacs,Troyes,troyes,10387,10000,10,grand-est
12922831956,48.298462,4.070505,distributeur_sacs,Troyes,troyes,10387,10000,10,grand-est
12922899855,48.298957,4.072437,distributeur_sacs,Troyes,troyes,10387,10000,10,grand-est
13143947830,48.30235,4.077084,distributeur_sacs,Troyes,troyes,10387,10000,10,grand-est
13011630185,43.216416,2.22125,distributeur_sacs,Arzens,arzens,11018,11290,11,occitanie
13397383543,42.915591,2.207099,distributeur_sacs,Campagne-sur-Aude,campagne-sur-aude,11063,11260,11,occitanie
13397383532,42.915692,2.206137,distributeur_sacs,Campagne-sur-Aude,campagne-sur-aude,11063,11260,11,occitanie
12775512621,43.206678,2.363664,distributeur_sacs,Carcassonne,carcassonne,11069,11000,11,occitanie
12776350990,43.206398,2.362842,distributeur_sacs,Carcassonne,carcassonne,11069,11000,11,occitanie
4843488626,43.205808,2.367064,distributeur_sacs,Carcassonne,carcassonne,11069,11000,11,occitanie
4843488632,43.205792,2.367434,distributeur_sacs,Carcassonne,carcassonne,11069,11000,11,occitanie
4843488622,43.206109,2.366805,distributeur_sacs,Carcassonne,carcassonne,11069,11000,11,occitanie
12775759428,43.208017,2.364667,distributeur_sacs,Carcassonne,carcassonne,11069,11000,11,occitanie
12775822446,43.204911,2.36338,distributeur_sacs,Carcassonne,carcassonne,11069,11000,11,occitanie
13462624975,43.315528,1.953654,distributeur_sacs,Castelnaudary,castelnaudary,11076,11400,11,occitanie
13448900164,43.319493,1.955041,distributeur_sacs,Castelnaudary,castelnaudary,11076,11400,11,occitanie
7947737023,42.934525,2.220957,poubelle_dejections,Espéraza,esperaza,11129,11260,11,occitanie
5867697185,42.933727,2.221041,distributeur_sacs,Espéraza,esperaza,11129,11260,11,occitanie
13144193110,43.108827,3.090277,distributeur_sacs,Gruissan,gruissan,11170,11430,11,occitanie
12216145973,43.247676,1.97925,distributeur_sacs,Laurabuc,laurabuc,11195,11400,11,occitanie
12216145975,43.247514,1.980857,distributeur_sacs,Laurabuc,laurabuc,11195,11400,11,occitanie
12216145977,43.247106,1.981725,distributeur_sacs,Laurabuc,laurabuc,11195,11400,11,occitanie
11443801222,42.85579,3.044768,distributeur_sacs,Leucate,leucate,11202,11370,11,occitanie
11443801549,42.858177,3.045128,distributeur_sacs,Leucate,leucate,11202,11370,11,occitanie
11455861116,42.855028,3.044817,distributeur_sacs,Leucate,leucate,11202,11370,11,occitanie
13538561887,42.931175,3.038456,distributeur_sacs,Leucate,leucate,11202,11370,11,occitanie
12369571791,42.911236,3.025653,distributeur_sacs,Leucate,leucate,11202,11370,11,occitanie
12369584945,42.911236,3.025653,poubelle_dejections,Leucate,leucate,11202,11370,11,occitanie
12901427943,42.909918,3.025497,poubelle_dejections,Leucate,leucate,11202,11370,11,occitanie
5823765302,42.903011,3.052688,distributeur_sacs,Leucate,leucate,11202,11370,11,occitanie
13456501526,43.055419,2.21771,distributeur_sacs,Limoux,limoux,11206,11300,11,occitanie
13522411481,43.178095,2.785975,distributeur_sacs,Luc-sur-Orbieu,luc-sur-orbieu,11210,11200,11,occitanie
11118883436,43.204276,2.540182,distributeur_sacs,Marseillette,marseillette,11220,11800,11,occitanie
10275610357,43.199515,2.140202,distributeur_sacs,Montréal,montreal,11254,11290,11,occitanie
12983250111,43.102798,2.811723,distributeur_sacs,Montséret,montseret,11256,11200,11,occitanie
9872927136,43.187943,3.008115,distributeur_sacs,Narbonne,narbonne,11262,11100,11,occitanie
9221018196,43.17939,3.000584,distributeur_sacs,Narbonne,narbonne,11262,11100,11,occitanie
9881800870,43.023042,3.040304,distributeur_sacs,Port-la-Nouvelle,port-la-nouvelle,11266,11210,11,occitanie
13534686552,43.02069,3.050708,distributeur_sacs,Port-la-Nouvelle,port-la-nouvelle,11266,11210,11,occitanie
9919547452,42.857846,2.72137,distributeur_sacs,Paziols,paziols,11276,11350,11,occitanie
13448909125,43.269158,2.036359,distributeur_sacs,Pexiora,pexiora,11281,11150,11,occitanie
11063193860,43.222927,2.624827,distributeur_sacs,Puichéric,puicheric,11301,11700,11,occitanie
9942880793,42.89078,2.197618,distributeur_sacs,Quillan,quillan,11304,11500,11,occitanie
7862945562,42.876515,2.18453,poubelle_dejections,Quillan,quillan,11304,11500,11,occitanie
7978825287,42.87442,2.185398,poubelle_dejections,Quillan,quillan,11304,11500,11,occitanie
7813248111,42.874481,2.184958,poubelle_dejections,Quillan,quillan,11304,11500,11,occitanie
5841514777,42.87391,2.184962,poubelle_dejections,Quillan,quillan,11304,11500,11,occitanie
8032968451,42.873367,2.185802,poubelle_dejections,Quillan,quillan,11304,11500,11,occitanie
7776223799,42.873565,2.182869,poubelle_dejections,Quillan,quillan,11304,11500,11,occitanie
7842953214,42.874476,2.183974,poubelle_dejections,Quillan,quillan,11304,11500,11,occitanie
13422145501,42.875,2.18462,poubelle_dejections,Quillan,quillan,11304,11500,11,occitanie
5841514776,42.874379,2.182237,poubelle_dejections,Quillan,quillan,11304,11500,11,occitanie
13374164090,42.873814,2.17567,poubelle_dejections,Quillan,quillan,11304,11500,11,occitanie
13525032990,43.246686,2.802544,distributeur_sacs,Roubia,roubia,11324,11200,11,occitanie
7566427870,44.38738,2.334517,poubelle_dejections,Belcastel,belcastel,12024,12390,12,occitanie
7556475178,44.387539,2.337017,distributeur_sacs,Belcastel,belcastel,12024,12390,12,occitanie
12417468069,44.570072,2.079971,distributeur_sacs,Capdenac-Gare,capdenac-gare,12052,12700,12,occitanie
12441662274,44.573449,2.072988,distributeur_sacs,Capdenac-Gare,capdenac-gare,12052,12700,12,occitanie
12460873965,44.572119,2.072602,distributeur_sacs,Capdenac-Gare,capdenac-gare,12052,12700,12,occitanie
12460809777,44.574306,2.076353,distributeur_sacs,Capdenac-Gare,capdenac-gare,12052,12700,12,occitanie
12430844675,44.575721,2.077725,distributeur_sacs,Capdenac-Gare,capdenac-gare,12052,12700,12,occitanie
12459129846,44.576894,2.076587,poubelle_dejections,Capdenac-Gare,capdenac-gare,12052,12700,12,occitanie
12459142689,44.576911,2.076489,distributeur_sacs,Capdenac-Gare,capdenac-gare,12052,12700,12,occitanie
12465354862,44.577376,2.073373,distributeur_sacs,Capdenac-Gare,capdenac-gare,12052,12700,12,occitanie
12465338312,44.577405,2.073382,poubelle_dejections,Capdenac-Gare,capdenac-gare,12052,12700,12,occitanie
12459151623,44.575917,2.081246,distributeur_sacs,Capdenac-Gare,capdenac-gare,12052,12700,12,occitanie
12459137085,44.575934,2.081168,poubelle_dejections,Capdenac-Gare,capdenac-gare,12052,12700,12,occitanie
12421514613,44.574618,2.082982,distributeur_sacs,Capdenac-Gare,capdenac-gare,12052,12700,12,occitanie
12417470916,44.571688,2.079363,distributeur_sacs,Capdenac-Gare,capdenac-gare,12052,12700,12,occitanie
13357812346,44.00771,3.156435,distributeur_sacs,La Cavalerie,la-cavalerie,12063,12230,12,occitanie
13359875842,44.008235,3.157007,distributeur_sacs,La Cavalerie,la-cavalerie,12063,12230,12,occitanie
9178444539,44.526249,2.279788,distributeur_sacs,Cransac,cransac,12083,12110,12,occitanie
11793730825,44.643812,2.565292,distributeur_sacs,Entraygues-sur-Truyère,entraygues-sur-truyere,12094,12140,12,occitanie
12980327881,44.645266,2.565467,distributeur_sacs,Entraygues-sur-Truyère,entraygues-sur-truyere,12094,12140,12,occitanie
11803381325,44.6449,2.56365,distributeur_sacs,Entraygues-sur-Truyère,entraygues-sur-truyere,12094,12140,12,occitanie
13125167770,44.524667,2.758255,distributeur_sacs,Espalion,espalion,12096,12500,12,occitanie
13123680046,44.519832,2.759644,distributeur_sacs,Espalion,espalion,12096,12500,12,occitanie
4534581475,44.520952,2.760521,distributeur_sacs,Espalion,espalion,12096,12500,12,occitanie
13141141895,44.521385,2.762181,distributeur_sacs,Espalion,espalion,12096,12500,12,occitanie
13194581792,44.521227,2.765537,distributeur_sacs,Espalion,espalion,12096,12500,12,occitanie
13123084475,44.523243,2.764495,distributeur_sacs,Espalion,espalion,12096,12500,12,occitanie
13125232491,44.523506,2.762621,distributeur_sacs,Espalion,espalion,12096,12500,12,occitanie
13125173640,44.522747,2.762381,distributeur_sacs,Espalion,espalion,12096,12500,12,occitanie
4534581556,44.523907,2.760046,distributeur_sacs,Espalion,espalion,12096,12500,12,occitanie
13123042752,44.521356,2.772958,distributeur_sacs,Espalion,espalion,12096,12500,12,occitanie
10942346566,44.552976,2.674114,distributeur_sacs,Estaing,estaing,12098,12190,12,occitanie
10957100847,44.556603,2.670814,distributeur_sacs,Estaing,estaing,12098,12190,12,occitanie
2915272026,44.292245,2.561032,distributeur_sacs,Luc-la-Primaube,luc-la-primaube,12133,12450,12,occitanie
11524846629,44.288039,2.559993,distributeur_sacs,Luc-la-Primaube,luc-la-primaube,12133,12450,12,occitanie
13014423161,44.473654,2.463544,distributeur_sacs,Marcillac-Vallon,marcillac-vallon,12138,12330,12,occitanie
11682176424,44.473771,2.465435,distributeur_sacs,Marcillac-Vallon,marcillac-vallon,12138,12330,12,occitanie
11871309617,44.098202,3.076716,distributeur_sacs,Millau,millau,12145,12100,12,occitanie
13205371995,44.346756,2.553047,distributeur_sacs,Olemps,olemps,12174,12510,12,occitanie
7227151248,44.341424,2.55538,distributeur_sacs,Olemps,olemps,12174,12510,12,occitanie
5763139693,44.339555,2.551092,distributeur_sacs,Olemps,olemps,12174,12510,12,occitanie
5763139692,44.340305,2.554238,distributeur_sacs,Olemps,olemps,12174,12510,12,occitanie
5763138718,44.33993,2.564033,distributeur_sacs,Olemps,olemps,12174,12510,12,occitanie
7460506420,44.338581,2.558437,distributeur_sacs,Olemps,olemps,12174,12510,12,occitanie
7460506421,44.33765,2.557638,distributeur_sacs,Olemps,olemps,12174,12510,12,occitanie
5763139694,44.341111,2.557583,distributeur_sacs,Olemps,olemps,12174,12510,12,occitanie
5718019926,44.400952,2.56155,distributeur_sacs,Onet-le-Château,onet-le-chateau,12176,12850,12,occitanie
2427232618,44.401869,2.562332,distributeur_sacs,Onet-le-Château,onet-le-chateau,12176,12850,12,occitanie
13232356329,44.379882,2.57497,distributeur_sacs,Onet-le-Château,onet-le-chateau,12176,12850,12,occitanie
13232356330,44.375714,2.572335,distributeur_sacs,Onet-le-Château,onet-le-chateau,12176,12850,12,occitanie
7961097085,44.375714,2.572337,distributeur_sacs,Onet-le-Château,onet-le-chateau,12176,12850,12,occitanie
7961096998,44.37667,2.570404,distributeur_sacs,Onet-le-Château,onet-le-chateau,12176,12850,12,occitanie
7986132571,44.377926,2.570318,distributeur_sacs,Onet-le-Château,onet-le-chateau,12176,12850,12,occitanie
3525115951,44.373496,2.575432,poubelle_dejections,Onet-le-Château,onet-le-chateau,12176,12850,12,occitanie
10884187057,44.363306,2.593086,distributeur_sacs,Onet-le-Château,onet-le-chateau,12176,12850,12,occitanie
2895469970,44.364712,2.585122,distributeur_sacs,Onet-le-Château,onet-le-chateau,12176,12850,12,occitanie
8080713572,44.367387,2.583925,distributeur_sacs,Onet-le-Château,onet-le-chateau,12176,12850,12,occitanie
8629169110,44.370298,2.575753,distributeur_sacs,Onet-le-Château,onet-le-chateau,12176,12850,12,occitanie
3510655949,44.376795,2.582967,distributeur_sacs,Onet-le-Château,onet-le-chateau,12176,12850,12,occitanie
3306247165,44.363008,2.597959,poubelle_dejections,Onet-le-Château,onet-le-chateau,12176,12850,12,occitanie
3306247207,44.36345,2.597151,distributeur_sacs,Onet-le-Château,onet-le-chateau,12176,12850,12,occitanie
8617560080,44.362904,2.604374,distributeur_sacs,Onet-le-Château,onet-le-chateau,12176,12850,12,occitanie
8617559999,44.362275,2.603695,distributeur_sacs,Onet-le-Château,onet-le-chateau,12176,12850,12,occitanie
8145172765,44.364772,2.603507,distributeur_sacs,Onet-le-Château,onet-le-chateau,12176,12850,12,occitanie
6591706645,44.405812,2.286647,distributeur_sacs,Rignac,rignac,12199,12390,12,occitanie
3314831520,44.348189,2.576971,distributeur_sacs,Rodez,rodez,12202,12000,12,occitanie
4442220368,44.347539,2.577915,distributeur_sacs,Rodez,rodez,12202,12000,12,occitanie
3404164696,44.348703,2.57836,distributeur_sacs,Rodez,rodez,12202,12000,12,occitanie
9613323918,44.350585,2.578092,distributeur_sacs,Rodez,rodez,12202,12000,12,occitanie
10739218480,44.350625,2.577658,distributeur_sacs,Rodez,rodez,12202,12000,12,occitanie
2539548414,44.351384,2.576147,distributeur_sacs,Rodez,rodez,12202,12000,12,occitanie
4130892734,44.351737,2.57775,distributeur_sacs,Rodez,rodez,12202,12000,12,occitanie
11711597671,44.351672,2.576625,distributeur_sacs,Rodez,rodez,12202,12000,12,occitanie
10689616239,44.353793,2.577015,distributeur_sacs,Rodez,rodez,12202,12000,12,occitanie
6219679018,44.352704,2.576786,distributeur_sacs,Rodez,rodez,12202,12000,12,occitanie
10676854164,44.352347,2.578019,distributeur_sacs,Rodez,rodez,12202,12000,12,occitanie
4136270288,44.353592,2.581356,distributeur_sacs,Rodez,rodez,12202,12000,12,occitanie
9338824180,44.353933,2.588287,distributeur_sacs,Rodez,rodez,12202,12000,12,occitanie
8258049124,44.357985,2.585161,distributeur_sacs,Rodez,rodez,12202,12000,12,occitanie
8258025395,44.359142,2.585084,distributeur_sacs,Rodez,rodez,12202,12000,12,occitanie
3360296753,44.358937,2.580894,distributeur_sacs,Rodez,rodez,12202,12000,12,occitanie
10885399434,44.359102,2.581794,distributeur_sacs,Rodez,rodez,12202,12000,12,occitanie
2457870279,44.358172,2.581889,distributeur_sacs,Rodez,rodez,12202,12000,12,occitanie
8271820939,44.356354,2.584545,distributeur_sacs,Rodez,rodez,12202,12000,12,occitanie
11498441920,44.356806,2.581781,distributeur_sacs,Rodez,rodez,12202,12000,12,occitanie
7247238250,44.357098,2.581441,distributeur_sacs,Rodez,rodez,12202,12000,12,occitanie
13479241230,44.357137,2.578673,distributeur_sacs,Rodez,rodez,12202,12000,12,occitanie
3873265432,44.356228,2.577544,distributeur_sacs,Rodez,rodez,12202,12000,12,occitanie
10828158799,44.356143,2.57697,distributeur_sacs,Rodez,rodez,12202,12000,12,occitanie
3509896259,44.358116,2.579528,poubelle_dejections,Rodez,rodez,12202,12000,12,occitanie
8346340110,44.357074,2.570495,distributeur_sacs,Rodez,rodez,12202,12000,12,occitanie
3374964137,44.355586,2.568783,distributeur_sacs,Rodez,rodez,12202,12000,12,occitanie
9288944698,44.356726,2.568711,distributeur_sacs,Rodez,rodez,12202,12000,12,occitanie
2075250682,44.354125,2.570727,distributeur_sacs,Rodez,rodez,12202,12000,12,occitanie
10766598571,44.354406,2.574454,distributeur_sacs,Rodez,rodez,12202,12000,12,occitanie
8632720929,44.354704,2.573523,distributeur_sacs,Rodez,rodez,12202,12000,12,occitanie
2327359178,44.353987,2.573863,distributeur_sacs,Rodez,rodez,12202,12000,12,occitanie
2306522532,44.35308,2.571584,distributeur_sacs,Rodez,rodez,12202,12000,12,occitanie
3179231614,44.351896,2.574847,distributeur_sacs,Rodez,rodez,12202,12000,12,occitanie
3179231590,44.351051,2.575011,distributeur_sacs,Rodez,rodez,12202,12000,12,occitanie
3945668901,44.350241,2.574318,distributeur_sacs,Rodez,rodez,12202,12000,12,occitanie
2864179166,44.349753,2.574484,distributeur_sacs,Rodez,rodez,12202,12000,12,occitanie
3164798243,44.348952,2.575547,distributeur_sacs,Rodez,rodez,12202,12000,12,occitanie
3186976382,44.348214,2.574677,distributeur_sacs,Rodez,rodez,12202,12000,12,occitanie
2420876721,44.347728,2.575217,distributeur_sacs,Rodez,rodez,12202,12000,12,occitanie
10748662517,44.348746,2.573697,distributeur_sacs,Rodez,rodez,12202,12000,12,occitanie
2926193841,44.348533,2.571702,distributeur_sacs,Rodez,rodez,12202,12000,12,occitanie
10686380455,44.349255,2.572227,distributeur_sacs,Rodez,rodez,12202,12000,12,occitanie
10728475395,44.350523,2.572336,distributeur_sacs,Rodez,rodez,12202,12000,12,occitanie
8167649433,44.347501,2.570675,distributeur_sacs,Rodez,rodez,12202,12000,12,occitanie
13395508662,44.351884,2.570756,distributeur_sacs,Rodez,rodez,12202,12000,12,occitanie
13364334409,44.352468,2.563085,distributeur_sacs,Rodez,rodez,12202,12000,12,occitanie
1551977747,44.352322,2.564034,distributeur_sacs,Rodez,rodez,12202,12000,12,occitanie
13364334411,44.35292,2.560928,distributeur_sacs,Rodez,rodez,12202,12000,12,occitanie
2213325602,44.356927,2.558417,distributeur_sacs,Rodez,rodez,12202,12000,12,occitanie
4125811017,44.357716,2.559512,distributeur_sacs,Rodez,rodez,12202,12000,12,occitanie
2272469141,44.358965,2.555051,distributeur_sacs,Rodez,rodez,12202,12000,12,occitanie
13364334343,44.357693,2.556572,distributeur_sacs,Rodez,rodez,12202,12000,12,occitanie
9152602567,44.344184,2.563578,distributeur_sacs,Rodez,rodez,12202,12000,12,occitanie
7053142934,44.346991,2.57255,distributeur_sacs,Rodez,rodez,12202,12000,12,occitanie
4028567859,44.347313,2.573045,distributeur_sacs,Rodez,rodez,12202,12000,12,occitanie
4068240716,44.347333,2.573981,distributeur_sacs,Rodez,rodez,12202,12000,12,occitanie
3314831510,44.347016,2.575478,distributeur_sacs,Rodez,rodez,12202,12000,12,occitanie
7177489209,44.345508,2.574676,distributeur_sacs,Rodez,rodez,12202,12000,12,occitanie
2809029424,44.368914,2.554978,distributeur_sacs,Rodez,rodez,12202,12000,12,occitanie
6380844439,44.360625,2.555063,distributeur_sacs,Rodez,rodez,12202,12000,12,occitanie
7223069624,44.361301,2.555396,distributeur_sacs,Rodez,rodez,12202,12000,12,occitanie
11238643552,44.360551,2.556701,distributeur_sacs,Rodez,rodez,12202,12000,12,occitanie
13468996293,44.360532,2.557916,distributeur_sacs,Rodez,rodez,12202,12000,12,occitanie
8350509043,44.362428,2.574,distributeur_sacs,Rodez,rodez,12202,12000,12,occitanie
5998649893,44.361831,2.577124,distributeur_sacs,Rodez,rodez,12202,12000,12,occitanie
5998649903,44.360583,2.577629,poubelle_dejections,Rodez,rodez,12202,12000,12,occitanie
10891396673,44.36215,2.578021,distributeur_sacs,Rodez,rodez,12202,12000,12,occitanie
8350508931,44.362172,2.57747,distributeur_sacs,Rodez,rodez,12202,12000,12,occitanie
7243651324,44.360785,2.583065,distributeur_sacs,Rodez,rodez,12202,12000,12,occitanie
10557099671,44.400446,1.980618,distributeur_sacs,Sainte-Croix,sainte-croix,12217,12260,12,occitanie
10801441209,44.426325,1.966192,poubelle_dejections,Sainte-Croix,sainte-croix,12217,12260,12,occitanie
6886311348,44.399316,2.59631,distributeur_sacs,Sébazac-Concourès,sebazac-concoures,12264,12740,12,occitanie
9943019586,44.322712,3.069651,distributeur_sacs,Sévérac d'Aveyron,severac-daveyron,12270,12150,12,occitanie
10801359666,44.438381,2.032951,poubelle_dejections,Villeneuve,villeneuve,12301,12260,12,occitanie
12703172117,44.437073,2.032634,distributeur_sacs,Villeneuve,villeneuve,12301,12260,12,occitanie
11862392400,43.532272,5.450758,distributeur_sacs,Aix-en-Provence,aix-en-provence,13001,13080/13090/13100/13290/13540,13,provence-alpes-cote-d-azur
13252262776,43.685206,4.611092,distributeur_sacs,Arles,arles,13004,13200,13,provence-alpes-cote-d-azur
11569975313,43.689136,4.639337,distributeur_sacs,Arles,arles,13004,13200,13,provence-alpes-cote-d-azur
4706506995,43.744898,4.795467,distributeur_sacs,Les Baux-de-Provence,les-baux-de-provence,13011,13520,13,provence-alpes-cote-d-azur
8489882768,43.742905,4.794252,distributeur_sacs,Les Baux-de-Provence,les-baux-de-provence,13011,13520,13,provence-alpes-cote-d-azur
12691955597,43.452274,5.411971,distributeur_sacs,Bouc-Bel-Air,bouc-bel-air,13015,13320,13,provence-alpes-cote-d-azur
7239668553,43.563538,5.071869,distributeur_sacs,Cornillon-Confoux,cornillon-confoux,13029,13250,13,provence-alpes-cote-d-azur
7206586702,43.562996,5.072206,distributeur_sacs,Cornillon-Confoux,cornillon-confoux,13029,13250,13,provence-alpes-cote-d-azur
7187366400,43.561102,5.072657,distributeur_sacs,Cornillon-Confoux,cornillon-confoux,13029,13250,13,provence-alpes-cote-d-azur
12648172846,43.453749,5.562716,poubelle_dejections,Fuveau,fuveau,13040,13710,13,provence-alpes-cote-d-azur
13393910941,43.295954,5.629228,distributeur_sacs,Gémenos,gemenos,13042,13420,13,provence-alpes-cote-d-azur
11118971320,43.515231,4.981013,distributeur_sacs,Istres,istres,13047,13800,13,provence-alpes-cote-d-azur
10118362974,43.298798,5.489616,poubelle_dejections,Marseille,marseille,13055,00000,13,provence-alpes-cote-d-azur
12325567367,43.263504,5.402193,distributeur_sacs,Marseille,marseille,13055,00000,13,provence-alpes-cote-d-azur
5141331118,43.250032,5.417977,distributeur_sacs,Marseille,marseille,13055,00000,13,provence-alpes-cote-d-azur
5139657817,43.25086,5.419976,distributeur_sacs,Marseille,marseille,13055,00000,13,provence-alpes-cote-d-azur
5141325723,43.251984,5.418861,distributeur_sacs,Marseille,marseille,13055,00000,13,provence-alpes-cote-d-azur
8283996995,43.314623,5.397469,poubelle_dejections,Marseille,marseille,13055,00000,13,provence-alpes-cote-d-azur
8283997006,43.315375,5.398243,poubelle_dejections,Marseille,marseille,13055,00000,13,provence-alpes-cote-d-azur
8283997004,43.31523,5.398031,poubelle_dejections,Marseille,marseille,13055,00000,13,provence-alpes-cote-d-azur
8283996996,43.314859,5.397725,poubelle_dejections,Marseille,marseille,13055,00000,13,provence-alpes-cote-d-azur
5312136242,43.337848,5.052181,distributeur_sacs,Martigues,martigues,13056,13500,13,provence-alpes-cote-d-azur
5751525299,43.330367,5.078918,poubelle_dejections,Martigues,martigues,13056,13500,13,provence-alpes-cote-d-azur
5312159923,43.330345,5.078877,distributeur_sacs,Martigues,martigues,13056,13500,13,provence-alpes-cote-d-azur
13141464747,43.687558,4.878679,distributeur_sacs,Mouriès,mouries,13065,13890,13,provence-alpes-cote-d-azur
12709754350,43.633465,5.141108,distributeur_sacs,Pélissanne,pelissanne,13069,13330,13,provence-alpes-cote-d-azur
12709714397,43.633831,5.150804,poubelle_dejections,Pélissanne,pelissanne,13069,13330,13,provence-alpes-cote-d-azur
12097690641,43.632446,4.80743,distributeur_sacs,Saint-Martin-de-Crau,saint-martin-de-crau,13097,13310,13,provence-alpes-cote-d-azur
11872652106,43.642396,5.097254,poubelle_dejections,Salon-de-Provence,salon-de-provence,13103,13300,13,provence-alpes-cote-d-azur
11121555589,43.332593,5.11009,distributeur_sacs,Sausset-les-Pins,sausset-les-pins,13104,13960,13,provence-alpes-cote-d-azur
13142824732,43.532913,5.245461,distributeur_sacs,Velaux,velaux,13112,13880,13,provence-alpes-cote-d-azur
9554034539,43.533691,5.248104,distributeur_sacs,Velaux,velaux,13112,13880,13,provence-alpes-cote-d-azur
10029026994,43.533556,5.257493,distributeur_sacs,Velaux,velaux,13112,13880,13,provence-alpes-cote-d-azur
10029145838,43.530651,5.255206,distributeur_sacs,Velaux,velaux,13112,13880,13,provence-alpes-cote-d-azur
10267232958,43.528198,5.254117,distributeur_sacs,Velaux,velaux,13112,13880,13,provence-alpes-cote-d-azur
9556191787,43.527443,5.255974,distributeur_sacs,Velaux,velaux,13112,13880,13,provence-alpes-cote-d-azur
11978125542,43.528736,5.257089,distributeur_sacs,Velaux,velaux,13112,13880,13,provence-alpes-cote-d-azur
11399955415,43.523951,5.260233,distributeur_sacs,Velaux,velaux,13112,13880,13,provence-alpes-cote-d-azur
9571365999,43.522377,5.25331,distributeur_sacs,Velaux,velaux,13112,13880,13,provence-alpes-cote-d-azur
10267405960,43.521854,5.253143,distributeur_sacs,Velaux,velaux,13112,13880,13,provence-alpes-cote-d-azur
9571366013,43.522989,5.252496,distributeur_sacs,Velaux,velaux,13112,13880,13,provence-alpes-cote-d-azur
9878368347,43.523836,5.25302,distributeur_sacs,Velaux,velaux,13112,13880,13,provence-alpes-cote-d-azur
9590693306,43.524177,5.253322,distributeur_sacs,Velaux,velaux,13112,13880,13,provence-alpes-cote-d-azur
10267232957,43.523944,5.253997,distributeur_sacs,Velaux,velaux,13112,13880,13,provence-alpes-cote-d-azur
9878368348,43.523128,5.253768,distributeur_sacs,Velaux,velaux,13112,13880,13,provence-alpes-cote-d-azur
9540348867,43.522678,5.254503,distributeur_sacs,Velaux,velaux,13112,13880,13,provence-alpes-cote-d-azur
9540348868,43.523005,5.255193,distributeur_sacs,Velaux,velaux,13112,13880,13,provence-alpes-cote-d-azur
9571365998,43.522602,5.25227,distributeur_sacs,Velaux,velaux,13112,13880,13,provence-alpes-cote-d-azur
12291514372,43.538668,5.293359,distributeur_sacs,Ventabren,ventabren,13114,13122,13,provence-alpes-cote-d-azur
12291514370,43.538769,5.293061,distributeur_sacs,Ventabren,ventabren,13114,13122,13,provence-alpes-cote-d-azur
12310142115,43.686657,5.170335,distributeur_sacs,Vernègues,vernegues,13115,13116,13,provence-alpes-cote-d-azur
13192804821,49.340444,-0.623002,distributeur_sacs,Arromanches-les-Bains,arromanches-les-bains,14021,14117,14,normandie
9003317409,49.211236,-0.183999,distributeur_sacs,Bavent,bavent,14046,14860,14,normandie
5691164786,49.27841,-0.706186,distributeur_sacs,Bayeux,bayeux,14047,14400,14,normandie
7685863852,49.275504,-0.702713,distributeur_sacs,Bayeux,bayeux,14047,14400,14,normandie
9544573169,49.125948,-0.21189,distributeur_sacs,Bellengreville,bellengreville,14057,14370,14,normandie
12569181865,49.246573,-0.274181,distributeur_sacs,Bénouville,benouville,14060,14970,14,normandie
12569181857,49.246808,-0.275537,distributeur_sacs,Bénouville,benouville,14060,14970,14,normandie
12884020445,48.936932,-0.838969,distributeur_sacs,Souleuvre en Bocage,souleuvre-en-bocage,14061,14350,14,normandie
11987254846,49.235771,-0.332298,distributeur_sacs,Biéville-Beuville,bieville-beuville,14068,14112,14,normandie
8224111646,49.23152,-0.296654,distributeur_sacs,Blainville-sur-Orne,blainville-sur-orne,14076,14550,14,normandie
12599194323,49.229047,-0.298313,distributeur_sacs,Blainville-sur-Orne,blainville-sur-orne,14076,14550,14,normandie
12599194328,49.228204,-0.297984,distributeur_sacs,Blainville-sur-Orne,blainville-sur-orne,14076,14550,14,normandie
12599194318,49.229088,-0.299964,distributeur_sacs,Blainville-sur-Orne,blainville-sur-orne,14076,14550,14,normandie
12599194312,49.228569,-0.30189,distributeur_sacs,Blainville-sur-Orne,blainville-sur-orne,14076,14550,14,normandie
12597002769,49.227359,-0.30621,distributeur_sacs,Blainville-sur-Orne,blainville-sur-orne,14076,14550,14,normandie
12017219755,49.229729,-0.308062,distributeur_sacs,Blainville-sur-Orne,blainville-sur-orne,14076,14550,14,normandie
12597002766,49.225668,-0.308721,distributeur_sacs,Blainville-sur-Orne,blainville-sur-orne,14076,14550,14,normandie
8220901306,49.224357,-0.31143,distributeur_sacs,Blainville-sur-Orne,blainville-sur-orne,14076,14550,14,normandie
13529599310,49.339779,0.030676,distributeur_sacs,Blonville-sur-Mer,blonville-sur-mer,14079,14910,14,normandie
12894723935,49.122237,-0.297036,distributeur_sacs,Bourguébus,bourguebus,14092,14540,14,normandie
12541560769,49.211366,-0.512095,distributeur_sacs,Thue et Mue,thue-et-mue,14098,14740,14,normandie
12652682284,49.168058,-0.413142,distributeur_sacs,Bretteville-sur-Odon,bretteville-sur-odon,14101,14760,14,normandie
12290226581,49.168759,-0.407174,distributeur_sacs,Bretteville-sur-Odon,bretteville-sur-odon,14101,14760,14,normandie
5020516418,49.291295,-0.129612,distributeur_sacs,Cabourg,cabourg,14117,14390,14,normandie
5019981673,49.292592,-0.123087,distributeur_sacs,Cabourg,cabourg,14117,14390,14,normandie
5019981672,49.292818,-0.122004,distributeur_sacs,Cabourg,cabourg,14117,14390,14,normandie
5019981667,49.293002,-0.121049,distributeur_sacs,Cabourg,cabourg,14117,14390,14,normandie
5019981665,49.293362,-0.119381,distributeur_sacs,Cabourg,cabourg,14117,14390,14,normandie
5019981653,49.29448,-0.11387,distributeur_sacs,Cabourg,cabourg,14117,14390,14,normandie
5019981655,49.29435,-0.114545,distributeur_sacs,Cabourg,cabourg,14117,14390,14,normandie
5019981649,49.294591,-0.113291,distributeur_sacs,Cabourg,cabourg,14117,14390,14,normandie
5019981644,49.294735,-0.112641,distributeur_sacs,Cabourg,cabourg,14117,14390,14,normandie
5019981642,49.294994,-0.111387,distributeur_sacs,Cabourg,cabourg,14117,14390,14,normandie
5019981635,49.295767,-0.107619,distributeur_sacs,Cabourg,cabourg,14117,14390,14,normandie
12081088492,49.282554,-0.11948,distributeur_sacs,Cabourg,cabourg,14117,14390,14,normandie
12081088491,49.282689,-0.120691,distributeur_sacs,Cabourg,cabourg,14117,14390,14,normandie
5020516407,49.289859,-0.137702,distributeur_sacs,Cabourg,cabourg,14117,14390,14,normandie
12159802363,49.194805,-0.400032,distributeur_sacs,Caen,caen,14118,14000,14,normandie
12183786409,49.206383,-0.382247,distributeur_sacs,Caen,caen,14118,14000,14,normandie
13563774850,49.211189,-0.376837,distributeur_sacs,Caen,caen,14118,14000,14,normandie
12392586072,49.20553,-0.374134,distributeur_sacs,Caen,caen,14118,14000,14,normandie
10873848944,49.204512,-0.378578,distributeur_sacs,Caen,caen,14118,14000,14,normandie
10872192204,49.20321,-0.378837,distributeur_sacs,Caen,caen,14118,14000,14,normandie
12276847292,49.200829,-0.382485,distributeur_sacs,Caen,caen,14118,14000,14,normandie
10872929585,49.202438,-0.38105,distributeur_sacs,Caen,caen,14118,14000,14,normandie
10856618841,49.194693,-0.381586,distributeur_sacs,Caen,caen,14118,14000,14,normandie
12105939377,49.198942,-0.365328,distributeur_sacs,Caen,caen,14118,14000,14,normandie
12623971838,49.198066,-0.348003,distributeur_sacs,Caen,caen,14118,14000,14,normandie
12623971848,49.197294,-0.347088,distributeur_sacs,Caen,caen,14118,14000,14,normandie
8203345570,49.190435,-0.340022,distributeur_sacs,Caen,caen,14118,14000,14,normandie
12239767615,49.182472,-0.34872,distributeur_sacs,Caen,caen,14118,14000,14,normandie
11811938790,49.185379,-0.346732,distributeur_sacs,Caen,caen,14118,14000,14,normandie
11811982060,49.186542,-0.347741,distributeur_sacs,Caen,caen,14118,14000,14,normandie
12610735052,49.191696,-0.342927,distributeur_sacs,Caen,caen,14118,14000,14,normandie
12610735597,49.191489,-0.347649,distributeur_sacs,Caen,caen,14118,14000,14,normandie
12616749257,49.190956,-0.354844,distributeur_sacs,Caen,caen,14118,14000,14,normandie
12708690358,49.187702,-0.366591,distributeur_sacs,Caen,caen,14118,14000,14,normandie
12176680608,49.184458,-0.363927,distributeur_sacs,Caen,caen,14118,14000,14,normandie
12229238553,49.18357,-0.364411,distributeur_sacs,Caen,caen,14118,14000,14,normandie
12869249904,49.184832,-0.365045,distributeur_sacs,Caen,caen,14118,14000,14,normandie
12247754147,49.182786,-0.362829,distributeur_sacs,Caen,caen,14118,14000,14,normandie
11811979108,49.183407,-0.35865,distributeur_sacs,Caen,caen,14118,14000,14,normandie
11809699589,49.183409,-0.354402,distributeur_sacs,Caen,caen,14118,14000,14,normandie
12146816891,49.183682,-0.356874,distributeur_sacs,Caen,caen,14118,14000,14,normandie
11985342652,49.185909,-0.356117,poubelle_dejections,Caen,caen,14118,14000,14,normandie
12405620371,49.185036,-0.35214,distributeur_sacs,Caen,caen,14118,14000,14,normandie
12670909030,49.18544,-0.352387,distributeur_sacs,Caen,caen,14118,14000,14,normandie
12149898545,49.185918,-0.35328,distributeur_sacs,Caen,caen,14118,14000,14,normandie
11944742594,49.186867,-0.35383,distributeur_sacs,Caen,caen,14118,14000,14,normandie
11198729824,49.187058,-0.352922,distributeur_sacs,Caen,caen,14118,14000,14,normandie
12150102364,49.185555,-0.35035,distributeur_sacs,Caen,caen,14118,14000,14,normandie
12945263066,49.184202,-0.351197,distributeur_sacs,Caen,caen,14118,14000,14,normandie
11809699592,49.18388,-0.352717,distributeur_sacs,Caen,caen,14118,14000,14,normandie
5167389543,49.182458,-0.351996,distributeur_sacs,Caen,caen,14118,14000,14,normandie
12471111207,49.177646,-0.356206,distributeur_sacs,Caen,caen,14118,14000,14,normandie
5495410928,49.177743,-0.355603,distributeur_sacs,Caen,caen,14118,14000,14,normandie
11921511562,49.176,-0.3583,distributeur_sacs,Caen,caen,14118,14000,14,normandie
11002472105,49.177802,-0.357564,distributeur_sacs,Caen,caen,14118,14000,14,normandie
11006051717,49.179028,-0.354383,distributeur_sacs,Caen,caen,14118,14000,14,normandie
9142796256,49.181208,-0.355928,distributeur_sacs,Caen,caen,14118,14000,14,normandie
12221870225,49.179356,-0.366991,distributeur_sacs,Caen,caen,14118,14000,14,normandie
12343326530,49.178197,-0.367487,distributeur_sacs,Caen,caen,14118,14000,14,normandie
10980742640,49.178846,-0.362113,distributeur_sacs,Caen,caen,14118,14000,14,normandie
12553941922,49.170893,-0.364078,distributeur_sacs,Caen,caen,14118,14000,14,normandie
3055608340,49.170738,-0.362499,distributeur_sacs,Caen,caen,14118,14000,14,normandie
11991858636,49.170418,-0.358732,distributeur_sacs,Caen,caen,14118,14000,14,normandie
12033863198,49.170039,-0.354476,distributeur_sacs,Caen,caen,14118,14000,14,normandie
12657379899,49.174122,-0.357213,distributeur_sacs,Caen,caen,14118,14000,14,normandie
12001076913,49.173646,-0.355837,distributeur_sacs,Caen,caen,14118,14000,14,normandie
12181649911,49.173262,-0.353064,distributeur_sacs,Caen,caen,14118,14000,14,normandie
11608637350,49.174741,-0.351123,distributeur_sacs,Caen,caen,14118,14000,14,normandie
12653851421,49.170326,-0.353453,distributeur_sacs,Caen,caen,14118,14000,14,normandie
12110366705,49.172724,-0.340917,distributeur_sacs,Caen,caen,14118,14000,14,normandie
12110366775,49.173676,-0.344758,distributeur_sacs,Caen,caen,14118,14000,14,normandie
12107965881,49.175031,-0.344883,distributeur_sacs,Caen,caen,14118,14000,14,normandie
11809256853,49.181011,-0.349103,distributeur_sacs,Caen,caen,14118,14000,14,normandie
12550854731,49.160063,-0.343739,distributeur_sacs,Caen,caen,14118,14000,14,normandie
12694844693,49.169287,-0.342929,distributeur_sacs,Caen,caen,14118,14000,14,normandie
12692897359,49.167057,-0.346014,distributeur_sacs,Caen,caen,14118,14000,14,normandie
12652833041,49.16877,-0.356527,distributeur_sacs,Caen,caen,14118,14000,14,normandie
12009299118,49.16967,-0.361509,distributeur_sacs,Caen,caen,14118,14000,14,normandie
12651854940,49.161258,-0.359329,distributeur_sacs,Caen,caen,14118,14000,14,normandie
12652073720,49.160409,-0.362819,distributeur_sacs,Caen,caen,14118,14000,14,normandie
12651854965,49.160429,-0.360589,distributeur_sacs,Caen,caen,14118,14000,14,normandie
5651379520,49.168827,-0.388692,distributeur_sacs,Caen,caen,14118,14000,14,normandie
11925402916,49.170615,-0.401435,distributeur_sacs,Caen,caen,14118,14000,14,normandie
13515490418,49.175072,-0.395931,distributeur_sacs,Caen,caen,14118,14000,14,normandie
12639551702,49.175191,-0.399633,distributeur_sacs,Caen,caen,14118,14000,14,normandie
12057014141,49.173158,-0.404109,distributeur_sacs,Caen,caen,14118,14000,14,normandie
11598386439,49.181294,-0.387284,distributeur_sacs,Caen,caen,14118,14000,14,normandie
11598548222,49.177602,-0.387215,distributeur_sacs,Caen,caen,14118,14000,14,normandie
11804974575,49.175232,-0.38744,distributeur_sacs,Caen,caen,14118,14000,14,normandie
12734705656,49.174513,-0.391378,distributeur_sacs,Caen,caen,14118,14000,14,normandie
11921934738,49.175434,-0.392525,distributeur_sacs,Caen,caen,14118,14000,14,normandie
11928069684,49.174037,-0.394643,distributeur_sacs,Caen,caen,14118,14000,14,normandie
11949494587,49.172818,-0.394151,distributeur_sacs,Caen,caen,14118,14000,14,normandie
12138700922,49.172283,-0.384684,distributeur_sacs,Caen,caen,14118,14000,14,normandie
7244827127,49.175253,-0.382808,distributeur_sacs,Caen,caen,14118,14000,14,normandie
11973547681,49.174967,-0.377619,distributeur_sacs,Caen,caen,14118,14000,14,normandie
11920547743,49.181827,-0.370338,distributeur_sacs,Caen,caen,14118,14000,14,normandie
10921128533,49.181803,-0.374148,distributeur_sacs,Caen,caen,14118,14000,14,normandie
12106921890,49.181068,-0.376912,distributeur_sacs,Caen,caen,14118,14000,14,normandie
12080204004,49.181448,-0.379612,distributeur_sacs,Caen,caen,14118,14000,14,normandie
9247068873,49.179611,-0.380923,distributeur_sacs,Caen,caen,14118,14000,14,normandie
11998834186,49.178727,-0.378755,distributeur_sacs,Caen,caen,14118,14000,14,normandie
12626159681,49.181669,-0.385892,distributeur_sacs,Caen,caen,14118,14000,14,normandie
4142936194,49.183763,-0.378344,distributeur_sacs,Caen,caen,14118,14000,14,normandie
12106921835,49.182115,-0.380903,distributeur_sacs,Caen,caen,14118,14000,14,normandie
3811636678,49.182496,-0.37497,distributeur_sacs,Caen,caen,14118,14000,14,normandie
12762249205,49.183169,-0.375437,distributeur_sacs,Caen,caen,14118,14000,14,normandie
4142936195,49.183993,-0.37575,distributeur_sacs,Caen,caen,14118,14000,14,normandie
9795230774,49.184148,-0.369329,distributeur_sacs,Caen,caen,14118,14000,14,normandie
12376105920,49.185516,-0.371412,distributeur_sacs,Caen,caen,14118,14000,14,normandie
4852043859,49.187593,-0.369842,distributeur_sacs,Caen,caen,14118,14000,14,normandie
11198712734,49.187778,-0.37098,distributeur_sacs,Caen,caen,14118,14000,14,normandie
5194392048,49.190158,-0.373786,distributeur_sacs,Caen,caen,14118,14000,14,normandie
11198720668,49.190159,-0.373789,distributeur_sacs,Caen,caen,14118,14000,14,normandie
11966136297,49.189376,-0.369438,distributeur_sacs,Caen,caen,14118,14000,14,normandie
11929198180,49.188416,-0.378486,distributeur_sacs,Caen,caen,14118,14000,14,normandie
12630533131,49.188218,-0.382365,distributeur_sacs,Caen,caen,14118,14000,14,normandie
12633874442,49.18803,-0.385418,distributeur_sacs,Caen,caen,14118,14000,14,normandie
12561032591,49.193031,-0.394119,distributeur_sacs,Caen,caen,14118,14000,14,normandie
12592735524,49.191189,-0.394415,distributeur_sacs,Caen,caen,14118,14000,14,normandie
12586055713,49.192048,-0.391203,distributeur_sacs,Caen,caen,14118,14000,14,normandie
12634087261,49.187592,-0.387697,distributeur_sacs,Caen,caen,14118,14000,14,normandie
12648028530,49.18432,-0.392859,distributeur_sacs,Caen,caen,14118,14000,14,normandie
11953599034,49.186045,-0.399761,distributeur_sacs,Caen,caen,14118,14000,14,normandie
12153219843,49.182103,-0.398661,distributeur_sacs,Caen,caen,14118,14000,14,normandie
11936843932,49.188723,-0.402736,distributeur_sacs,Caen,caen,14118,14000,14,normandie
12112573815,49.190451,-0.396735,distributeur_sacs,Caen,caen,14118,14000,14,normandie
12591325759,49.189918,-0.398458,distributeur_sacs,Caen,caen,14118,14000,14,normandie
12560105612,49.192491,-0.404304,distributeur_sacs,Caen,caen,14118,14000,14,normandie
13192060441,49.189042,-0.405035,distributeur_sacs,Caen,caen,14118,14000,14,normandie
11955375526,49.343662,-1.003594,distributeur_sacs,La Cambe,la-cambe,14124,14230,14,normandie
12057799031,49.188496,-0.415039,distributeur_sacs,Carpiquet,carpiquet,14137,14650,14,normandie
12177886361,49.187337,-0.416816,distributeur_sacs,Carpiquet,carpiquet,14137,14650,14,normandie
12354118757,49.18328,-0.440508,distributeur_sacs,Carpiquet,carpiquet,14137,14650,14,normandie
13013693465,49.183491,-0.441376,distributeur_sacs,Carpiquet,carpiquet,14137,14650,14,normandie
12309276616,49.185015,-0.454597,distributeur_sacs,Carpiquet,carpiquet,14137,14650,14,normandie
12309259722,49.185015,-0.454586,distributeur_sacs,Carpiquet,carpiquet,14137,14650,14,normandie
12309255278,49.18513,-0.455708,distributeur_sacs,Carpiquet,carpiquet,14137,14650,14,normandie
11983851753,49.183839,-0.443661,poubelle_dejections,Carpiquet,carpiquet,14137,14650,14,normandie
11983851752,49.183838,-0.443656,distributeur_sacs,Carpiquet,carpiquet,14137,14650,14,normandie
11778858027,49.29399,-0.285301,distributeur_sacs,Colleville-Montgomery,colleville-montgomery,14166,14880,14,normandie
7692933683,49.204257,-0.298513,distributeur_sacs,Colombelles,colombelles,14167,14460,14,normandie
12610338521,49.204626,-0.296874,distributeur_sacs,Colombelles,colombelles,14167,14460,14,normandie
12610095818,49.205126,-0.29489,distributeur_sacs,Colombelles,colombelles,14167,14460,14,normandie
12609910798,49.202913,-0.296985,distributeur_sacs,Colombelles,colombelles,14167,14460,14,normandie
11875029082,49.154072,-0.327974,distributeur_sacs,Cormelles-le-Royal,cormelles-le-royal,14181,14123,14,normandie
11875027423,49.156564,-0.326673,distributeur_sacs,Cormelles-le-Royal,cormelles-le-royal,14181,14123,14,normandie
12177373275,49.288532,-0.355268,distributeur_sacs,Cresserons,cresserons,14197,14440,14,normandie
12999151032,49.189307,-0.272548,distributeur_sacs,Cuverville,cuverville,14215,14840,14,normandie
13296746563,49.194388,-0.26874,distributeur_sacs,Cuverville,cuverville,14215,14840,14,normandie
13296661671,49.194388,-0.26874,poubelle_dejections,Cuverville,cuverville,14215,14840,14,normandie
12921820010,49.194766,-0.266401,distributeur_sacs,Cuverville,cuverville,14215,14840,14,normandie
12921804732,49.194766,-0.2664,poubelle_dejections,Cuverville,cuverville,14215,14840,14,normandie
11027629721,49.261118,0.018594,distributeur_sacs,Danestal,danestal,14218,14430,14,normandie
12906247498,49.188184,-0.274117,distributeur_sacs,Démouville,demouville,14221,14840,14,normandie
13063809992,49.186884,-0.268628,distributeur_sacs,Démouville,demouville,14221,14840,14,normandie
12999145875,49.186997,-0.271865,distributeur_sacs,Démouville,demouville,14221,14840,14,normandie
13063851412,49.1866,-0.272643,distributeur_sacs,Démouville,demouville,14221,14840,14,normandie
13031868172,49.178197,-0.268931,distributeur_sacs,Démouville,demouville,14221,14840,14,normandie
8536085782,49.180384,-0.271242,distributeur_sacs,Démouville,demouville,14221,14840,14,normandie
7284452131,49.291181,-0.098912,distributeur_sacs,Dives-sur-Mer,dives-sur-mer,14225,14160,14,normandie
12125401058,49.293363,-0.091474,poubelle_dejections,Dives-sur-Mer,dives-sur-mer,14225,14160,14,normandie
9000457165,49.229558,-0.039789,distributeur_sacs,Dozulé,dozule,14229,14430,14,normandie
12872645601,49.144311,-0.4278,distributeur_sacs,Éterville,eterville,14254,14930,14,normandie
12872645424,49.148582,-0.42277,distributeur_sacs,Éterville,eterville,14254,14930,14,normandie
12019750186,49.159184,-0.36798,distributeur_sacs,Fleury-sur-Orne,fleury-sur-orne,14271,14123,14,normandie
12649590527,49.145804,-0.375257,distributeur_sacs,Fleury-sur-Orne,fleury-sur-orne,14271,14123,14,normandie
12649383244,49.147362,-0.37756,distributeur_sacs,Fleury-sur-Orne,fleury-sur-orne,14271,14123,14,normandie
12649590567,49.14601,-0.377485,distributeur_sacs,Fleury-sur-Orne,fleury-sur-orne,14271,14123,14,normandie
12649476241,49.148184,-0.376328,distributeur_sacs,Fleury-sur-Orne,fleury-sur-orne,14271,14123,14,normandie
12649177756,49.149482,-0.372531,distributeur_sacs,Fleury-sur-Orne,fleury-sur-orne,14271,14123,14,normandie
12649177752,49.14955,-0.374013,distributeur_sacs,Fleury-sur-Orne,fleury-sur-orne,14271,14123,14,normandie
12642882456,49.143681,-0.456442,distributeur_sacs,Fontaine-Étoupefour,fontaine-etoupefour,14274,14790,14,normandie
12506765892,49.183741,-0.28734,distributeur_sacs,Giberville,giberville,14301,14730,14,normandie
12886389753,49.014293,-0.267874,distributeur_sacs,Grainville-Langannerie,grainville-langannerie,14310,14190,14,normandie
12182786991,49.138499,-0.528065,distributeur_sacs,Grainville-sur-Odon,grainville-sur-odon,14311,14210,14,normandie
9365758473,49.381343,-1.056038,distributeur_sacs,Grandcamp-Maisy,grandcamp-maisy,14312,14450,14,normandie
12605148723,49.200628,-0.339712,distributeur_sacs,Hérouville-Saint-Clair,herouville-saint-clair,14327,14200,14,normandie
12605148701,49.20127,-0.339314,distributeur_sacs,Hérouville-Saint-Clair,herouville-saint-clair,14327,14200,14,normandie
11954195599,49.201964,-0.333752,distributeur_sacs,Hérouville-Saint-Clair,herouville-saint-clair,14327,14200,14,normandie
12605272253,49.201622,-0.34311,distributeur_sacs,Hérouville-Saint-Clair,herouville-saint-clair,14327,14200,14,normandie
12599467909,49.203064,-0.34502,distributeur_sacs,Hérouville-Saint-Clair,herouville-saint-clair,14327,14200,14,normandie
12847254269,49.195423,-0.326147,distributeur_sacs,Hérouville-Saint-Clair,herouville-saint-clair,14327,14200,14,normandie
8234080090,49.219721,-0.244498,distributeur_sacs,Hérouvillette,herouvillette,14328,14850,14,normandie
12133771325,49.42209,0.229087,distributeur_sacs,Honfleur,honfleur,14333,14600,14,normandie
12872810047,49.42257,0.23082,distributeur_sacs,Honfleur,honfleur,14333,14600,14,normandie
12872779526,49.422813,0.230459,distributeur_sacs,Honfleur,honfleur,14333,14600,14,normandie
12039815165,49.417692,0.235018,distributeur_sacs,Honfleur,honfleur,14333,14600,14,normandie
11420098413,49.405465,0.243386,distributeur_sacs,Honfleur,honfleur,14333,14600,14,normandie
12369818035,49.409129,0.247546,distributeur_sacs,Honfleur,honfleur,14333,14600,14,normandie
12139259728,49.294819,-0.074034,distributeur_sacs,Houlgate,houlgate,14338,14510,14,normandie
12139266296,49.29678,-0.077997,distributeur_sacs,Houlgate,houlgate,14338,14510,14,normandie
12147299652,49.302749,-0.079337,distributeur_sacs,Houlgate,houlgate,14338,14510,14,normandie
12147277228,49.304134,-0.07457,distributeur_sacs,Houlgate,houlgate,14338,14510,14,normandie
8988532067,49.305782,-0.071305,distributeur_sacs,Houlgate,houlgate,14338,14510,14,normandie
8988532070,49.306168,-0.071309,distributeur_sacs,Houlgate,houlgate,14338,14510,14,normandie
12145554402,49.298246,-0.067519,distributeur_sacs,Houlgate,houlgate,14338,14510,14,normandie
12194570915,49.156444,-0.348517,distributeur_sacs,Ifs,ifs,14341,14123,14,normandie
12181787669,49.135979,-0.3435,distributeur_sacs,Ifs,ifs,14341,14123,14,normandie
8707550675,49.308939,-0.356869,distributeur_sacs,Luc-sur-Mer,luc-sur-mer,14384,14530,14,normandie
11900509540,49.319156,-0.352376,distributeur_sacs,Luc-sur-Mer,luc-sur-mer,14384,14530,14,normandie
11900509506,49.319116,-0.351903,distributeur_sacs,Luc-sur-Mer,luc-sur-mer,14384,14530,14,normandie
12506747791,49.177224,-0.30469,distributeur_sacs,Mondeville,mondeville,14437,14120,14,normandie
12387713399,49.408729,0.268213,distributeur_sacs,La Rivière-Saint-Sauveur,la-riviere-saint-sauveur,14536,14600,14,normandie
13304586412,49.312848,-0.623618,distributeur_sacs,Ryes,ryes,14552,14400,14,normandie
12359968458,49.264679,-0.284461,distributeur_sacs,Saint-Aubin-d'Arquenay,saint-aubin-darquenay,14558,14970,14,normandie
11514944089,49.332027,-0.393377,distributeur_sacs,Saint-Aubin-sur-Mer,saint-aubin-sur-mer,14562,14750,14,normandie
8048175384,49.331124,-0.391705,distributeur_sacs,Saint-Aubin-sur-Mer,saint-aubin-sur-mer,14562,14750,14,normandie
12522720504,49.21242,-0.40512,distributeur_sacs,Saint-Contest,saint-contest,14566,14280,14,normandie
8024774657,49.211277,-0.402614,distributeur_sacs,Saint-Contest,saint-contest,14566,14280,14,normandie
10891692806,49.213709,-0.40058,distributeur_sacs,Saint-Contest,saint-contest,14566,14280,14,normandie
12688081255,49.347891,0.184026,distributeur_sacs,Saint-Gatien-des-Bois,saint-gatien-des-bois,14578,14130,14,normandie
12558776326,49.200715,-0.413005,distributeur_sacs,Saint-Germain-la-Blanche-Herbe,saint-germain-la-blanche-herbe,14587,14280,14,normandie
12559552350,49.20011,-0.410572,distributeur_sacs,Saint-Germain-la-Blanche-Herbe,saint-germain-la-blanche-herbe,14587,14280,14,normandie
12000390469,49.19961,-0.405361,distributeur_sacs,Saint-Germain-la-Blanche-Herbe,saint-germain-la-blanche-herbe,14587,14280,14,normandie
12593106655,49.190622,-0.410945,poubelle_dejections,Saint-Germain-la-Blanche-Herbe,saint-germain-la-blanche-herbe,14587,14280,14,normandie
12593106665,49.190623,-0.410948,distributeur_sacs,Saint-Germain-la-Blanche-Herbe,saint-germain-la-blanche-herbe,14587,14280,14,normandie
12593262475,49.18891,-0.410002,distributeur_sacs,Saint-Germain-la-Blanche-Herbe,saint-germain-la-blanche-herbe,14587,14280,14,normandie
12593106644,49.1891,-0.410574,distributeur_sacs,Saint-Germain-la-Blanche-Herbe,saint-germain-la-blanche-herbe,14587,14280,14,normandie
12593106600,49.189065,-0.412343,poubelle_dejections,Saint-Germain-la-Blanche-Herbe,saint-germain-la-blanche-herbe,14587,14280,14,normandie
12593106599,49.189066,-0.412343,distributeur_sacs,Saint-Germain-la-Blanche-Herbe,saint-germain-la-blanche-herbe,14587,14280,14,normandie
12593513409,49.189995,-0.412401,distributeur_sacs,Saint-Germain-la-Blanche-Herbe,saint-germain-la-blanche-herbe,14587,14280,14,normandie
12593106549,49.189191,-0.414497,poubelle_dejections,Saint-Germain-la-Blanche-Herbe,saint-germain-la-blanche-herbe,14587,14280,14,normandie
12593106548,49.189192,-0.414496,distributeur_sacs,Saint-Germain-la-Blanche-Herbe,saint-germain-la-blanche-herbe,14587,14280,14,normandie
12328785998,49.197203,-0.513568,distributeur_sacs,Saint-Manvieu-Norrey,saint-manvieu-norrey,14610,14740,14,normandie
9906137937,49.020102,-0.032152,distributeur_sacs,Saint-Pierre-en-Auge,saint-pierre-en-auge,14654,14170,14,normandie
9906137928,49.020131,-0.032034,distributeur_sacs,Saint-Pierre-en-Auge,saint-pierre-en-auge,14654,14170,14,normandie
12894722497,49.138351,-0.298691,distributeur_sacs,Soliers,soliers,14675,14540,14,normandie
11828492710,49.135419,-0.296172,distributeur_sacs,Soliers,soliers,14675,14540,14,normandie
12525046627,49.257441,-0.455251,distributeur_sacs,Thaon,thaon,14685,14610,14,normandie
11894314215,49.346685,0.106394,distributeur_sacs,Touques,touques,14699,14800,14,normandie
11894314219,49.343184,0.101548,distributeur_sacs,Touques,touques,14699,14800,14,normandie
12502228006,49.180851,-0.182873,distributeur_sacs,Troarn,troarn,14712,14670,14,normandie
12030978045,49.182284,-0.182173,distributeur_sacs,Troarn,troarn,14712,14670,14,normandie
8974303237,49.329765,0.008776,distributeur_sacs,Villers-sur-Mer,villers-sur-mer,14754,14640,14,normandie
12063059965,49.328904,0.011792,distributeur_sacs,Villers-sur-Mer,villers-sur-mer,14754,14640,14,normandie
12139845223,49.321912,-0.011445,distributeur_sacs,Villers-sur-Mer,villers-sur-mer,14754,14640,14,normandie
13261107928,44.901181,2.461247,distributeur_sacs,Arpajon-sur-Cère,arpajon-sur-cere,15012,15130,15,auvergne-rhone-alpes
13071388983,44.915943,2.411725,distributeur_sacs,Aurillac,aurillac,15014,15000,15,auvergne-rhone-alpes
11637418142,44.921163,2.435416,distributeur_sacs,Aurillac,aurillac,15014,15000,15,auvergne-rhone-alpes
9065665736,45.645175,0.156533,distributeur_sacs,Angoulême,angouleme,16015,16000,16,nouvelle-aquitaine
9065622169,45.646582,0.154775,distributeur_sacs,Angoulême,angouleme,16015,16000,16,nouvelle-aquitaine
9065630189,45.646467,0.155343,distributeur_sacs,Angoulême,angouleme,16015,16000,16,nouvelle-aquitaine
13058395936,45.648574,0.153465,distributeur_sacs,Angoulême,angouleme,16015,16000,16,nouvelle-aquitaine
7817812709,45.598488,-0.04458,distributeur_sacs,Châteauneuf-sur-Charente,chateauneuf-sur-charente,16090,16120,16,nouvelle-aquitaine
7879909936,45.597317,-0.054762,distributeur_sacs,Châteauneuf-sur-Charente,chateauneuf-sur-charente,16090,16120,16,nouvelle-aquitaine
7285259621,45.599289,-0.053783,distributeur_sacs,Châteauneuf-sur-Charente,chateauneuf-sur-charente,16090,16120,16,nouvelle-aquitaine
7817729956,45.601648,-0.052307,distributeur_sacs,Châteauneuf-sur-Charente,chateauneuf-sur-charente,16090,16120,16,nouvelle-aquitaine
7816359910,45.60234,-0.055745,distributeur_sacs,Châteauneuf-sur-Charente,chateauneuf-sur-charente,16090,16120,16,nouvelle-aquitaine
7886743065,45.599518,-0.056225,distributeur_sacs,Châteauneuf-sur-Charente,chateauneuf-sur-charente,16090,16120,16,nouvelle-aquitaine
7773144892,45.599232,-0.056252,distributeur_sacs,Châteauneuf-sur-Charente,chateauneuf-sur-charente,16090,16120,16,nouvelle-aquitaine
7760797374,45.596241,-0.050269,distributeur_sacs,Châteauneuf-sur-Charente,chateauneuf-sur-charente,16090,16120,16,nouvelle-aquitaine
9893659013,45.652073,-0.251103,distributeur_sacs,Gensac-la-Pallue,gensac-la-pallue,16150,16130,16,nouvelle-aquitaine
12827919348,45.667536,0.203638,distributeur_sacs,L'Isle-d'Espagnac,lisle-despagnac,16166,16340,16,nouvelle-aquitaine
9846269496,45.654149,0.080229,poubelle_dejections,Linars,linars,16187,16730,16,nouvelle-aquitaine
9846269495,45.654857,0.079321,poubelle_dejections,Linars,linars,16187,16730,16,nouvelle-aquitaine
12455683119,45.875786,0.176608,distributeur_sacs,Mansle,mansle,16206,16230,16,nouvelle-aquitaine
12969974099,45.614038,-0.220927,distributeur_sacs,Segonzac,segonzac,16366,16130,16,nouvelle-aquitaine
13072080466,46.104734,-1.10919,distributeur_sacs,Angoulins,angoulins,17010,17690,17,nouvelle-aquitaine
13095950066,46.131682,-1.122287,distributeur_sacs,Aytré,aytre,17028,17440,17,nouvelle-aquitaine
11015226443,45.981934,-0.958233,distributeur_sacs,Breuil-Magné,breuil-magne,17065,17870,17,nouvelle-aquitaine
9786582723,45.717024,-0.558629,distributeur_sacs,Chaniers,chaniers,17086,17610,17,nouvelle-aquitaine
12128173630,45.882735,-1.190422,distributeur_sacs,Le Château-d'Oléron,le-chateau-doleron,17093,17480,17,nouvelle-aquitaine
10876838434,46.082879,-1.096656,distributeur_sacs,Châtelaillon-Plage,chatelaillon-plage,17094,17340,17,nouvelle-aquitaine
10940694994,46.081044,-1.095676,distributeur_sacs,Châtelaillon-Plage,chatelaillon-plage,17094,17340,17,nouvelle-aquitaine
10940682175,46.077411,-1.093644,distributeur_sacs,Châtelaillon-Plage,chatelaillon-plage,17094,17340,17,nouvelle-aquitaine
11851271887,46.071267,-1.092958,distributeur_sacs,Châtelaillon-Plage,chatelaillon-plage,17094,17340,17,nouvelle-aquitaine
11449651049,46.067444,-1.083493,distributeur_sacs,Châtelaillon-Plage,chatelaillon-plage,17094,17340,17,nouvelle-aquitaine
10935420261,46.06931,-1.090272,distributeur_sacs,Châtelaillon-Plage,chatelaillon-plage,17094,17340,17,nouvelle-aquitaine
11851293061,46.069827,-1.092936,distributeur_sacs,Châtelaillon-Plage,chatelaillon-plage,17094,17340,17,nouvelle-aquitaine
11001122552,46.053069,-1.083357,distributeur_sacs,Châtelaillon-Plage,chatelaillon-plage,17094,17340,17,nouvelle-aquitaine
12059644540,46.055532,-0.932926,distributeur_sacs,Ciré-d'Aunis,cire-daunis,17107,17290,17,nouvelle-aquitaine
12059644537,46.056163,-0.929553,distributeur_sacs,Ciré-d'Aunis,cire-daunis,17107,17290,17,nouvelle-aquitaine
11756377021,45.180591,-0.228886,distributeur_sacs,Clérac,clerac,17110,17270,17,nouvelle-aquitaine
11756377020,45.180583,-0.228884,poubelle_dejections,Clérac,clerac,17110,17270,17,nouvelle-aquitaine
11068839967,46.194171,-1.424734,distributeur_sacs,La Couarde-sur-Mer,la-couarde-sur-mer,17121,17670,17,nouvelle-aquitaine
11412677726,45.981465,-1.086815,distributeur_sacs,Fouras,fouras,17168,17450,17,nouvelle-aquitaine
12189718637,45.987071,-1.095199,distributeur_sacs,Fouras,fouras,17168,17450,17,nouvelle-aquitaine
9991671800,45.99189,-1.095459,distributeur_sacs,Fouras,fouras,17168,17450,17,nouvelle-aquitaine
12124656821,45.988341,-1.097847,distributeur_sacs,Fouras,fouras,17168,17450,17,nouvelle-aquitaine
9671627218,45.99343,-1.088624,distributeur_sacs,Fouras,fouras,17168,17450,17,nouvelle-aquitaine
10122812442,45.983382,-1.091584,distributeur_sacs,Fouras,fouras,17168,17450,17,nouvelle-aquitaine
10030615695,45.979571,-1.083886,distributeur_sacs,Fouras,fouras,17168,17450,17,nouvelle-aquitaine
10080821440,45.976391,-1.083131,distributeur_sacs,Fouras,fouras,17168,17450,17,nouvelle-aquitaine
9962774781,45.973695,-1.082771,distributeur_sacs,Fouras,fouras,17168,17450,17,nouvelle-aquitaine
7740534279,46.128392,-1.009879,distributeur_sacs,La Jarrie,la-jarrie,17194,17220,17,nouvelle-aquitaine
9466811719,45.451174,-0.449251,distributeur_sacs,Jonzac,jonzac,17197,17500,17,nouvelle-aquitaine
11341677729,45.434985,-0.429195,poubelle_dejections,Jonzac,jonzac,17197,17500,17,nouvelle-aquitaine
10371851710,45.441588,-0.436563,distributeur_sacs,Jonzac,jonzac,17197,17500,17,nouvelle-aquitaine
10371851712,45.441891,-0.436015,distributeur_sacs,Jonzac,jonzac,17197,17500,17,nouvelle-aquitaine
11610664551,45.438941,-0.441478,poubelle_dejections,Jonzac,jonzac,17197,17500,17,nouvelle-aquitaine
12744026805,45.441646,-0.440781,poubelle_dejections,Jonzac,jonzac,17197,17500,17,nouvelle-aquitaine
9055299718,45.442494,-0.437874,distributeur_sacs,Jonzac,jonzac,17197,17500,17,nouvelle-aquitaine
9048528718,45.443839,-0.437372,distributeur_sacs,Jonzac,jonzac,17197,17500,17,nouvelle-aquitaine
10313042509,45.445351,-0.432891,distributeur_sacs,Jonzac,jonzac,17197,17500,17,nouvelle-aquitaine
11949534422,45.4448,-0.43639,distributeur_sacs,Jonzac,jonzac,17197,17500,17,nouvelle-aquitaine
10312992012,45.445499,-0.431961,distributeur_sacs,Jonzac,jonzac,17197,17500,17,nouvelle-aquitaine
11737305529,45.451372,-0.440291,distributeur_sacs,Jonzac,jonzac,17197,17500,17,nouvelle-aquitaine
6676108128,46.312839,-0.996833,distributeur_sacs,Marans,marans,17218,17230,17,nouvelle-aquitaine
11176571349,45.820503,-1.137588,distributeur_sacs,Marennes-Hiers-Brouage,marennes-hiers-brouage,17219,17320,17,nouvelle-aquitaine
11176592672,45.829129,-1.105136,distributeur_sacs,Marennes-Hiers-Brouage,marennes-hiers-brouage,17219,17320,17,nouvelle-aquitaine
11176592675,45.826489,-1.105036,distributeur_sacs,Marennes-Hiers-Brouage,marennes-hiers-brouage,17219,17320,17,nouvelle-aquitaine
11176592671,45.826696,-1.107274,distributeur_sacs,Marennes-Hiers-Brouage,marennes-hiers-brouage,17219,17320,17,nouvelle-aquitaine
11176592669,45.823937,-1.106261,distributeur_sacs,Marennes-Hiers-Brouage,marennes-hiers-brouage,17219,17320,17,nouvelle-aquitaine
11176592670,45.824676,-1.108955,distributeur_sacs,Marennes-Hiers-Brouage,marennes-hiers-brouage,17219,17320,17,nouvelle-aquitaine
11176592668,45.821397,-1.110937,distributeur_sacs,Marennes-Hiers-Brouage,marennes-hiers-brouage,17219,17320,17,nouvelle-aquitaine
11176592667,45.821012,-1.109782,distributeur_sacs,Marennes-Hiers-Brouage,marennes-hiers-brouage,17219,17320,17,nouvelle-aquitaine
11176592666,45.819664,-1.110074,distributeur_sacs,Marennes-Hiers-Brouage,marennes-hiers-brouage,17219,17320,17,nouvelle-aquitaine
12328903060,45.818379,-1.103072,distributeur_sacs,Marennes-Hiers-Brouage,marennes-hiers-brouage,17219,17320,17,nouvelle-aquitaine
11176592676,45.823074,-1.09938,distributeur_sacs,Marennes-Hiers-Brouage,marennes-hiers-brouage,17219,17320,17,nouvelle-aquitaine
11176592673,45.827954,-1.098033,distributeur_sacs,Marennes-Hiers-Brouage,marennes-hiers-brouage,17219,17320,17,nouvelle-aquitaine
11176592677,45.822897,-1.098945,distributeur_sacs,Marennes-Hiers-Brouage,marennes-hiers-brouage,17219,17320,17,nouvelle-aquitaine
11176592674,45.817916,-1.094293,distributeur_sacs,Marennes-Hiers-Brouage,marennes-hiers-brouage,17219,17320,17,nouvelle-aquitaine
12879332383,45.910053,-0.564563,distributeur_sacs,Mazeray,mazeray,17226,17400,17,nouvelle-aquitaine
12833320614,45.270488,-0.394235,distributeur_sacs,Montendre,montendre,17240,17130,17,nouvelle-aquitaine
13022850467,45.285183,-0.406802,distributeur_sacs,Montendre,montendre,17240,17130,17,nouvelle-aquitaine
13022989310,45.287841,-0.410074,distributeur_sacs,Montendre,montendre,17240,17130,17,nouvelle-aquitaine
10676776098,45.217069,-0.187899,distributeur_sacs,Montguyon,montguyon,17241,17270,17,nouvelle-aquitaine
9930092196,45.216718,-0.186935,poubelle_dejections,Montguyon,montguyon,17241,17270,17,nouvelle-aquitaine
11196449954,45.21815,-0.183702,distributeur_sacs,Montguyon,montguyon,17241,17270,17,nouvelle-aquitaine
10304954241,45.216406,-0.180918,distributeur_sacs,Montguyon,montguyon,17241,17270,17,nouvelle-aquitaine
11455413145,46.17214,-1.12448,distributeur_sacs,Puilboreau,puilboreau,17291,17138,17,nouvelle-aquitaine
11015239150,45.964667,-0.960399,distributeur_sacs,Rochefort,rochefort,17299,17300,17,nouvelle-aquitaine
11897157020,45.958378,-0.971438,distributeur_sacs,Rochefort,rochefort,17299,17300,17,nouvelle-aquitaine
11969450093,45.956105,-0.967236,distributeur_sacs,Rochefort,rochefort,17299,17300,17,nouvelle-aquitaine
9529686599,45.945418,-0.95871,distributeur_sacs,Rochefort,rochefort,17299,17300,17,nouvelle-aquitaine
9529686570,45.944302,-0.96011,distributeur_sacs,Rochefort,rochefort,17299,17300,17,nouvelle-aquitaine
9529686559,45.945246,-0.960284,distributeur_sacs,Rochefort,rochefort,17299,17300,17,nouvelle-aquitaine
11866960550,45.944516,-0.964649,distributeur_sacs,Rochefort,rochefort,17299,17300,17,nouvelle-aquitaine
11907717549,45.946046,-0.971386,distributeur_sacs,Rochefort,rochefort,17299,17300,17,nouvelle-aquitaine
11866963462,45.949857,-0.968494,distributeur_sacs,Rochefort,rochefort,17299,17300,17,nouvelle-aquitaine
11950654048,45.944706,-0.97952,distributeur_sacs,Rochefort,rochefort,17299,17300,17,nouvelle-aquitaine
12015275327,45.944087,-0.984987,distributeur_sacs,Rochefort,rochefort,17299,17300,17,nouvelle-aquitaine
12009975248,45.942881,-0.983549,distributeur_sacs,Rochefort,rochefort,17299,17300,17,nouvelle-aquitaine
9989422549,45.93973,-0.976536,distributeur_sacs,Rochefort,rochefort,17299,17300,17,nouvelle-aquitaine
12033763208,45.935227,-0.976679,distributeur_sacs,Rochefort,rochefort,17299,17300,17,nouvelle-aquitaine
12015284494,45.93632,-0.979344,distributeur_sacs,Rochefort,rochefort,17299,17300,17,nouvelle-aquitaine
12012709102,45.932319,-0.977472,distributeur_sacs,Rochefort,rochefort,17299,17300,17,nouvelle-aquitaine
11764460964,45.932327,-0.973132,distributeur_sacs,Rochefort,rochefort,17299,17300,17,nouvelle-aquitaine
11879371669,45.932546,-0.968316,distributeur_sacs,Rochefort,rochefort,17299,17300,17,nouvelle-aquitaine
10035267813,45.934314,-0.97154,distributeur_sacs,Rochefort,rochefort,17299,17300,17,nouvelle-aquitaine
11922891549,45.940332,-0.96954,distributeur_sacs,Rochefort,rochefort,17299,17300,17,nouvelle-aquitaine
11922905496,45.941008,-0.969131,distributeur_sacs,Rochefort,rochefort,17299,17300,17,nouvelle-aquitaine
11884748190,45.936904,-0.967449,distributeur_sacs,Rochefort,rochefort,17299,17300,17,nouvelle-aquitaine
11879369499,45.938747,-0.965896,distributeur_sacs,Rochefort,rochefort,17299,17300,17,nouvelle-aquitaine
10942933655,45.941472,-0.964577,distributeur_sacs,Rochefort,rochefort,17299,17300,17,nouvelle-aquitaine
10909833439,45.941486,-0.962406,distributeur_sacs,Rochefort,rochefort,17299,17300,17,nouvelle-aquitaine
11913262044,45.941229,-0.959932,distributeur_sacs,Rochefort,rochefort,17299,17300,17,nouvelle-aquitaine
11916034943,45.942209,-0.959028,distributeur_sacs,Rochefort,rochefort,17299,17300,17,nouvelle-aquitaine
9527529335,45.943082,-0.958884,distributeur_sacs,Rochefort,rochefort,17299,17300,17,nouvelle-aquitaine
11884734865,45.93995,-0.957607,distributeur_sacs,Rochefort,rochefort,17299,17300,17,nouvelle-aquitaine
11816789087,45.937023,-0.96096,distributeur_sacs,Rochefort,rochefort,17299,17300,17,nouvelle-aquitaine
10942930170,45.937161,-0.959263,distributeur_sacs,Rochefort,rochefort,17299,17300,17,nouvelle-aquitaine
11907707642,45.934383,-0.957652,distributeur_sacs,Rochefort,rochefort,17299,17300,17,nouvelle-aquitaine
9646194545,45.935063,-0.95845,distributeur_sacs,Rochefort,rochefort,17299,17300,17,nouvelle-aquitaine
11881600634,45.936218,-0.962188,distributeur_sacs,Rochefort,rochefort,17299,17300,17,nouvelle-aquitaine
11879376219,45.936035,-0.965073,distributeur_sacs,Rochefort,rochefort,17299,17300,17,nouvelle-aquitaine
11929190568,45.934421,-0.963616,distributeur_sacs,Rochefort,rochefort,17299,17300,17,nouvelle-aquitaine
11929209188,45.93303,-0.96489,distributeur_sacs,Rochefort,rochefort,17299,17300,17,nouvelle-aquitaine
11769191051,45.930703,-0.963287,distributeur_sacs,Rochefort,rochefort,17299,17300,17,nouvelle-aquitaine
11922922775,45.931855,-0.96331,distributeur_sacs,Rochefort,rochefort,17299,17300,17,nouvelle-aquitaine
11862768953,45.932181,-0.959755,distributeur_sacs,Rochefort,rochefort,17299,17300,17,nouvelle-aquitaine
11762020161,45.927455,-0.961263,distributeur_sacs,Rochefort,rochefort,17299,17300,17,nouvelle-aquitaine
11926339983,45.918237,-0.960735,distributeur_sacs,Rochefort,rochefort,17299,17300,17,nouvelle-aquitaine
11748487438,45.926324,-0.956399,distributeur_sacs,Rochefort,rochefort,17299,17300,17,nouvelle-aquitaine
9980733112,45.928476,-0.956079,distributeur_sacs,Rochefort,rochefort,17299,17300,17,nouvelle-aquitaine
9964849890,45.93973,-0.956274,distributeur_sacs,Rochefort,rochefort,17299,17300,17,nouvelle-aquitaine
11772195145,45.942068,-0.95536,distributeur_sacs,Rochefort,rochefort,17299,17300,17,nouvelle-aquitaine
3878542959,45.944065,-0.955457,distributeur_sacs,Rochefort,rochefort,17299,17300,17,nouvelle-aquitaine
13570598657,46.160968,-1.215786,distributeur_sacs,La Rochelle,la-rochelle,17300,17000,17,nouvelle-aquitaine
13570598601,46.163469,-1.213807,distributeur_sacs,La Rochelle,la-rochelle,17300,17000,17,nouvelle-aquitaine
13570598637,46.162471,-1.212046,distributeur_sacs,La Rochelle,la-rochelle,17300,17000,17,nouvelle-aquitaine
13570598672,46.161321,-1.206895,distributeur_sacs,La Rochelle,la-rochelle,17300,17000,17,nouvelle-aquitaine
13570598658,46.167344,-1.201253,distributeur_sacs,La Rochelle,la-rochelle,17300,17000,17,nouvelle-aquitaine
13570598628,46.170244,-1.202216,distributeur_sacs,La Rochelle,la-rochelle,17300,17000,17,nouvelle-aquitaine
13570598648,46.164109,-1.190421,distributeur_sacs,La Rochelle,la-rochelle,17300,17000,17,nouvelle-aquitaine
13570598615,46.167295,-1.195302,distributeur_sacs,La Rochelle,la-rochelle,17300,17000,17,nouvelle-aquitaine
13570598646,46.170471,-1.195104,distributeur_sacs,La Rochelle,la-rochelle,17300,17000,17,nouvelle-aquitaine
11531102923,46.166805,-1.18708,distributeur_sacs,La Rochelle,la-rochelle,17300,17000,17,nouvelle-aquitaine
13570598668,46.167809,-1.184767,distributeur_sacs,La Rochelle,la-rochelle,17300,17000,17,nouvelle-aquitaine
13570598609,46.16971,-1.183133,distributeur_sacs,La Rochelle,la-rochelle,17300,17000,17,nouvelle-aquitaine
13570598604,46.170031,-1.179192,distributeur_sacs,La Rochelle,la-rochelle,17300,17000,17,nouvelle-aquitaine
13570598635,46.16919,-1.180169,distributeur_sacs,La Rochelle,la-rochelle,17300,17000,17,nouvelle-aquitaine
13570598650,46.166815,-1.181935,distributeur_sacs,La Rochelle,la-rochelle,17300,17000,17,nouvelle-aquitaine
11346425844,46.163382,-1.182164,distributeur_sacs,La Rochelle,la-rochelle,17300,17000,17,nouvelle-aquitaine
13570598647,46.161296,-1.18298,distributeur_sacs,La Rochelle,la-rochelle,17300,17000,17,nouvelle-aquitaine
11432423531,46.159381,-1.179912,distributeur_sacs,La Rochelle,la-rochelle,17300,17000,17,nouvelle-aquitaine
13570598642,46.156704,-1.179319,distributeur_sacs,La Rochelle,la-rochelle,17300,17000,17,nouvelle-aquitaine
11076233327,46.152528,-1.188169,distributeur_sacs,La Rochelle,la-rochelle,17300,17000,17,nouvelle-aquitaine
11745342531,46.15075,-1.190321,distributeur_sacs,La Rochelle,la-rochelle,17300,17000,17,nouvelle-aquitaine
13570598627,46.151189,-1.193776,distributeur_sacs,La Rochelle,la-rochelle,17300,17000,17,nouvelle-aquitaine
11745384964,46.153874,-1.18647,distributeur_sacs,La Rochelle,la-rochelle,17300,17000,17,nouvelle-aquitaine
11745497738,46.147384,-1.209303,distributeur_sacs,La Rochelle,la-rochelle,17300,17000,17,nouvelle-aquitaine
13570598662,46.170663,-1.134189,distributeur_sacs,La Rochelle,la-rochelle,17300,17000,17,nouvelle-aquitaine
13570598610,46.167534,-1.139758,distributeur_sacs,La Rochelle,la-rochelle,17300,17000,17,nouvelle-aquitaine
13570598639,46.167687,-1.133136,distributeur_sacs,La Rochelle,la-rochelle,17300,17000,17,nouvelle-aquitaine
13570598622,46.165173,-1.135029,distributeur_sacs,La Rochelle,la-rochelle,17300,17000,17,nouvelle-aquitaine
11396105789,46.163178,-1.139315,distributeur_sacs,La Rochelle,la-rochelle,17300,17000,17,nouvelle-aquitaine
13570598621,46.162941,-1.135323,distributeur_sacs,La Rochelle,la-rochelle,17300,17000,17,nouvelle-aquitaine
11396099346,46.163302,-1.129987,distributeur_sacs,La Rochelle,la-rochelle,17300,17000,17,nouvelle-aquitaine
13570598611,46.165215,-1.128789,distributeur_sacs,La Rochelle,la-rochelle,17300,17000,17,nouvelle-aquitaine
13570598619,46.163711,-1.125514,distributeur_sacs,La Rochelle,la-rochelle,17300,17000,17,nouvelle-aquitaine
13570598671,46.157849,-1.123636,distributeur_sacs,La Rochelle,la-rochelle,17300,17000,17,nouvelle-aquitaine
11396019457,46.156856,-1.130964,distributeur_sacs,La Rochelle,la-rochelle,17300,17000,17,nouvelle-aquitaine
13570598624,46.152841,-1.128395,distributeur_sacs,La Rochelle,la-rochelle,17300,17000,17,nouvelle-aquitaine
13570598654,46.151613,-1.127745,distributeur_sacs,La Rochelle,la-rochelle,17300,17000,17,nouvelle-aquitaine
13570598667,46.152345,-1.126601,distributeur_sacs,La Rochelle,la-rochelle,17300,17000,17,nouvelle-aquitaine
13570598656,46.151921,-1.123477,distributeur_sacs,La Rochelle,la-rochelle,17300,17000,17,nouvelle-aquitaine
13570598660,46.149616,-1.124691,distributeur_sacs,La Rochelle,la-rochelle,17300,17000,17,nouvelle-aquitaine
13570598613,46.151859,-1.121615,distributeur_sacs,La Rochelle,la-rochelle,17300,17000,17,nouvelle-aquitaine
11111715495,46.14637,-1.143134,distributeur_sacs,La Rochelle,la-rochelle,17300,17000,17,nouvelle-aquitaine
13570598631,46.142754,-1.146483,distributeur_sacs,La Rochelle,la-rochelle,17300,17000,17,nouvelle-aquitaine
13570598674,46.147075,-1.148474,distributeur_sacs,La Rochelle,la-rochelle,17300,17000,17,nouvelle-aquitaine
13570598644,46.144412,-1.153391,distributeur_sacs,La Rochelle,la-rochelle,17300,17000,17,nouvelle-aquitaine
11579642169,46.146547,-1.158483,distributeur_sacs,La Rochelle,la-rochelle,17300,17000,17,nouvelle-aquitaine
1908030836,46.138533,-1.15786,distributeur_sacs,La Rochelle,la-rochelle,17300,17000,17,nouvelle-aquitaine
1428612810,46.140761,-1.169676,distributeur_sacs,La Rochelle,la-rochelle,17300,17000,17,nouvelle-aquitaine
13570598607,46.140097,-1.160382,distributeur_sacs,La Rochelle,la-rochelle,17300,17000,17,nouvelle-aquitaine
1428612812,46.141191,-1.170672,distributeur_sacs,La Rochelle,la-rochelle,17300,17000,17,nouvelle-aquitaine
11432293791,46.154246,-1.173158,distributeur_sacs,La Rochelle,la-rochelle,17300,17000,17,nouvelle-aquitaine
13570598640,46.15738,-1.173718,distributeur_sacs,La Rochelle,la-rochelle,17300,17000,17,nouvelle-aquitaine
11070223384,46.159971,-1.170851,distributeur_sacs,La Rochelle,la-rochelle,17300,17000,17,nouvelle-aquitaine
13570598636,46.159502,-1.16587,distributeur_sacs,La Rochelle,la-rochelle,17300,17000,17,nouvelle-aquitaine
11432165564,46.158483,-1.160375,distributeur_sacs,La Rochelle,la-rochelle,17300,17000,17,nouvelle-aquitaine
11500339563,46.157098,-1.160583,distributeur_sacs,La Rochelle,la-rochelle,17300,17000,17,nouvelle-aquitaine
1423445016,46.155774,-1.163309,distributeur_sacs,La Rochelle,la-rochelle,17300,17000,17,nouvelle-aquitaine
11745964586,46.15227,-1.159734,distributeur_sacs,La Rochelle,la-rochelle,17300,17000,17,nouvelle-aquitaine
13570598630,46.150003,-1.155063,distributeur_sacs,La Rochelle,la-rochelle,17300,17000,17,nouvelle-aquitaine
13570598616,46.149437,-1.147846,distributeur_sacs,La Rochelle,la-rochelle,17300,17000,17,nouvelle-aquitaine
11432066421,46.155794,-1.149744,distributeur_sacs,La Rochelle,la-rochelle,17300,17000,17,nouvelle-aquitaine
12871879642,46.156854,-1.149735,distributeur_sacs,La Rochelle,la-rochelle,17300,17000,17,nouvelle-aquitaine
13570598638,46.155536,-1.148592,distributeur_sacs,La Rochelle,la-rochelle,17300,17000,17,nouvelle-aquitaine
11361918029,46.160279,-1.147172,distributeur_sacs,La Rochelle,la-rochelle,17300,17000,17,nouvelle-aquitaine
11086804792,46.158533,-1.146417,distributeur_sacs,La Rochelle,la-rochelle,17300,17000,17,nouvelle-aquitaine
11630784590,46.157495,-1.147927,distributeur_sacs,La Rochelle,la-rochelle,17300,17000,17,nouvelle-aquitaine
13570598608,46.157899,-1.148927,distributeur_sacs,La Rochelle,la-rochelle,17300,17000,17,nouvelle-aquitaine
13570598623,46.159127,-1.149053,distributeur_sacs,La Rochelle,la-rochelle,17300,17000,17,nouvelle-aquitaine
13570598612,46.159764,-1.149011,distributeur_sacs,La Rochelle,la-rochelle,17300,17000,17,nouvelle-aquitaine
11062553921,46.159959,-1.14957,distributeur_sacs,La Rochelle,la-rochelle,17300,17000,17,nouvelle-aquitaine
13570598643,46.15959,-1.150643,distributeur_sacs,La Rochelle,la-rochelle,17300,17000,17,nouvelle-aquitaine
11681912682,46.159352,-1.151744,distributeur_sacs,La Rochelle,la-rochelle,17300,17000,17,nouvelle-aquitaine
13570598673,46.16011,-1.152732,distributeur_sacs,La Rochelle,la-rochelle,17300,17000,17,nouvelle-aquitaine
13570598664,46.160078,-1.153444,distributeur_sacs,La Rochelle,la-rochelle,17300,17000,17,nouvelle-aquitaine
11579493877,46.158479,-1.153827,distributeur_sacs,La Rochelle,la-rochelle,17300,17000,17,nouvelle-aquitaine
11745945952,46.157513,-1.153256,distributeur_sacs,La Rochelle,la-rochelle,17300,17000,17,nouvelle-aquitaine
11366831164,46.158108,-1.150607,distributeur_sacs,La Rochelle,la-rochelle,17300,17000,17,nouvelle-aquitaine
11063311322,46.158685,-1.150271,distributeur_sacs,La Rochelle,la-rochelle,17300,17000,17,nouvelle-aquitaine
13570598653,46.15705,-1.15136,distributeur_sacs,La Rochelle,la-rochelle,17300,17000,17,nouvelle-aquitaine
13570598618,46.154134,-1.152681,distributeur_sacs,La Rochelle,la-rochelle,17300,17000,17,nouvelle-aquitaine
11366764611,46.155599,-1.154284,distributeur_sacs,La Rochelle,la-rochelle,17300,17000,17,nouvelle-aquitaine
1445028242,46.156665,-1.154116,distributeur_sacs,La Rochelle,la-rochelle,17300,17000,17,nouvelle-aquitaine
13570598661,46.15675,-1.156062,distributeur_sacs,La Rochelle,la-rochelle,17300,17000,17,nouvelle-aquitaine
13570598632,46.15626,-1.155723,distributeur_sacs,La Rochelle,la-rochelle,17300,17000,17,nouvelle-aquitaine
13570598603,46.155587,-1.157104,distributeur_sacs,La Rochelle,la-rochelle,17300,17000,17,nouvelle-aquitaine
13570598602,46.157768,-1.154989,distributeur_sacs,La Rochelle,la-rochelle,17300,17000,17,nouvelle-aquitaine
11371326339,46.159493,-1.155088,distributeur_sacs,La Rochelle,la-rochelle,17300,17000,17,nouvelle-aquitaine
11432252623,46.160042,-1.155937,distributeur_sacs,La Rochelle,la-rochelle,17300,17000,17,nouvelle-aquitaine
11530534752,46.163901,-1.157437,distributeur_sacs,La Rochelle,la-rochelle,17300,17000,17,nouvelle-aquitaine
11366396483,46.165357,-1.15129,distributeur_sacs,La Rochelle,la-rochelle,17300,17000,17,nouvelle-aquitaine
11491686638,46.164491,-1.150025,distributeur_sacs,La Rochelle,la-rochelle,17300,17000,17,nouvelle-aquitaine
11381881767,46.161899,-1.151184,distributeur_sacs,La Rochelle,la-rochelle,17300,17000,17,nouvelle-aquitaine
13570598659,46.16335,-1.15337,distributeur_sacs,La Rochelle,la-rochelle,17300,17000,17,nouvelle-aquitaine
13570598629,46.162225,-1.152696,distributeur_sacs,La Rochelle,la-rochelle,17300,17000,17,nouvelle-aquitaine
11579568334,46.160604,-1.152631,distributeur_sacs,La Rochelle,la-rochelle,17300,17000,17,nouvelle-aquitaine
11343641003,46.161148,-1.149969,distributeur_sacs,La Rochelle,la-rochelle,17300,17000,17,nouvelle-aquitaine
11086820249,46.160713,-1.149169,distributeur_sacs,La Rochelle,la-rochelle,17300,17000,17,nouvelle-aquitaine
13570598641,46.160373,-1.148479,distributeur_sacs,La Rochelle,la-rochelle,17300,17000,17,nouvelle-aquitaine
11371353683,46.161826,-1.148285,distributeur_sacs,La Rochelle,la-rochelle,17300,17000,17,nouvelle-aquitaine
11021300910,46.162477,-1.149134,distributeur_sacs,La Rochelle,la-rochelle,17300,17000,17,nouvelle-aquitaine
11396339747,46.163465,-1.149205,distributeur_sacs,La Rochelle,la-rochelle,17300,17000,17,nouvelle-aquitaine
11366302392,46.163007,-1.147676,distributeur_sacs,La Rochelle,la-rochelle,17300,17000,17,nouvelle-aquitaine
11681927399,46.162474,-1.147014,distributeur_sacs,La Rochelle,la-rochelle,17300,17000,17,nouvelle-aquitaine
11681859990,46.162941,-1.14617,distributeur_sacs,La Rochelle,la-rochelle,17300,17000,17,nouvelle-aquitaine
11381902695,46.161793,-1.146868,distributeur_sacs,La Rochelle,la-rochelle,17300,17000,17,nouvelle-aquitaine
9933445517,46.16088,-1.145737,distributeur_sacs,La Rochelle,la-rochelle,17300,17000,17,nouvelle-aquitaine
11366238351,46.16151,-1.141213,distributeur_sacs,La Rochelle,la-rochelle,17300,17000,17,nouvelle-aquitaine
11366164012,46.162058,-1.143439,distributeur_sacs,La Rochelle,la-rochelle,17300,17000,17,nouvelle-aquitaine
11455861087,46.16592,-1.145123,distributeur_sacs,La Rochelle,la-rochelle,17300,17000,17,nouvelle-aquitaine
11366283353,46.163687,-1.146932,distributeur_sacs,La Rochelle,la-rochelle,17300,17000,17,nouvelle-aquitaine
11396318153,46.16419,-1.148968,distributeur_sacs,La Rochelle,la-rochelle,17300,17000,17,nouvelle-aquitaine
13570598634,46.169243,-1.14958,distributeur_sacs,La Rochelle,la-rochelle,17300,17000,17,nouvelle-aquitaine
13570554900,46.169533,-1.149171,distributeur_sacs,La Rochelle,la-rochelle,17300,17000,17,nouvelle-aquitaine
11396270747,46.167578,-1.143865,distributeur_sacs,La Rochelle,la-rochelle,17300,17000,17,nouvelle-aquitaine
13570598645,46.169124,-1.155037,distributeur_sacs,La Rochelle,la-rochelle,17300,17000,17,nouvelle-aquitaine
13570598655,46.170089,-1.162715,distributeur_sacs,La Rochelle,la-rochelle,17300,17000,17,nouvelle-aquitaine
13570598626,46.172551,-1.16152,distributeur_sacs,La Rochelle,la-rochelle,17300,17000,17,nouvelle-aquitaine
13570598663,46.168712,-1.166045,distributeur_sacs,La Rochelle,la-rochelle,17300,17000,17,nouvelle-aquitaine
13570598669,46.162619,-1.160846,distributeur_sacs,La Rochelle,la-rochelle,17300,17000,17,nouvelle-aquitaine
11530531715,46.164669,-1.163751,distributeur_sacs,La Rochelle,la-rochelle,17300,17000,17,nouvelle-aquitaine
13570598651,46.166615,-1.167638,distributeur_sacs,La Rochelle,la-rochelle,17300,17000,17,nouvelle-aquitaine
13570598620,46.164659,-1.171755,distributeur_sacs,La Rochelle,la-rochelle,17300,17000,17,nouvelle-aquitaine
13570598670,46.163325,-1.17646,distributeur_sacs,La Rochelle,la-rochelle,17300,17000,17,nouvelle-aquitaine
13570598617,46.164451,-1.17629,distributeur_sacs,La Rochelle,la-rochelle,17300,17000,17,nouvelle-aquitaine
13570598665,46.167816,-1.175953,distributeur_sacs,La Rochelle,la-rochelle,17300,17000,17,nouvelle-aquitaine
13570598652,46.168415,-1.173839,distributeur_sacs,La Rochelle,la-rochelle,17300,17000,17,nouvelle-aquitaine
13570598633,46.172424,-1.176841,distributeur_sacs,La Rochelle,la-rochelle,17300,17000,17,nouvelle-aquitaine
13570598614,46.173225,-1.156058,distributeur_sacs,La Rochelle,la-rochelle,17300,17000,17,nouvelle-aquitaine
11822099375,46.174382,-1.147904,distributeur_sacs,La Rochelle,la-rochelle,17300,17000,17,nouvelle-aquitaine
13570598606,46.177859,-1.145118,distributeur_sacs,La Rochelle,la-rochelle,17300,17000,17,nouvelle-aquitaine
13570598666,46.17498,-1.142477,distributeur_sacs,La Rochelle,la-rochelle,17300,17000,17,nouvelle-aquitaine
11916222579,45.623241,-1.028375,distributeur_sacs,Royan,royan,17306,17200,17,nouvelle-aquitaine
6648049601,45.620052,-1.04198,distributeur_sacs,Royan,royan,17306,17200,17,nouvelle-aquitaine
12023100844,45.920041,-1.058606,distributeur_sacs,Saint-Froult,saint-froult,17329,17780,17,nouvelle-aquitaine
10000458492,45.974469,-1.336688,distributeur_sacs,Saint-Georges-d'Oléron,saint-georges-doleron,17337,17190,17,nouvelle-aquitaine
9088676430,46.142667,-0.734233,distributeur_sacs,Saint-Georges-du-Bois,saint-georges-du-bois,17338,17700,17,nouvelle-aquitaine
8245917135,45.943693,-0.521421,distributeur_sacs,Saint-Jean-d'Angély,saint-jean-dangely,17347,17400,17,nouvelle-aquitaine
12090468389,45.945792,-0.530937,distributeur_sacs,Saint-Jean-d'Angély,saint-jean-dangely,17347,17400,17,nouvelle-aquitaine
12848310886,45.947375,-0.53964,distributeur_sacs,Saint-Jean-d'Angély,saint-jean-dangely,17347,17400,17,nouvelle-aquitaine
13270049263,45.942064,-0.523885,distributeur_sacs,Saint-Jean-d'Angély,saint-jean-dangely,17347,17400,17,nouvelle-aquitaine
13110450101,46.153994,-1.317314,distributeur_sacs,Sainte-Marie-de-Ré,sainte-marie-de-re,17360,17740,17,nouvelle-aquitaine
11079624876,46.152879,-1.316369,distributeur_sacs,Sainte-Marie-de-Ré,sainte-marie-de-re,17360,17740,17,nouvelle-aquitaine
11103390931,46.199281,-1.363535,distributeur_sacs,Saint-Martin-de-Ré,saint-martin-de-re,17369,17410,17,nouvelle-aquitaine
9543007422,45.744652,-0.644969,poubelle_dejections,Saintes,saintes,17415,17100,17,nouvelle-aquitaine
7194787351,45.744005,-0.632017,distributeur_sacs,Saintes,saintes,17415,17100,17,nouvelle-aquitaine
3653832494,45.742498,-0.630787,distributeur_sacs,Saintes,saintes,17415,17100,17,nouvelle-aquitaine
7194767236,45.745552,-0.630826,distributeur_sacs,Saintes,saintes,17415,17100,17,nouvelle-aquitaine
12113018232,45.745288,-0.630749,distributeur_sacs,Saintes,saintes,17415,17100,17,nouvelle-aquitaine
13076167973,45.755053,-0.648564,distributeur_sacs,Saintes,saintes,17415,17100,17,nouvelle-aquitaine
13110414418,45.968884,-0.706915,distributeur_sacs,Tonnay-Boutonne,tonnay-boutonne,17448,17380,17,nouvelle-aquitaine
11809886275,45.942067,-0.888631,distributeur_sacs,Tonnay-Charente,tonnay-charente,17449,17430,17,nouvelle-aquitaine
9004137018,45.798633,-1.164257,distributeur_sacs,La Tremblade,la-tremblade,17452,17390,17,nouvelle-aquitaine
13388980347,45.768551,-1.1398,distributeur_sacs,La Tremblade,la-tremblade,17452,17390,17,nouvelle-aquitaine
11992122100,46.016804,-1.048789,distributeur_sacs,Yves,yves,17483,17340,17,nouvelle-aquitaine
8905055797,45.949338,-1.07611,distributeur_sacs,Port-des-Barques,port-des-barques,17484,17730,17,nouvelle-aquitaine
9609119117,45.947355,-1.080645,distributeur_sacs,Port-des-Barques,port-des-barques,17484,17730,17,nouvelle-aquitaine
12558989176,47.080557,2.388016,distributeur_sacs,Bourges,bourges,18033,18000,18,centre-val-de-loire
11747595897,46.547423,2.346618,poubelle_dejections,Culan,culan,18083,18270,18,centre-val-de-loire
13174866694,46.75013,2.17292,poubelle_dejections,Lignières,lignieres,18127,18160,18,centre-val-de-loire
13175021602,46.751758,2.17806,poubelle_dejections,Lignières,lignieres,18127,18160,18,centre-val-de-loire
13174964077,46.752616,2.178051,poubelle_dejections,Lignières,lignieres,18127,18160,18,centre-val-de-loire
11323218031,47.35029,2.195979,distributeur_sacs,Nançay,nancay,18159,18330,18,centre-val-de-loire
10937311039,46.831458,2.918688,distributeur_sacs,Sancoins,sancoins,18242,18600,18,centre-val-de-loire
11127261783,47.224232,2.068003,poubelle_dejections,Vierzon,vierzon,18279,18100,18,centre-val-de-loire
11755080236,45.157399,1.523925,distributeur_sacs,Brive-la-Gaillarde,brive-la-gaillarde,19031,19100,19,nouvelle-aquitaine
11753495750,45.15584,1.524826,distributeur_sacs,Brive-la-Gaillarde,brive-la-gaillarde,19031,19100,19,nouvelle-aquitaine
11761127160,45.154496,1.528376,distributeur_sacs,Brive-la-Gaillarde,brive-la-gaillarde,19031,19100,19,nouvelle-aquitaine
11760741136,45.155582,1.528021,distributeur_sacs,Brive-la-Gaillarde,brive-la-gaillarde,19031,19100,19,nouvelle-aquitaine
11760741135,45.15531,1.527627,distributeur_sacs,Brive-la-Gaillarde,brive-la-gaillarde,19031,19100,19,nouvelle-aquitaine
11755056093,45.156699,1.527322,distributeur_sacs,Brive-la-Gaillarde,brive-la-gaillarde,19031,19100,19,nouvelle-aquitaine
11755906880,45.156806,1.528038,distributeur_sacs,Brive-la-Gaillarde,brive-la-gaillarde,19031,19100,19,nouvelle-aquitaine
11786754337,45.389515,2.292779,distributeur_sacs,Neuvic,neuvic,19148,19160,19,nouvelle-aquitaine
11786786277,45.389446,2.29154,distributeur_sacs,Neuvic,neuvic,19148,19160,19,nouvelle-aquitaine
13078499001,47.345464,5.183991,distributeur_sacs,Arc-sur-Tille,arc-sur-tille,21021,21560,21,bourgogne-franche-comte
11609698250,47.13125,4.482776,distributeur_sacs,Arnay-le-Duc,arnay-le-duc,21023,21230,21,bourgogne-franche-comte
12880279286,47.03164,4.847545,distributeur_sacs,Beaune,beaune,21054,21200,21,bourgogne-franche-comte
8388272529,47.025843,4.838853,distributeur_sacs,Beaune,beaune,21054,21200,21,bourgogne-franche-comte
3100912455,47.022335,4.840609,distributeur_sacs,Beaune,beaune,21054,21200,21,bourgogne-franche-comte
3100912454,47.021405,4.839264,distributeur_sacs,Beaune,beaune,21054,21200,21,bourgogne-franche-comte
2842085549,47.024046,4.847799,distributeur_sacs,Beaune,beaune,21054,21200,21,bourgogne-franche-comte
3191943600,47.015423,4.849167,distributeur_sacs,Beaune,beaune,21054,21200,21,bourgogne-franche-comte
3190315067,47.017922,4.84704,distributeur_sacs,Beaune,beaune,21054,21200,21,bourgogne-franche-comte
2989869261,47.017433,4.836404,distributeur_sacs,Beaune,beaune,21054,21200,21,bourgogne-franche-comte
11888444718,47.022721,4.836607,distributeur_sacs,Beaune,beaune,21054,21200,21,bourgogne-franche-comte
13161679220,47.023341,4.836217,distributeur_sacs,Beaune,beaune,21054,21200,21,bourgogne-franche-comte
13161666778,47.024362,4.837392,distributeur_sacs,Beaune,beaune,21054,21200,21,bourgogne-franche-comte
11033841703,47.857456,4.573586,distributeur_sacs,Châtillon-sur-Seine,chatillon-sur-seine,21154,21400,21,bourgogne-franche-comte
7993591413,47.349453,5.004031,distributeur_sacs,Daix,daix,21223,21121,21,bourgogne-franche-comte
11889734685,47.352466,4.994447,distributeur_sacs,Daix,daix,21223,21121,21,bourgogne-franche-comte
9502785130,47.334695,5.028411,distributeur_sacs,Dijon,dijon,21231,21000,21,bourgogne-franche-comte
11889681388,47.335475,5.031813,distributeur_sacs,Dijon,dijon,21231,21000,21,bourgogne-franche-comte
11830744469,47.333619,5.036654,distributeur_sacs,Dijon,dijon,21231,21000,21,bourgogne-franche-comte
10735524027,47.354072,5.04053,distributeur_sacs,Dijon,dijon,21231,21000,21,bourgogne-franche-comte
11879507594,47.353054,5.04407,distributeur_sacs,Dijon,dijon,21231,21000,21,bourgogne-franche-comte
6917894938,47.347149,5.04101,distributeur_sacs,Dijon,dijon,21231,21000,21,bourgogne-franche-comte
11891918724,47.346042,5.042962,distributeur_sacs,Dijon,dijon,21231,21000,21,bourgogne-franche-comte
11891918728,47.343524,5.042813,distributeur_sacs,Dijon,dijon,21231,21000,21,bourgogne-franche-comte
11825707755,47.337939,5.046513,distributeur_sacs,Dijon,dijon,21231,21000,21,bourgogne-franche-comte
8901922162,47.33456,5.043841,poubelle_dejections,Dijon,dijon,21231,21000,21,bourgogne-franche-comte
11880856910,47.333284,5.045838,distributeur_sacs,Dijon,dijon,21231,21000,21,bourgogne-franche-comte
11825683290,47.335549,5.049033,distributeur_sacs,Dijon,dijon,21231,21000,21,bourgogne-franche-comte
9063504366,47.335556,5.049001,poubelle_dejections,Dijon,dijon,21231,21000,21,bourgogne-franche-comte
9709295757,47.33602,5.051921,distributeur_sacs,Dijon,dijon,21231,21000,21,bourgogne-franche-comte
13053600670,47.325365,5.061964,distributeur_sacs,Dijon,dijon,21231,21000,21,bourgogne-franche-comte
10832464860,47.325344,5.061249,distributeur_sacs,Dijon,dijon,21231,21000,21,bourgogne-franche-comte
13415966511,47.314194,5.072961,distributeur_sacs,Dijon,dijon,21231,21000,21,bourgogne-franche-comte
10773210105,47.309037,5.055589,poubelle_dejections,Dijon,dijon,21231,21000,21,bourgogne-franche-comte
8601552258,47.319956,5.045077,distributeur_sacs,Dijon,dijon,21231,21000,21,bourgogne-franche-comte
4788652727,47.317161,5.042607,distributeur_sacs,Dijon,dijon,21231,21000,21,bourgogne-franche-comte
11851716379,47.32035,5.040986,distributeur_sacs,Dijon,dijon,21231,21000,21,bourgogne-franche-comte
10815306118,47.321346,5.04538,distributeur_sacs,Dijon,dijon,21231,21000,21,bourgogne-franche-comte
11976574110,47.32324,5.044868,distributeur_sacs,Dijon,dijon,21231,21000,21,bourgogne-franche-comte
4493339149,47.323173,5.043797,distributeur_sacs,Dijon,dijon,21231,21000,21,bourgogne-franche-comte
13297346854,47.322176,5.041997,distributeur_sacs,Dijon,dijon,21231,21000,21,bourgogne-franche-comte
13084563563,47.326351,5.046191,distributeur_sacs,Dijon,dijon,21231,21000,21,bourgogne-franche-comte
10832187133,47.325175,5.047295,distributeur_sacs,Dijon,dijon,21231,21000,21,bourgogne-franche-comte
12331161336,47.322552,5.047762,distributeur_sacs,Dijon,dijon,21231,21000,21,bourgogne-franche-comte
10832464869,47.324746,5.056216,distributeur_sacs,Dijon,dijon,21231,21000,21,bourgogne-franche-comte
11003263775,47.323348,5.052181,distributeur_sacs,Dijon,dijon,21231,21000,21,bourgogne-franche-comte
10937830844,47.328942,5.05843,distributeur_sacs,Dijon,dijon,21231,21000,21,bourgogne-franche-comte
4053116300,47.330867,5.052094,distributeur_sacs,Dijon,dijon,21231,21000,21,bourgogne-franche-comte
11825649898,47.331299,5.048108,distributeur_sacs,Dijon,dijon,21231,21000,21,bourgogne-franche-comte
11880789793,47.332245,5.04633,distributeur_sacs,Dijon,dijon,21231,21000,21,bourgogne-franche-comte
10142284004,47.332232,5.046364,distributeur_sacs,Dijon,dijon,21231,21000,21,bourgogne-franche-comte
5170576087,47.327361,5.046067,distributeur_sacs,Dijon,dijon,21231,21000,21,bourgogne-franche-comte
13038974359,47.326883,5.043809,distributeur_sacs,Dijon,dijon,21231,21000,21,bourgogne-franche-comte
11825398378,47.328325,5.042479,distributeur_sacs,Dijon,dijon,21231,21000,21,bourgogne-franche-comte
11818367386,47.332446,5.042664,distributeur_sacs,Dijon,dijon,21231,21000,21,bourgogne-franche-comte
10694414690,47.329677,5.040709,poubelle_dejections,Dijon,dijon,21231,21000,21,bourgogne-franche-comte
11888524860,47.329679,5.040687,distributeur_sacs,Dijon,dijon,21231,21000,21,bourgogne-franche-comte
10694414691,47.329679,5.040697,distributeur_sacs,Dijon,dijon,21231,21000,21,bourgogne-franche-comte
10694414693,47.330802,5.038444,poubelle_dejections,Dijon,dijon,21231,21000,21,bourgogne-franche-comte
10694414694,47.330804,5.038432,distributeur_sacs,Dijon,dijon,21231,21000,21,bourgogne-franche-comte
12078726193,47.326421,5.036058,distributeur_sacs,Dijon,dijon,21231,21000,21,bourgogne-franche-comte
4965655052,47.32658,5.037975,distributeur_sacs,Dijon,dijon,21231,21000,21,bourgogne-franche-comte
4098233987,47.325176,5.038975,distributeur_sacs,Dijon,dijon,21231,21000,21,bourgogne-franche-comte
12026924588,47.323338,5.036363,distributeur_sacs,Dijon,dijon,21231,21000,21,bourgogne-franche-comte
12231711685,47.321143,5.036951,distributeur_sacs,Dijon,dijon,21231,21000,21,bourgogne-franche-comte
12265989704,47.321115,5.035274,distributeur_sacs,Dijon,dijon,21231,21000,21,bourgogne-franche-comte
4387034177,47.321835,5.032226,distributeur_sacs,Dijon,dijon,21231,21000,21,bourgogne-franche-comte
8269590846,47.327047,5.030999,distributeur_sacs,Dijon,dijon,21231,21000,21,bourgogne-franche-comte
8269655791,47.328015,5.031569,distributeur_sacs,Dijon,dijon,21231,21000,21,bourgogne-franche-comte
11830558042,47.330707,5.029073,distributeur_sacs,Dijon,dijon,21231,21000,21,bourgogne-franche-comte
13295054970,47.332465,5.026651,distributeur_sacs,Dijon,dijon,21231,21000,21,bourgogne-franche-comte
11830479481,47.330448,5.025152,distributeur_sacs,Dijon,dijon,21231,21000,21,bourgogne-franche-comte
8513098929,47.325079,5.007512,distributeur_sacs,Dijon,dijon,21231,21000,21,bourgogne-franche-comte
12786380165,47.317681,5.018128,distributeur_sacs,Dijon,dijon,21231,21000,21,bourgogne-franche-comte
12786403228,47.317768,5.019173,distributeur_sacs,Dijon,dijon,21231,21000,21,bourgogne-franche-comte
12786399148,47.317662,5.020957,distributeur_sacs,Dijon,dijon,21231,21000,21,bourgogne-franche-comte
12786399817,47.317444,5.014996,distributeur_sacs,Dijon,dijon,21231,21000,21,bourgogne-franche-comte
4535316078,47.313523,5.013675,distributeur_sacs,Dijon,dijon,21231,21000,21,bourgogne-franche-comte
11346549562,47.310737,5.018833,distributeur_sacs,Dijon,dijon,21231,21000,21,bourgogne-franche-comte
4065127490,47.310317,5.025546,distributeur_sacs,Dijon,dijon,21231,21000,21,bourgogne-franche-comte
11329360443,47.313171,5.026512,distributeur_sacs,Dijon,dijon,21231,21000,21,bourgogne-franche-comte
4097537977,47.318705,5.024402,distributeur_sacs,Dijon,dijon,21231,21000,21,bourgogne-franche-comte
12787986999,47.318468,5.029343,distributeur_sacs,Dijon,dijon,21231,21000,21,bourgogne-franche-comte
12788032980,47.31821,5.027769,distributeur_sacs,Dijon,dijon,21231,21000,21,bourgogne-franche-comte
8242581225,47.314646,5.029779,distributeur_sacs,Dijon,dijon,21231,21000,21,bourgogne-franche-comte
4378739175,47.31417,5.035125,distributeur_sacs,Dijon,dijon,21231,21000,21,bourgogne-franche-comte
13346801931,47.319323,5.035216,distributeur_sacs,Dijon,dijon,21231,21000,21,bourgogne-franche-comte
9908227739,47.317734,5.03478,poubelle_dejections,Dijon,dijon,21231,21000,21,bourgogne-franche-comte
9910032982,47.318875,5.040743,distributeur_sacs,Dijon,dijon,21231,21000,21,bourgogne-franche-comte
4065127491,47.316659,5.037581,distributeur_sacs,Dijon,dijon,21231,21000,21,bourgogne-franche-comte
4366830899,47.30704,5.03394,distributeur_sacs,Dijon,dijon,21231,21000,21,bourgogne-franche-comte
4366830898,47.305912,5.034916,distributeur_sacs,Dijon,dijon,21231,21000,21,bourgogne-franche-comte
8209874120,47.30747,5.019473,distributeur_sacs,Dijon,dijon,21231,21000,21,bourgogne-franche-comte
4050489615,47.303897,5.01772,distributeur_sacs,Dijon,dijon,21231,21000,21,bourgogne-franche-comte
9726739953,47.305264,5.012083,distributeur_sacs,Dijon,dijon,21231,21000,21,bourgogne-franche-comte
9801334893,47.299061,5.040902,distributeur_sacs,Dijon,dijon,21231,21000,21,bourgogne-franche-comte
9146331720,47.305288,5.049477,distributeur_sacs,Dijon,dijon,21231,21000,21,bourgogne-franche-comte
4975100241,47.307458,5.050938,distributeur_sacs,Dijon,dijon,21231,21000,21,bourgogne-franche-comte
9583250917,47.302226,5.058219,poubelle_dejections,Dijon,dijon,21231,21000,21,bourgogne-franche-comte
12047151841,47.301021,5.060071,poubelle_dejections,Dijon,dijon,21231,21000,21,bourgogne-franche-comte
12117098767,47.309682,4.857417,distributeur_sacs,Fleurey-sur-Ouche,fleurey-sur-ouche,21273,21410,21,bourgogne-franche-comte
12542188187,47.311302,4.856355,distributeur_sacs,Fleurey-sur-Ouche,fleurey-sur-ouche,21273,21410,21,bourgogne-franche-comte
11889681459,47.344102,5.016818,distributeur_sacs,Fontaine-lès-Dijon,fontaine-les-dijon,21278,21121,21,bourgogne-franche-comte
9934116628,47.342287,5.022239,distributeur_sacs,Fontaine-lès-Dijon,fontaine-les-dijon,21278,21121,21,bourgogne-franche-comte
11830502864,47.334708,5.028363,distributeur_sacs,Fontaine-lès-Dijon,fontaine-les-dijon,21278,21121,21,bourgogne-franche-comte
10154508039,47.341665,5.029319,distributeur_sacs,Fontaine-lès-Dijon,fontaine-les-dijon,21278,21121,21,bourgogne-franche-comte
9243925027,47.346588,5.024009,distributeur_sacs,Fontaine-lès-Dijon,fontaine-les-dijon,21278,21121,21,bourgogne-franche-comte
11586577617,47.345168,5.02704,poubelle_dejections,Fontaine-lès-Dijon,fontaine-les-dijon,21278,21121,21,bourgogne-franche-comte
9885833085,47.348507,5.023668,distributeur_sacs,Fontaine-lès-Dijon,fontaine-les-dijon,21278,21121,21,bourgogne-franche-comte
9886762826,47.349702,5.023439,distributeur_sacs,Fontaine-lès-Dijon,fontaine-les-dijon,21278,21121,21,bourgogne-franche-comte
9885833083,47.348302,5.027429,distributeur_sacs,Fontaine-lès-Dijon,fontaine-les-dijon,21278,21121,21,bourgogne-franche-comte
9243925032,47.350362,5.028981,distributeur_sacs,Fontaine-lès-Dijon,fontaine-les-dijon,21278,21121,21,bourgogne-franche-comte
10756136700,47.347839,5.031613,distributeur_sacs,Fontaine-lès-Dijon,fontaine-les-dijon,21278,21121,21,bourgogne-franche-comte
10756136689,47.347696,5.034767,distributeur_sacs,Fontaine-lès-Dijon,fontaine-les-dijon,21278,21121,21,bourgogne-franche-comte
9934113587,47.352773,5.030627,distributeur_sacs,Fontaine-lès-Dijon,fontaine-les-dijon,21278,21121,21,bourgogne-franche-comte
13076258469,47.263966,4.769772,distributeur_sacs,Gissey-sur-Ouche,gissey-sur-ouche,21300,21410,21,bourgogne-franche-comte
5864268621,47.197016,5.151363,distributeur_sacs,Longecourt-en-Plaine,longecourt-en-plaine,21353,21110,21,bourgogne-franche-comte
2989869237,46.977956,4.768809,distributeur_sacs,Meursault,meursault,21412,21190,21,bourgogne-franche-comte
13004243194,46.977291,4.770125,poubelle_dejections,Meursault,meursault,21412,21190,21,bourgogne-franche-comte
3195762763,46.97724,4.770156,distributeur_sacs,Meursault,meursault,21412,21190,21,bourgogne-franche-comte
13161671639,47.137606,4.946879,distributeur_sacs,Nuits-Saint-Georges,nuits-saint-georges,21464,21700,21,bourgogne-franche-comte
13161652347,47.136717,4.949453,distributeur_sacs,Nuits-Saint-Georges,nuits-saint-georges,21464,21700,21,bourgogne-franche-comte
2700176061,47.134586,4.950349,distributeur_sacs,Nuits-Saint-Georges,nuits-saint-georges,21464,21700,21,bourgogne-franche-comte
8238079317,47.339107,4.972434,poubelle_dejections,Plombières-lès-Dijon,plombieres-les-dijon,21485,21370,21,bourgogne-franche-comte
3221953892,47.008977,4.794245,distributeur_sacs,Pommard,pommard,21492,21630,21,bourgogne-franche-comte
3218100075,47.008322,4.796696,distributeur_sacs,Pommard,pommard,21492,21630,21,bourgogne-franche-comte
3218100078,47.008725,4.796575,distributeur_sacs,Pommard,pommard,21492,21630,21,bourgogne-franche-comte
3221953891,47.008929,4.795091,distributeur_sacs,Pommard,pommard,21492,21630,21,bourgogne-franche-comte
3306552539,47.009799,4.797147,distributeur_sacs,Pommard,pommard,21492,21630,21,bourgogne-franche-comte
10867239105,47.314595,5.122474,poubelle_dejections,Quetigny,quetigny,21515,21800,21,bourgogne-franche-comte
10819452305,47.311709,5.120998,poubelle_dejections,Quetigny,quetigny,21515,21800,21,bourgogne-franche-comte
13150451852,47.101826,5.26032,distributeur_sacs,Saint-Jean-de-Losne,saint-jean-de-losne,21554,21170,21,bourgogne-franche-comte
11134638903,47.285772,4.794767,distributeur_sacs,Sainte-Marie-sur-Ouche,sainte-marie-sur-ouche,21559,21410,21,bourgogne-franche-comte
11129486247,47.285846,4.797559,distributeur_sacs,Sainte-Marie-sur-Ouche,sainte-marie-sur-ouche,21559,21410,21,bourgogne-franche-comte
13150610683,47.105356,5.25732,distributeur_sacs,Saint-Usage,saint-usage,21577,21170,21,bourgogne-franche-comte
13150637717,47.107407,5.26159,distributeur_sacs,Saint-Usage,saint-usage,21577,21170,21,bourgogne-franche-comte
13150605039,47.105777,5.263372,distributeur_sacs,Saint-Usage,saint-usage,21577,21170,21,bourgogne-franche-comte
8514640386,47.276324,4.232655,distributeur_sacs,Saulieu,saulieu,21584,21210,21,bourgogne-franche-comte
8490209891,47.280134,4.230721,distributeur_sacs,Saulieu,saulieu,21584,21210,21,bourgogne-franche-comte
12112647982,47.065005,4.818189,distributeur_sacs,Savigny-lès-Beaune,savigny-les-beaune,21590,21420,21,bourgogne-franche-comte
12096753544,47.063478,4.818371,distributeur_sacs,Savigny-lès-Beaune,savigny-les-beaune,21590,21420,21,bourgogne-franche-comte
12096752263,47.062604,4.816242,distributeur_sacs,Savigny-lès-Beaune,savigny-les-beaune,21590,21420,21,bourgogne-franche-comte
12095658357,47.063764,4.812821,distributeur_sacs,Savigny-lès-Beaune,savigny-les-beaune,21590,21420,21,bourgogne-franche-comte
12097324615,47.068133,4.803203,distributeur_sacs,Savigny-lès-Beaune,savigny-les-beaune,21590,21420,21,bourgogne-franche-comte
11427575227,47.491767,4.338017,distributeur_sacs,Semur-en-Auxois,semur-en-auxois,21603,21140,21,bourgogne-franche-comte
12829294680,47.491561,4.335941,distributeur_sacs,Semur-en-Auxois,semur-en-auxois,21603,21140,21,bourgogne-franche-comte
7236312717,47.342159,5.008745,poubelle_dejections,Talant,talant,21617,21240,21,bourgogne-franche-comte
7236347327,47.341112,5.012988,poubelle_dejections,Talant,talant,21617,21240,21,bourgogne-franche-comte
3194227420,47.177084,4.963906,distributeur_sacs,Vougeot,vougeot,21716,21640,21,bourgogne-franche-comte
3969283949,48.453534,-2.047405,distributeur_sacs,Dinan,dinan,22050,22100,22,bretagne
1902945574,48.451931,-2.044456,distributeur_sacs,Dinan,dinan,22050,22100,22,bretagne
2443190958,48.453869,-2.040997,distributeur_sacs,Dinan,dinan,22050,22100,22,bretagne
9925000988,48.455217,-2.040946,distributeur_sacs,Dinan,dinan,22050,22100,22,bretagne
13414107724,48.456286,-2.038502,distributeur_sacs,Dinan,dinan,22050,22100,22,bretagne
13072254340,48.225673,-3.178791,distributeur_sacs,Gouarec,gouarec,22064,22570,22,bretagne
8826654594,48.560753,-3.150688,distributeur_sacs,Guingamp,guingamp,22070,22200,22,bretagne
3721569210,48.562394,-3.152674,distributeur_sacs,Guingamp,guingamp,22070,22200,22,bretagne
12988289561,48.46848,-2.519447,distributeur_sacs,Lamballe-Armor,lamballe-armor,22093,22400,22,bretagne
12988267482,48.46848,-2.519447,poubelle_dejections,Lamballe-Armor,lamballe-armor,22093,22400,22,bretagne
12988260155,48.46839,-2.514593,distributeur_sacs,Lamballe-Armor,lamballe-armor,22093,22400,22,bretagne
12987237698,48.471533,-2.516671,distributeur_sacs,Lamballe-Armor,lamballe-armor,22093,22400,22,bretagne
12995354943,48.470808,-2.503642,distributeur_sacs,Lamballe-Armor,lamballe-armor,22093,22400,22,bretagne
12985024393,48.49439,-2.686832,distributeur_sacs,Langueux,langueux,22106,22360,22,bretagne
12294208125,48.825816,-3.087968,poubelle_dejections,Lézardrieux,lezardrieux,22127,22740,22,bretagne
11139836607,48.283688,-3.423392,distributeur_sacs,Maël-Carhaix,mael-carhaix,22137,22340,22,bretagne
11139798645,48.283386,-3.423489,distributeur_sacs,Maël-Carhaix,mael-carhaix,22137,22340,22,bretagne
13409114180,48.585831,-3.13675,poubelle_dejections,Pabu,pabu,22161,22200,22,bretagne
9991596283,48.782074,-3.045013,distributeur_sacs,Paimpol,paimpol,22162,22500,22,bretagne
10695502437,48.777058,-3.04626,distributeur_sacs,Paimpol,paimpol,22162,22500,22,bretagne
6190174526,48.777405,-3.05072,distributeur_sacs,Paimpol,paimpol,22162,22500,22,bretagne
3888781779,48.805008,-3.442906,distributeur_sacs,Perros-Guirec,perros-guirec,22168,22700,22,bretagne
7811967364,48.816277,-3.444976,distributeur_sacs,Perros-Guirec,perros-guirec,22168,22700,22,bretagne
2456777087,48.521119,-2.232707,distributeur_sacs,Plancoët,plancoet,22172,22130,22,bretagne
2207331776,48.522159,-2.235812,distributeur_sacs,Plancoët,plancoet,22172,22130,22,bretagne
13410246270,48.582813,-2.143835,distributeur_sacs,Beaussais-sur-Mer,beaussais-sur-mer,22209,22650,22,bretagne
13410250600,48.580903,-2.145272,distributeur_sacs,Beaussais-sur-Mer,beaussais-sur-mer,22209,22650,22,bretagne
13404134416,48.578729,-2.139542,distributeur_sacs,Beaussais-sur-Mer,beaussais-sur-mer,22209,22650,22,bretagne
13404131802,48.580131,-2.142167,distributeur_sacs,Beaussais-sur-Mer,beaussais-sur-mer,22209,22650,22,bretagne
13251965861,48.500558,-2.784616,distributeur_sacs,Ploufragan,ploufragan,22215,22440,22,bretagne
8714448309,48.572015,-2.806639,distributeur_sacs,Pordic,pordic,22251,22590,22,bretagne
11157711306,48.404393,-2.91345,distributeur_sacs,Quintin,quintin,22262,22800,22,bretagne
12943074929,48.236149,-3.31814,poubelle_dejections,Rostrenen,rostrenen,22266,22110,22,bretagne
12943074928,48.237183,-3.317769,poubelle_dejections,Rostrenen,rostrenen,22266,22110,22,bretagne
12949888257,48.236731,-3.318957,poubelle_dejections,Rostrenen,rostrenen,22266,22110,22,bretagne
12486516001,48.516843,-2.764023,distributeur_sacs,Saint-Brieuc,saint-brieuc,22278,22000,22,bretagne
12384408519,48.516156,-2.757507,distributeur_sacs,Saint-Brieuc,saint-brieuc,22278,22000,22,bretagne
12496573094,48.500993,-2.757494,distributeur_sacs,Saint-Brieuc,saint-brieuc,22278,22000,22,bretagne
13004627237,48.511486,-2.742412,distributeur_sacs,Saint-Brieuc,saint-brieuc,22278,22000,22,bretagne
12794139830,48.504153,-2.7573,distributeur_sacs,Saint-Brieuc,saint-brieuc,22278,22000,22,bretagne
12471279963,48.515127,-2.765151,distributeur_sacs,Saint-Brieuc,saint-brieuc,22278,22000,22,bretagne
11159124257,48.515043,-2.768001,distributeur_sacs,Saint-Brieuc,saint-brieuc,22278,22000,22,bretagne
12919575541,48.515056,-2.777854,distributeur_sacs,Saint-Brieuc,saint-brieuc,22278,22000,22,bretagne
12307580362,48.505752,-2.769295,distributeur_sacs,Saint-Brieuc,saint-brieuc,22278,22000,22,bretagne
12731121809,48.509884,-2.764879,distributeur_sacs,Saint-Brieuc,saint-brieuc,22278,22000,22,bretagne
12307578043,48.508557,-2.762812,distributeur_sacs,Saint-Brieuc,saint-brieuc,22278,22000,22,bretagne
12314207352,48.508936,-2.761789,distributeur_sacs,Saint-Brieuc,saint-brieuc,22278,22000,22,bretagne
12496587986,48.506606,-2.759774,distributeur_sacs,Saint-Brieuc,saint-brieuc,22278,22000,22,bretagne
12304205952,48.504918,-2.76395,distributeur_sacs,Saint-Brieuc,saint-brieuc,22278,22000,22,bretagne
12304219442,48.502353,-2.767457,distributeur_sacs,Saint-Brieuc,saint-brieuc,22278,22000,22,bretagne
13188652566,46.349597,2.215211,poubelle_dejections,Boussac,boussac,23031,23600,23,nouvelle-aquitaine
13188738942,46.350132,2.215927,poubelle_dejections,Boussac,boussac,23031,23600,23,nouvelle-aquitaine
13189042988,46.349937,2.212317,poubelle_dejections,Boussac,boussac,23031,23600,23,nouvelle-aquitaine
10657336305,46.178011,1.86246,distributeur_sacs,Guéret,gueret,23096,23000,23,nouvelle-aquitaine
10135092717,46.178189,1.863977,distributeur_sacs,Guéret,gueret,23096,23000,23,nouvelle-aquitaine
9769283517,46.17391,1.869419,distributeur_sacs,Guéret,gueret,23096,23000,23,nouvelle-aquitaine
10169352917,46.175938,1.871221,distributeur_sacs,Guéret,gueret,23096,23000,23,nouvelle-aquitaine
9785641217,46.173482,1.87136,distributeur_sacs,Guéret,gueret,23096,23000,23,nouvelle-aquitaine
10669984007,46.180676,1.874601,distributeur_sacs,Guéret,gueret,23096,23000,23,nouvelle-aquitaine
10657307405,46.178852,1.882484,distributeur_sacs,Guéret,gueret,23096,23000,23,nouvelle-aquitaine
10657308105,46.179253,1.882922,distributeur_sacs,Guéret,gueret,23096,23000,23,nouvelle-aquitaine
10657317505,46.175734,1.882703,distributeur_sacs,Guéret,gueret,23096,23000,23,nouvelle-aquitaine
10130369956,46.166782,1.881808,distributeur_sacs,Guéret,gueret,23096,23000,23,nouvelle-aquitaine
10669989609,46.171078,1.8762,distributeur_sacs,Guéret,gueret,23096,23000,23,nouvelle-aquitaine
9788470617,46.170597,1.874765,distributeur_sacs,Guéret,gueret,23096,23000,23,nouvelle-aquitaine
9768952218,46.170597,1.87308,distributeur_sacs,Guéret,gueret,23096,23000,23,nouvelle-aquitaine
10225089717,46.171198,1.872309,distributeur_sacs,Guéret,gueret,23096,23000,23,nouvelle-aquitaine
9769352619,46.171709,1.874196,distributeur_sacs,Guéret,gueret,23096,23000,23,nouvelle-aquitaine
9785636117,46.171999,1.868117,distributeur_sacs,Guéret,gueret,23096,23000,23,nouvelle-aquitaine
10302096910,46.171767,1.868863,distributeur_sacs,Guéret,gueret,23096,23000,23,nouvelle-aquitaine
10669746905,46.17019,1.868278,distributeur_sacs,Guéret,gueret,23096,23000,23,nouvelle-aquitaine
9817327317,46.170191,1.870159,distributeur_sacs,Guéret,gueret,23096,23000,23,nouvelle-aquitaine
10655293105,46.170487,1.870385,distributeur_sacs,Guéret,gueret,23096,23000,23,nouvelle-aquitaine
10135070118,46.171348,1.871656,distributeur_sacs,Guéret,gueret,23096,23000,23,nouvelle-aquitaine
10058493018,46.170952,1.871892,distributeur_sacs,Guéret,gueret,23096,23000,23,nouvelle-aquitaine
9784640417,46.169972,1.87184,distributeur_sacs,Guéret,gueret,23096,23000,23,nouvelle-aquitaine
9785766419,46.169611,1.871179,distributeur_sacs,Guéret,gueret,23096,23000,23,nouvelle-aquitaine
9769585918,46.168305,1.87007,distributeur_sacs,Guéret,gueret,23096,23000,23,nouvelle-aquitaine
9817326817,46.16972,1.868207,distributeur_sacs,Guéret,gueret,23096,23000,23,nouvelle-aquitaine
10669748305,46.169859,1.86776,distributeur_sacs,Guéret,gueret,23096,23000,23,nouvelle-aquitaine
10991429437,46.169281,1.868287,distributeur_sacs,Guéret,gueret,23096,23000,23,nouvelle-aquitaine
9769888517,46.167048,1.870058,distributeur_sacs,Guéret,gueret,23096,23000,23,nouvelle-aquitaine
9784983326,46.167897,1.873067,distributeur_sacs,Guéret,gueret,23096,23000,23,nouvelle-aquitaine
10657544405,46.168534,1.8727,distributeur_sacs,Guéret,gueret,23096,23000,23,nouvelle-aquitaine
6646215686,46.168983,1.872675,distributeur_sacs,Guéret,gueret,23096,23000,23,nouvelle-aquitaine
10669998005,46.169165,1.875379,distributeur_sacs,Guéret,gueret,23096,23000,23,nouvelle-aquitaine
10669987305,46.161648,1.874026,distributeur_sacs,Guéret,gueret,23096,23000,23,nouvelle-aquitaine
10308745809,46.165138,1.859766,distributeur_sacs,Guéret,gueret,23096,23000,23,nouvelle-aquitaine
9792474717,46.169705,1.86721,distributeur_sacs,Guéret,gueret,23096,23000,23,nouvelle-aquitaine
10058801517,46.170613,1.865865,distributeur_sacs,Guéret,gueret,23096,23000,23,nouvelle-aquitaine
10657354405,46.170682,1.867062,distributeur_sacs,Guéret,gueret,23096,23000,23,nouvelle-aquitaine
9776907517,46.172633,1.864922,distributeur_sacs,Guéret,gueret,23096,23000,23,nouvelle-aquitaine
9784894728,46.171489,1.863054,distributeur_sacs,Guéret,gueret,23096,23000,23,nouvelle-aquitaine
9769521117,46.162663,1.852674,distributeur_sacs,Guéret,gueret,23096,23000,23,nouvelle-aquitaine
9769551217,46.166128,1.85347,distributeur_sacs,Guéret,gueret,23096,23000,23,nouvelle-aquitaine
10669988605,46.15703,1.87123,distributeur_sacs,Guéret,gueret,23096,23000,23,nouvelle-aquitaine
10135069919,46.159236,1.874451,distributeur_sacs,Guéret,gueret,23096,23000,23,nouvelle-aquitaine
10669984005,46.160218,1.874285,distributeur_sacs,Guéret,gueret,23096,23000,23,nouvelle-aquitaine
11233011703,46.240584,1.48449,poubelle_dejections,La Souterraine,la-souterraine,23176,23300,23,nouvelle-aquitaine
9782452627,46.151694,1.511374,distributeur_sacs,Fursac,fursac,23192,23290,23,nouvelle-aquitaine
13477313444,44.850419,0.483249,distributeur_sacs,Bergerac,bergerac,24037,24100,24,nouvelle-aquitaine
13477313445,44.85108,0.48315,distributeur_sacs,Bergerac,bergerac,24037,24100,24,nouvelle-aquitaine
12787241725,44.918322,0.925394,distributeur_sacs,Le Bugue,le-bugue,24067,24260,24,nouvelle-aquitaine
7328874828,44.907826,0.967149,distributeur_sacs,Campagne,campagne,24076,24260,24,nouvelle-aquitaine
7367417165,44.801377,1.214739,distributeur_sacs,Domme,domme,24152,24250,24,nouvelle-aquitaine
12122467678,44.803544,1.21448,distributeur_sacs,Domme,domme,24152,24250,24,nouvelle-aquitaine
9111394966,45.260523,1.143683,distributeur_sacs,Hautefort,hautefort,24210,24390,24,nouvelle-aquitaine
9579006293,45.185169,0.717795,distributeur_sacs,Périgueux,perigueux,24322,24000,24,nouvelle-aquitaine
11805134078,45.180624,0.709315,distributeur_sacs,Périgueux,perigueux,24322,24000,24,nouvelle-aquitaine
11805070214,45.181118,0.708838,distributeur_sacs,Périgueux,perigueux,24322,24000,24,nouvelle-aquitaine
3160049502,45.047647,0.979379,poubelle_dejections,Rouffignac-Saint-Cernin-de-Reilhac,rouffignac-saint-cernin-de-reilhac,24356,24580,24,nouvelle-aquitaine
12146584015,45.011284,1.088754,distributeur_sacs,Saint-Léon-sur-Vézère,saint-leon-sur-vezere,24443,24290,24,nouvelle-aquitaine
11914226866,47.52253,6.657428,distributeur_sacs,Arcey,arcey,25022,25750,25,bourgogne-franche-comte
9050844579,47.352935,6.35891,distributeur_sacs,Baume-les-Dames,baume-les-dames,25047,25110,25,bourgogne-franche-comte
9050844595,47.35183,6.361643,distributeur_sacs,Baume-les-Dames,baume-les-dames,25047,25110,25,bourgogne-franche-comte
9050844599,47.352364,6.36215,distributeur_sacs,Baume-les-Dames,baume-les-dames,25047,25110,25,bourgogne-franche-comte
9050844586,47.352816,6.361651,distributeur_sacs,Baume-les-Dames,baume-les-dames,25047,25110,25,bourgogne-franche-comte
1172608868,47.350932,6.362738,distributeur_sacs,Baume-les-Dames,baume-les-dames,25047,25110,25,bourgogne-franche-comte
1172812795,47.350409,6.361611,distributeur_sacs,Baume-les-Dames,baume-les-dames,25047,25110,25,bourgogne-franche-comte
10113346430,47.344771,6.35273,distributeur_sacs,Baume-les-Dames,baume-les-dames,25047,25110,25,bourgogne-franche-comte
11543322309,47.217113,5.962389,distributeur_sacs,Besançon,besancon,25056,25000,25,bourgogne-franche-comte
12765950596,47.222293,5.983978,distributeur_sacs,Besançon,besancon,25056,25000,25,bourgogne-franche-comte
11497127816,47.217912,6.012075,distributeur_sacs,Besançon,besancon,25056,25000,25,bourgogne-franche-comte
11755944603,47.22806,6.005354,distributeur_sacs,Besançon,besancon,25056,25000,25,bourgogne-franche-comte
11769426435,47.231065,6.018562,distributeur_sacs,Besançon,besancon,25056,25000,25,bourgogne-franche-comte
11761510959,47.23112,6.026613,distributeur_sacs,Besançon,besancon,25056,25000,25,bourgogne-franche-comte
8315127091,47.228322,6.042498,distributeur_sacs,Besançon,besancon,25056,25000,25,bourgogne-franche-comte
8315127089,47.2287,6.042824,distributeur_sacs,Besançon,besancon,25056,25000,25,bourgogne-franche-comte
11771964667,47.233751,6.036633,distributeur_sacs,Besançon,besancon,25056,25000,25,bourgogne-franche-comte
12140779552,47.238479,6.036223,distributeur_sacs,Besançon,besancon,25056,25000,25,bourgogne-franche-comte
11771964665,47.238583,6.034679,distributeur_sacs,Besançon,besancon,25056,25000,25,bourgogne-franche-comte
11958855771,47.249131,6.040042,distributeur_sacs,Besançon,besancon,25056,25000,25,bourgogne-franche-comte
11958855774,47.247988,6.042198,distributeur_sacs,Besançon,besancon,25056,25000,25,bourgogne-franche-comte
11737050868,47.246541,6.036059,distributeur_sacs,Besançon,besancon,25056,25000,25,bourgogne-franche-comte
11737094574,47.24781,6.036498,distributeur_sacs,Besançon,besancon,25056,25000,25,bourgogne-franche-comte
11958855770,47.250454,6.035723,distributeur_sacs,Besançon,besancon,25056,25000,25,bourgogne-franche-comte
11818060765,47.254442,6.03949,distributeur_sacs,Besançon,besancon,25056,25000,25,bourgogne-franche-comte
11969399400,47.257708,6.036754,distributeur_sacs,Besançon,besancon,25056,25000,25,bourgogne-franche-comte
12798349553,47.26543,6.046461,distributeur_sacs,Besançon,besancon,25056,25000,25,bourgogne-franche-comte
12861052159,47.263842,6.02333,distributeur_sacs,Besançon,besancon,25056,25000,25,bourgogne-franche-comte
11929928724,47.251893,6.030265,distributeur_sacs,Besançon,besancon,25056,25000,25,bourgogne-franche-comte
11828298696,47.254051,6.028771,distributeur_sacs,Besançon,besancon,25056,25000,25,bourgogne-franche-comte
12876782728,47.257124,6.022373,distributeur_sacs,Besançon,besancon,25056,25000,25,bourgogne-franche-comte
12801903204,47.252925,6.020334,distributeur_sacs,Besançon,besancon,25056,25000,25,bourgogne-franche-comte
12801891773,47.251675,6.021404,distributeur_sacs,Besançon,besancon,25056,25000,25,bourgogne-franche-comte
12801879388,47.254397,6.020612,distributeur_sacs,Besançon,besancon,25056,25000,25,bourgogne-franche-comte
11736713206,47.246073,6.022361,distributeur_sacs,Besançon,besancon,25056,25000,25,bourgogne-franche-comte
12801864476,47.248142,6.021092,distributeur_sacs,Besançon,besancon,25056,25000,25,bourgogne-franche-comte
11736713204,47.245752,6.023586,distributeur_sacs,Besançon,besancon,25056,25000,25,bourgogne-franche-comte
11793336247,47.245425,6.024521,distributeur_sacs,Besançon,besancon,25056,25000,25,bourgogne-franche-comte
11736713202,47.245793,6.02813,distributeur_sacs,Besançon,besancon,25056,25000,25,bourgogne-franche-comte
11778731376,47.247149,6.029011,distributeur_sacs,Besançon,besancon,25056,25000,25,bourgogne-franche-comte
11950415159,47.247808,6.027379,distributeur_sacs,Besançon,besancon,25056,25000,25,bourgogne-franche-comte
11916527744,47.249014,6.028373,distributeur_sacs,Besançon,besancon,25056,25000,25,bourgogne-franche-comte
11736665351,47.249157,6.031759,distributeur_sacs,Besançon,besancon,25056,25000,25,bourgogne-franche-comte
7025538670,47.24918,6.031318,distributeur_sacs,Besançon,besancon,25056,25000,25,bourgogne-franche-comte
11736665350,47.247258,6.031149,distributeur_sacs,Besançon,besancon,25056,25000,25,bourgogne-franche-comte
11942868615,47.242752,6.031568,distributeur_sacs,Besançon,besancon,25056,25000,25,bourgogne-franche-comte
11737069267,47.244391,6.031522,distributeur_sacs,Besançon,besancon,25056,25000,25,bourgogne-franche-comte
11753749077,47.242535,6.026476,distributeur_sacs,Besançon,besancon,25056,25000,25,bourgogne-franche-comte
11740479456,47.241247,6.027207,distributeur_sacs,Besançon,besancon,25056,25000,25,bourgogne-franche-comte
11773595601,47.239139,6.027085,distributeur_sacs,Besançon,besancon,25056,25000,25,bourgogne-franche-comte
11761510958,47.241911,6.029914,distributeur_sacs,Besançon,besancon,25056,25000,25,bourgogne-franche-comte
11771964664,47.23859,6.033817,distributeur_sacs,Besançon,besancon,25056,25000,25,bourgogne-franche-comte
12031751740,47.23631,6.032874,distributeur_sacs,Besançon,besancon,25056,25000,25,bourgogne-franche-comte
11769426437,47.233817,6.033589,distributeur_sacs,Besançon,besancon,25056,25000,25,bourgogne-franche-comte
11964424452,47.233724,6.031061,distributeur_sacs,Besançon,besancon,25056,25000,25,bourgogne-franche-comte
11964424453,47.233834,6.028652,distributeur_sacs,Besançon,besancon,25056,25000,25,bourgogne-franche-comte
11964424454,47.233187,6.026105,distributeur_sacs,Besançon,besancon,25056,25000,25,bourgogne-franche-comte
11958855777,47.235597,6.025975,distributeur_sacs,Besançon,besancon,25056,25000,25,bourgogne-franche-comte
12001010768,47.236232,6.029741,distributeur_sacs,Besançon,besancon,25056,25000,25,bourgogne-franche-comte
11958855775,47.237677,6.026639,distributeur_sacs,Besançon,besancon,25056,25000,25,bourgogne-franche-comte
11832838109,47.237573,6.024358,distributeur_sacs,Besançon,besancon,25056,25000,25,bourgogne-franche-comte
12061943549,47.237819,6.021988,distributeur_sacs,Besançon,besancon,25056,25000,25,bourgogne-franche-comte
11958855776,47.237911,6.02188,distributeur_sacs,Besançon,besancon,25056,25000,25,bourgogne-franche-comte
12231510397,47.238216,6.017917,distributeur_sacs,Besançon,besancon,25056,25000,25,bourgogne-franche-comte
12000720303,47.238065,6.016456,distributeur_sacs,Besançon,besancon,25056,25000,25,bourgogne-franche-comte
11781067351,47.23965,6.017239,distributeur_sacs,Besançon,besancon,25056,25000,25,bourgogne-franche-comte
12486583770,47.240192,6.01985,distributeur_sacs,Besançon,besancon,25056,25000,25,bourgogne-franche-comte
11802195021,47.240075,6.022032,distributeur_sacs,Besançon,besancon,25056,25000,25,bourgogne-franche-comte
11964424450,47.241371,6.023181,distributeur_sacs,Besançon,besancon,25056,25000,25,bourgogne-franche-comte
11935386059,47.241626,6.02196,distributeur_sacs,Besançon,besancon,25056,25000,25,bourgogne-franche-comte
11951786287,47.243699,6.022412,distributeur_sacs,Besançon,besancon,25056,25000,25,bourgogne-franche-comte
8330322667,47.245176,6.017297,distributeur_sacs,Besançon,besancon,25056,25000,25,bourgogne-franche-comte
11736719280,47.239103,6.013547,distributeur_sacs,Besançon,besancon,25056,25000,25,bourgogne-franche-comte
11869258372,47.241219,6.015931,distributeur_sacs,Besançon,besancon,25056,25000,25,bourgogne-franche-comte
11769426434,47.23426,6.01544,distributeur_sacs,Besançon,besancon,25056,25000,25,bourgogne-franche-comte
13094295246,46.600227,6.114739,distributeur_sacs,Chapelle-des-Bois,chapelle-des-bois,25121,25240,25,bourgogne-franche-comte
13094303211,46.602836,6.112901,distributeur_sacs,Chapelle-des-Bois,chapelle-des-bois,25121,25240,25,bourgogne-franche-comte
8596208885,47.522325,6.912808,distributeur_sacs,Fesches-le-Châtel,fesches-le-chatel,25237,25490,25,bourgogne-franche-comte
9790717746,46.835171,6.400598,distributeur_sacs,Les Fourgs,les-fourgs,25254,25300,25,bourgogne-franche-comte
9791979615,46.83366,6.406138,distributeur_sacs,Les Fourgs,les-fourgs,25254,25300,25,bourgogne-franche-comte
9791988673,46.834158,6.403915,distributeur_sacs,Les Fourgs,les-fourgs,25254,25300,25,bourgogne-franche-comte
12068762592,46.995167,6.543179,distributeur_sacs,Les Gras,les-gras,25296,25790,25,bourgogne-franche-comte
9834547854,46.995209,6.543976,distributeur_sacs,Les Gras,les-gras,25296,25790,25,bourgogne-franche-comte
13428140090,46.769872,6.373351,distributeur_sacs,Les Hôpitaux-Neufs,les-hopitaux-neufs,25307,25370,25,bourgogne-franche-comte
13428140069,46.773132,6.371543,distributeur_sacs,Les Hôpitaux-Neufs,les-hopitaux-neufs,25307,25370,25,bourgogne-franche-comte
10855666149,46.781579,6.284882,distributeur_sacs,Labergement-Sainte-Marie,labergement-sainte-marie,25320,25160,25,bourgogne-franche-comte
13103516753,46.773779,6.280413,distributeur_sacs,Labergement-Sainte-Marie,labergement-sainte-marie,25320,25160,25,bourgogne-franche-comte
10855564767,46.771584,6.278131,distributeur_sacs,Labergement-Sainte-Marie,labergement-sainte-marie,25320,25160,25,bourgogne-franche-comte
7363347398,46.771605,6.276299,distributeur_sacs,Labergement-Sainte-Marie,labergement-sainte-marie,25320,25160,25,bourgogne-franche-comte
7363347399,46.771263,6.274226,distributeur_sacs,Labergement-Sainte-Marie,labergement-sainte-marie,25320,25160,25,bourgogne-franche-comte
11519826666,47.253406,6.80225,distributeur_sacs,Maîche,maiche,25356,25120,25,bourgogne-franche-comte
11519829284,47.252326,6.80335,distributeur_sacs,Maîche,maiche,25356,25120,25,bourgogne-franche-comte
12368457682,46.832075,6.289538,distributeur_sacs,Malpas,malpas,25362,25160,25,bourgogne-franche-comte
9521630122,47.102785,6.153927,distributeur_sacs,Ornans,ornans,25434,25290,25,bourgogne-franche-comte
9521633217,47.103351,6.154174,distributeur_sacs,Ornans,ornans,25434,25290,25,bourgogne-franche-comte
9521629129,47.10434,6.154235,distributeur_sacs,Ornans,ornans,25434,25290,25,bourgogne-franche-comte
9521632820,47.101912,6.152151,distributeur_sacs,Ornans,ornans,25434,25290,25,bourgogne-franche-comte
9521630121,47.103573,6.149397,distributeur_sacs,Ornans,ornans,25434,25290,25,bourgogne-franche-comte
9521629419,47.104922,6.145837,distributeur_sacs,Ornans,ornans,25434,25290,25,bourgogne-franche-comte
9521628924,47.105586,6.144872,distributeur_sacs,Ornans,ornans,25434,25290,25,bourgogne-franche-comte
9521632819,47.105077,6.146677,distributeur_sacs,Ornans,ornans,25434,25290,25,bourgogne-franche-comte
9521630027,47.105353,6.148481,distributeur_sacs,Ornans,ornans,25434,25290,25,bourgogne-franche-comte
9521628925,47.106436,6.146768,distributeur_sacs,Ornans,ornans,25434,25290,25,bourgogne-franche-comte
9521630026,47.104919,6.141258,distributeur_sacs,Ornans,ornans,25434,25290,25,bourgogne-franche-comte
8990665468,47.103086,6.138054,distributeur_sacs,Ornans,ornans,25434,25290,25,bourgogne-franche-comte
12772211722,47.100762,6.128483,distributeur_sacs,Ornans,ornans,25434,25290,25,bourgogne-franche-comte
9108996376,46.906697,6.361691,distributeur_sacs,Pontarlier,pontarlier,25462,25300,25,bourgogne-franche-comte
11608672590,46.902351,6.356583,distributeur_sacs,Pontarlier,pontarlier,25462,25300,25,bourgogne-franche-comte
7727410564,46.902469,6.357573,distributeur_sacs,Pontarlier,pontarlier,25462,25300,25,bourgogne-franche-comte
7727410910,46.90513,6.357444,distributeur_sacs,Pontarlier,pontarlier,25462,25300,25,bourgogne-franche-comte
7727410911,46.904089,6.358355,distributeur_sacs,Pontarlier,pontarlier,25462,25300,25,bourgogne-franche-comte
6925711135,46.906085,6.35714,distributeur_sacs,Pontarlier,pontarlier,25462,25300,25,bourgogne-franche-comte
5741983109,46.90609,6.357138,poubelle_dejections,Pontarlier,pontarlier,25462,25300,25,bourgogne-franche-comte
11225763879,46.906076,6.355411,distributeur_sacs,Pontarlier,pontarlier,25462,25300,25,bourgogne-franche-comte
7929440056,46.904289,6.354443,distributeur_sacs,Pontarlier,pontarlier,25462,25300,25,bourgogne-franche-comte
7317206228,46.904213,6.352351,distributeur_sacs,Pontarlier,pontarlier,25462,25300,25,bourgogne-franche-comte
11028506383,46.906901,6.348942,distributeur_sacs,Pontarlier,pontarlier,25462,25300,25,bourgogne-franche-comte
12613663676,46.904719,6.34718,distributeur_sacs,Pontarlier,pontarlier,25462,25300,25,bourgogne-franche-comte
12793473555,46.904318,6.34815,distributeur_sacs,Pontarlier,pontarlier,25462,25300,25,bourgogne-franche-comte
12793473554,46.90412,6.350206,distributeur_sacs,Pontarlier,pontarlier,25462,25300,25,bourgogne-franche-comte
6467087675,46.904077,6.350689,distributeur_sacs,Pontarlier,pontarlier,25462,25300,25,bourgogne-franche-comte
7727410565,46.903497,6.351348,distributeur_sacs,Pontarlier,pontarlier,25462,25300,25,bourgogne-franche-comte
7552616270,46.902626,6.351529,distributeur_sacs,Pontarlier,pontarlier,25462,25300,25,bourgogne-franche-comte
11225763908,46.903626,6.347525,distributeur_sacs,Pontarlier,pontarlier,25462,25300,25,bourgogne-franche-comte
6453138147,46.901586,6.353637,distributeur_sacs,Pontarlier,pontarlier,25462,25300,25,bourgogne-franche-comte
8265306196,46.902978,6.353788,distributeur_sacs,Pontarlier,pontarlier,25462,25300,25,bourgogne-franche-comte
7689350629,46.903602,6.354784,distributeur_sacs,Pontarlier,pontarlier,25462,25300,25,bourgogne-franche-comte
10292787231,46.903335,6.355468,distributeur_sacs,Pontarlier,pontarlier,25462,25300,25,bourgogne-franche-comte
9108996360,46.903791,6.355267,distributeur_sacs,Pontarlier,pontarlier,25462,25300,25,bourgogne-franche-comte
7727410307,46.903006,6.356238,distributeur_sacs,Pontarlier,pontarlier,25462,25300,25,bourgogne-franche-comte
6359435188,46.899793,6.355708,distributeur_sacs,Pontarlier,pontarlier,25462,25300,25,bourgogne-franche-comte
6401612976,46.898861,6.354013,distributeur_sacs,Pontarlier,pontarlier,25462,25300,25,bourgogne-franche-comte
8518485735,46.899706,6.347378,distributeur_sacs,Pontarlier,pontarlier,25462,25300,25,bourgogne-franche-comte
6277446161,46.8998,6.357577,distributeur_sacs,Pontarlier,pontarlier,25462,25300,25,bourgogne-franche-comte
9121143064,46.897275,6.364785,distributeur_sacs,Pontarlier,pontarlier,25462,25300,25,bourgogne-franche-comte
6277446160,46.893867,6.360544,distributeur_sacs,Pontarlier,pontarlier,25462,25300,25,bourgogne-franche-comte
12063830713,46.895525,6.344565,distributeur_sacs,Pontarlier,pontarlier,25462,25300,25,bourgogne-franche-comte
12879781007,46.903494,6.344698,distributeur_sacs,Pontarlier,pontarlier,25462,25300,25,bourgogne-franche-comte
6893922672,46.904666,6.342895,distributeur_sacs,Pontarlier,pontarlier,25462,25300,25,bourgogne-franche-comte
8152525485,46.904283,6.346967,distributeur_sacs,Pontarlier,pontarlier,25462,25300,25,bourgogne-franche-comte
11608672646,46.905739,6.345162,distributeur_sacs,Pontarlier,pontarlier,25462,25300,25,bourgogne-franche-comte
6401612866,46.906658,6.343737,distributeur_sacs,Pontarlier,pontarlier,25462,25300,25,bourgogne-franche-comte
9617176807,46.917929,6.340643,distributeur_sacs,Pontarlier,pontarlier,25462,25300,25,bourgogne-franche-comte
9247008252,46.915022,6.345557,distributeur_sacs,Pontarlier,pontarlier,25462,25300,25,bourgogne-franche-comte
8969162842,46.907062,6.347002,distributeur_sacs,Pontarlier,pontarlier,25462,25300,25,bourgogne-franche-comte
8740637591,46.907002,6.348084,distributeur_sacs,Pontarlier,pontarlier,25462,25300,25,bourgogne-franche-comte
8542453337,46.907319,6.351549,distributeur_sacs,Pontarlier,pontarlier,25462,25300,25,bourgogne-franche-comte
8740645925,46.908957,6.349864,distributeur_sacs,Pontarlier,pontarlier,25462,25300,25,bourgogne-franche-comte
8265286376,46.911437,6.348266,distributeur_sacs,Pontarlier,pontarlier,25462,25300,25,bourgogne-franche-comte
8939970616,46.913166,6.348646,distributeur_sacs,Pontarlier,pontarlier,25462,25300,25,bourgogne-franche-comte
9109009146,46.911797,6.354016,distributeur_sacs,Pontarlier,pontarlier,25462,25300,25,bourgogne-franche-comte
7727410893,46.907222,6.357552,distributeur_sacs,Pontarlier,pontarlier,25462,25300,25,bourgogne-franche-comte
8477040912,46.907445,6.361862,distributeur_sacs,Pontarlier,pontarlier,25462,25300,25,bourgogne-franche-comte
12068762556,46.912036,6.358065,distributeur_sacs,Pontarlier,pontarlier,25462,25300,25,bourgogne-franche-comte
9109009147,46.91432,6.359556,distributeur_sacs,Pontarlier,pontarlier,25462,25300,25,bourgogne-franche-comte
9109009123,46.91785,6.357841,distributeur_sacs,Pontarlier,pontarlier,25462,25300,25,bourgogne-franche-comte
8122113548,46.914927,6.347383,distributeur_sacs,Pontarlier,pontarlier,25462,25300,25,bourgogne-franche-comte
12052968250,47.273439,5.829071,distributeur_sacs,Recologne,recologne,25482,25170,25,bourgogne-franche-comte
8809976400,46.865996,6.21506,distributeur_sacs,La Rivière-Drugeon,la-riviere-drugeon,25493,25560,25,bourgogne-franche-comte
11958125432,47.271718,6.108848,distributeur_sacs,Roche-lez-Beaupré,roche-lez-beaupre,25495,25220,25,bourgogne-franche-comte
11955068392,47.276085,6.111194,distributeur_sacs,Roche-lez-Beaupré,roche-lez-beaupre,25495,25220,25,bourgogne-franche-comte
12250224389,46.777083,6.337581,distributeur_sacs,Saint-Antoine,saint-antoine,25514,25370,25,bourgogne-franche-comte
11608819222,47.474572,6.765114,poubelle_dejections,Voujeaucourt,voujeaucourt,25632,25420,25,bourgogne-franche-comte
3287202344,44.716047,5.056278,poubelle_dejections,Aouste-sur-Sye,aouste-sur-sye,26011,26400,26,auvergne-rhone-alpes
9274038740,44.860526,4.941857,distributeur_sacs,Beaumont-lès-Valence,beaumont-les-valence,26037,26760,26,auvergne-rhone-alpes
12323786702,44.967139,5.41644,distributeur_sacs,La Chapelle-en-Vercors,la-chapelle-en-vercors,26074,26420,26,auvergne-rhone-alpes
13288085067,44.967449,5.415669,distributeur_sacs,La Chapelle-en-Vercors,la-chapelle-en-vercors,26074,26420,26,auvergne-rhone-alpes
13289351669,44.968236,5.415369,distributeur_sacs,La Chapelle-en-Vercors,la-chapelle-en-vercors,26074,26420,26,auvergne-rhone-alpes
5113715790,44.695223,5.486634,distributeur_sacs,Châtillon-en-Diois,chatillon-en-diois,26086,26410,26,auvergne-rhone-alpes
11816498355,44.755077,5.369553,distributeur_sacs,Die,die,26113,26150,26,auvergne-rhone-alpes
13538925962,44.521348,5.068875,distributeur_sacs,Dieulefit,dieulefit,26114,26220,26,auvergne-rhone-alpes
7846057121,45.081267,5.086184,distributeur_sacs,Génissieux,genissieux,26139,26750,26,auvergne-rhone-alpes
6432601594,45.203351,4.813867,distributeur_sacs,Laveyron,laveyron,26160,26240,26,auvergne-rhone-alpes
10831391236,44.615874,5.450994,distributeur_sacs,Luc-en-Diois,luc-en-diois,26167,26310,26,auvergne-rhone-alpes
6631008578,44.71112,5.090932,distributeur_sacs,Mirabel-et-Blacons,mirabel-et-blacons,26183,26400,26,auvergne-rhone-alpes
8264926351,44.710443,5.090696,distributeur_sacs,Mirabel-et-Blacons,mirabel-et-blacons,26183,26400,26,auvergne-rhone-alpes
12747197076,44.236727,5.19104,distributeur_sacs,Mollans-sur-Ouvèze,mollans-sur-ouveze,26188,26170,26,auvergne-rhone-alpes
12747197077,44.237509,5.190313,distributeur_sacs,Mollans-sur-Ouvèze,mollans-sur-ouveze,26188,26170,26,auvergne-rhone-alpes
13409543436,44.558876,4.74588,distributeur_sacs,Montélimar,montelimar,26198,26200,26,auvergne-rhone-alpes
12159586441,44.559278,4.747345,distributeur_sacs,Montélimar,montelimar,26198,26200,26,auvergne-rhone-alpes
12159577719,44.559282,4.747322,poubelle_dejections,Montélimar,montelimar,26198,26200,26,auvergne-rhone-alpes
13430332315,44.560723,4.746997,poubelle_dejections,Montélimar,montelimar,26198,26200,26,auvergne-rhone-alpes
13324533939,44.558448,4.755247,distributeur_sacs,Montélimar,montelimar,26198,26200,26,auvergne-rhone-alpes
11093878546,44.560218,4.755644,distributeur_sacs,Montélimar,montelimar,26198,26200,26,auvergne-rhone-alpes
13475985519,44.56354,4.75101,poubelle_dejections,Montélimar,montelimar,26198,26200,26,auvergne-rhone-alpes
12031148362,44.360978,4.858756,poubelle_dejections,Montségur-sur-Lauzon,montsegur-sur-lauzon,26211,26130,26,auvergne-rhone-alpes
12091542207,44.486373,5.38003,distributeur_sacs,La Motte-Chalancon,la-motte-chalancon,26215,26470,26,auvergne-rhone-alpes
12122392312,44.48519,5.380772,distributeur_sacs,La Motte-Chalancon,la-motte-chalancon,26215,26470,26,auvergne-rhone-alpes
13059639955,44.484815,5.380409,distributeur_sacs,La Motte-Chalancon,la-motte-chalancon,26215,26470,26,auvergne-rhone-alpes
12091793614,44.484255,5.378914,distributeur_sacs,La Motte-Chalancon,la-motte-chalancon,26215,26470,26,auvergne-rhone-alpes
12096637343,44.484571,5.378615,distributeur_sacs,La Motte-Chalancon,la-motte-chalancon,26215,26470,26,auvergne-rhone-alpes
13416328417,44.359469,5.142401,distributeur_sacs,Nyons,nyons,26220,26110,26,auvergne-rhone-alpes
10982936071,45.09285,5.049466,poubelle_dejections,Peyrins,peyrins,26231,26380,26,auvergne-rhone-alpes
9463512873,44.379271,4.697388,poubelle_dejections,Pierrelatte,pierrelatte,26235,26700,26,auvergne-rhone-alpes
13290405419,44.244986,5.216664,distributeur_sacs,Pierrelongue,pierrelongue,26236,26170,26,auvergne-rhone-alpes
11117129028,44.414638,5.356978,poubelle_dejections,Rémuzat,remuzat,26264,26510,26,auvergne-rhone-alpes
11117129027,44.414637,5.356968,distributeur_sacs,Rémuzat,remuzat,26264,26510,26,auvergne-rhone-alpes
13526573557,44.476476,5.029124,distributeur_sacs,Roche-Saint-Secret-Béconne,roche-saint-secret-beconne,26276,26770,26,auvergne-rhone-alpes
10909417511,44.697427,5.197112,distributeur_sacs,Saillans,saillans,26289,26340,26,auvergne-rhone-alpes
10909408470,44.695768,5.196827,distributeur_sacs,Saillans,saillans,26289,26340,26,auvergne-rhone-alpes
13065557417,44.935633,5.431871,distributeur_sacs,Saint-Agnan-en-Vercors,saint-agnan-en-vercors,26290,26420,26,auvergne-rhone-alpes
13234187411,44.936208,5.432219,distributeur_sacs,Saint-Agnan-en-Vercors,saint-agnan-en-vercors,26290,26420,26,auvergne-rhone-alpes
12314347724,45.018665,5.292237,distributeur_sacs,Saint-Jean-en-Royans,saint-jean-en-royans,26307,26190,26,auvergne-rhone-alpes
13529012123,44.345523,4.762986,distributeur_sacs,Saint-Paul-Trois-Châteaux,saint-paul-trois-chateaux,26324,26130,26,auvergne-rhone-alpes
10653949036,44.345089,4.776817,distributeur_sacs,Saint-Paul-Trois-Châteaux,saint-paul-trois-chateaux,26324,26130,26,auvergne-rhone-alpes
9679855228,44.347566,4.762967,poubelle_dejections,Saint-Paul-Trois-Châteaux,saint-paul-trois-chateaux,26324,26130,26,auvergne-rhone-alpes
11764638934,45.179616,4.815569,distributeur_sacs,Saint-Vallier,saint-vallier,26333,26240,26,auvergne-rhone-alpes
9668132463,45.18324,4.814066,poubelle_dejections,Saint-Vallier,saint-vallier,26333,26240,26,auvergne-rhone-alpes
12140242080,44.204296,5.536531,poubelle_dejections,Séderon,sederon,26340,26560,26,auvergne-rhone-alpes
10653949013,44.288978,4.840335,distributeur_sacs,Suze-la-Rousse,suze-la-rousse,26345,26790,26,auvergne-rhone-alpes
11196539355,44.285534,4.930577,distributeur_sacs,Tulette,tulette,26357,26790,26,auvergne-rhone-alpes
13103718453,44.92882,4.901732,poubelle_dejections,Valence,valence,26362,26000,26,auvergne-rhone-alpes
11966069552,44.929185,4.898704,distributeur_sacs,Valence,valence,26362,26000,26,auvergne-rhone-alpes
11966117400,44.928486,4.897719,distributeur_sacs,Valence,valence,26362,26000,26,auvergne-rhone-alpes
13103788139,44.928125,4.903474,poubelle_dejections,Valence,valence,26362,26000,26,auvergne-rhone-alpes
13328790868,44.922942,4.903499,poubelle_dejections,Valence,valence,26362,26000,26,auvergne-rhone-alpes
8043095565,44.926998,4.893582,distributeur_sacs,Valence,valence,26362,26000,26,auvergne-rhone-alpes
12620325951,44.927521,4.891729,poubelle_dejections,Valence,valence,26362,26000,26,auvergne-rhone-alpes
12620325709,44.928636,4.892882,poubelle_dejections,Valence,valence,26362,26000,26,auvergne-rhone-alpes
12620325707,44.928471,4.89327,poubelle_dejections,Valence,valence,26362,26000,26,auvergne-rhone-alpes
13104337171,44.931518,4.892351,distributeur_sacs,Valence,valence,26362,26000,26,auvergne-rhone-alpes
12688433042,48.72771,0.840134,distributeur_sacs,Les Barils,les-barils,27038,27130,27,normandie
12617857179,49.324732,0.32754,distributeur_sacs,Beuzeville,beuzeville,27065,27210,27,normandie
9985677517,49.344349,0.338462,distributeur_sacs,Beuzeville,beuzeville,27065,27210,27,normandie
4213850004,48.83809,0.911404,distributeur_sacs,Breteuil,breteuil,27112,27160,27,normandie
10056618517,49.028031,1.148005,distributeur_sacs,Évreux,evreux,27229,27000,27,normandie
8916579217,49.20759,1.168195,poubelle_dejections,Louviers,louviers,27375,27400,27,normandie
8916412918,49.210817,1.173683,poubelle_dejections,Louviers,louviers,27375,27400,27,normandie
8914104117,49.216646,1.171551,poubelle_dejections,Louviers,louviers,27375,27400,27,normandie
5910432171,49.020305,1.38324,distributeur_sacs,Pacy-sur-Eure,pacy-sur-eure,27448,27120,27,normandie
12328468089,49.304791,1.158554,distributeur_sacs,Pont-de-l'Arche,pont-de-larche,27469,27340,27,normandie
12633563303,49.103911,1.345136,distributeur_sacs,Saint-Aubin-sur-Gaillon,saint-aubin-sur-gaillon,27517,27600,27,normandie
12453178487,49.25375,1.206204,distributeur_sacs,Le Vaudreuil,le-vaudreuil,27528,27100,27,normandie
12453244629,49.253686,1.208935,distributeur_sacs,Le Vaudreuil,le-vaudreuil,27528,27100,27,normandie
11809855737,49.098727,1.45255,poubelle_dejections,Saint-Marcel,saint-marcel,27562,27950,27,normandie
12688435644,48.742187,0.929107,distributeur_sacs,Verneuil d'Avre et d'Iton,verneuil-davre-et-diton,27679,27130,27,normandie
10861609107,48.451902,1.47529,distributeur_sacs,Chartres,chartres,28085,28000,28,centre-val-de-loire
1751665462,48.609519,1.684816,distributeur_sacs,Épernon,epernon,28140,28230,28,centre-val-de-loire
12829952872,48.608762,1.675845,poubelle_dejections,Épernon,epernon,28140,28230,28,centre-val-de-loire
1751665461,48.609185,1.680955,distributeur_sacs,Épernon,epernon,28140,28230,28,centre-val-de-loire
12829952873,48.605194,1.675677,poubelle_dejections,Épernon,epernon,28140,28230,28,centre-val-de-loire
12829952874,48.605333,1.675546,poubelle_dejections,Épernon,epernon,28140,28230,28,centre-val-de-loire
12833191280,48.607161,1.670844,poubelle_dejections,Épernon,epernon,28140,28230,28,centre-val-de-loire
12827708538,48.606376,1.670211,poubelle_dejections,Épernon,epernon,28140,28230,28,centre-val-de-loire
12830914086,48.605338,1.665788,poubelle_dejections,Épernon,epernon,28140,28230,28,centre-val-de-loire
12827708542,48.607598,1.670823,poubelle_dejections,Épernon,epernon,28140,28230,28,centre-val-de-loire
13093899536,48.688016,1.581185,distributeur_sacs,Faverolles,faverolles,28146,28210,28,centre-val-de-loire
13093317117,48.687754,1.579566,distributeur_sacs,Faverolles,faverolles,28146,28210,28,centre-val-de-loire
13410093514,48.501196,1.720307,distributeur_sacs,Le Gué-de-Longroi,le-gue-de-longroi,28188,28700,28,centre-val-de-loire
7861121573,48.434643,1.468901,distributeur_sacs,Lucé,luce,28218,28110,28,centre-val-de-loire
13049375867,48.59387,1.587587,poubelle_dejections,Maintenon,maintenon,28227,28130,28,centre-val-de-loire
5934671144,48.44632,1.46728,poubelle_dejections,Mainvilliers,mainvilliers,28229,28300,28,centre-val-de-loire
7260992385,48.448937,1.472096,distributeur_sacs,Mainvilliers,mainvilliers,28229,28300,28,centre-val-de-loire
7260984185,48.447923,1.47213,distributeur_sacs,Mainvilliers,mainvilliers,28229,28300,28,centre-val-de-loire
11883046423,48.556399,1.588671,poubelle_dejections,Mévoisins,mevoisins,28249,28130,28,centre-val-de-loire
13133126198,48.583973,1.56752,distributeur_sacs,Pierres,pierres,28298,28130,28,centre-val-de-loire
13050154803,48.594689,1.569577,poubelle_dejections,Pierres,pierres,28298,28130,28,centre-val-de-loire
12886290778,48.022698,-4.541507,distributeur_sacs,Audierne,audierne,29003,29770,29,bretagne
12886451661,48.021546,-4.537876,distributeur_sacs,Audierne,audierne,29003,29770,29,bretagne
10980897448,48.390224,-4.482894,distributeur_sacs,Brest,brest,29019,29200,29,bretagne
10980908238,48.391176,-4.48468,distributeur_sacs,Brest,brest,29019,29200,29,bretagne
6746656698,48.19589,-4.09506,distributeur_sacs,Châteaulin,chateaulin,29026,29150,29,bretagne
12120473449,47.883821,-3.915896,distributeur_sacs,Concarneau,concarneau,29039,29900,29,bretagne
3690155721,47.87409,-3.918834,distributeur_sacs,Concarneau,concarneau,29039,29900,29,bretagne
13045232390,48.357234,-4.778368,distributeur_sacs,Le Conquet,le-conquet,29040,29217,29,bretagne
13045305029,48.358455,-4.779805,distributeur_sacs,Le Conquet,le-conquet,29040,29217,29,bretagne
4861896692,48.098413,-4.341793,distributeur_sacs,Douarnenez,douarnenez,29046,29100,29,bretagne
12833321742,48.097026,-4.33296,distributeur_sacs,Douarnenez,douarnenez,29046,29100,29,bretagne
12823203752,48.095524,-4.334813,distributeur_sacs,Douarnenez,douarnenez,29046,29100,29,bretagne
13105762206,48.09467,-4.330289,distributeur_sacs,Douarnenez,douarnenez,29046,29100,29,bretagne
12078688833,47.850841,-4.159878,distributeur_sacs,Île-Tudy,ile-tudy,29085,29980,29,bretagne
9436623359,47.841839,-4.168788,distributeur_sacs,Île-Tudy,ile-tudy,29085,29980,29,bretagne
12875469130,48.354651,-4.673636,distributeur_sacs,Locmaria-Plouzané,locmaria-plouzane,29130,29280,29,bretagne
7436320999,48.69245,-3.645333,distributeur_sacs,Locquirec,locquirec,29133,29241,29,bretagne
13063900612,48.57561,-3.818859,distributeur_sacs,Morlaix,morlaix,29151,29600,29,bretagne
8842366629,48.575396,-3.824504,distributeur_sacs,Morlaix,morlaix,29151,29600,29,bretagne
8894192502,48.586639,-3.83154,distributeur_sacs,Morlaix,morlaix,29151,29600,29,bretagne
8859518292,48.580819,-3.828095,distributeur_sacs,Morlaix,morlaix,29151,29600,29,bretagne
8856206744,48.577646,-3.82786,distributeur_sacs,Morlaix,morlaix,29151,29600,29,bretagne
12149347974,48.581149,-3.83483,distributeur_sacs,Morlaix,morlaix,29151,29600,29,bretagne
12149347975,48.58057,-3.836662,distributeur_sacs,Morlaix,morlaix,29151,29600,29,bretagne
5998884707,48.575303,-3.829569,distributeur_sacs,Morlaix,morlaix,29151,29600,29,bretagne
3705927831,48.22646,-3.969839,distributeur_sacs,Pleyben,pleyben,29162,29190,29,bretagne
9964389455,47.798312,-4.214164,distributeur_sacs,Plobannalec-Lesconil,plobannalec-lesconil,29165,29740,29,bretagne
12870714022,48.037343,-4.665118,distributeur_sacs,Plogoff,plogoff,29168,29770,29,bretagne
12866853016,48.03723,-4.667792,distributeur_sacs,Plogoff,plogoff,29168,29770,29,bretagne
5894059875,48.345886,-4.704514,distributeur_sacs,Plougonvelin,plougonvelin,29190,29217,29,bretagne
6430182797,48.607846,-4.505904,distributeur_sacs,Plouguerneau,plouguerneau,29195,29880,29,bretagne
12954089722,48.041485,-4.489345,distributeur_sacs,Pont-Croix,pont-croix,29218,29790,29,bretagne
12125057341,47.974773,-4.098486,distributeur_sacs,Quimper,quimper,29232,29000,29,bretagne
12596161268,48.006242,-4.082638,distributeur_sacs,Quimper,quimper,29232,29000,29,bretagne
4131326032,47.997012,-4.100659,poubelle_dejections,Quimper,quimper,29232,29000,29,bretagne
12227673420,47.986138,-4.09159,poubelle_dejections,Quimper,quimper,29232,29000,29,bretagne
11223020154,47.995246,-4.105016,distributeur_sacs,Quimper,quimper,29232,29000,29,bretagne
13033592347,47.998703,-4.106936,distributeur_sacs,Quimper,quimper,29232,29000,29,bretagne
12288024517,48.001937,-4.095382,distributeur_sacs,Quimper,quimper,29232,29000,29,bretagne
12288024518,48.001937,-4.095387,poubelle_dejections,Quimper,quimper,29232,29000,29,bretagne
11881522919,47.873237,-3.546775,poubelle_dejections,Quimperlé,quimperle,29233,29300,29,bretagne
13028541764,48.314392,-4.546835,distributeur_sacs,Roscanvel,roscanvel,29238,29570,29,bretagne
915488599,48.724997,-3.982876,distributeur_sacs,Roscoff,roscoff,29239,29680,29,bretagne
1765232828,48.7235,-3.982127,distributeur_sacs,Roscoff,roscoff,29239,29680,29,bretagne
915488569,48.722335,-3.980991,distributeur_sacs,Roscoff,roscoff,29239,29680,29,bretagne
13401689146,48.701433,-4.05561,distributeur_sacs,Santec,santec,29273,29250,29,bretagne
9942975984,41.386311,9.156765,distributeur_sacs,Bonifacio,bonifacio,2A041,20169,2A,corse
9970958842,41.386891,9.159109,distributeur_sacs,Bonifacio,bonifacio,2A041,20169,2A,corse
12884655656,41.859848,9.401106,poubelle_dejections,Solaro,solaro,2B283,20240,2B,corse
12351672718,43.571037,4.192802,poubelle_dejections,Aigues-Mortes,aigues-mortes,30003,30220,30,occitanie
12351639164,43.571037,4.192802,distributeur_sacs,Aigues-Mortes,aigues-mortes,30003,30220,30,occitanie
12705581085,43.571037,4.192803,distributeur_sacs,Aigues-Mortes,aigues-mortes,30003,30220,30,occitanie
12353949849,43.568896,4.188614,distributeur_sacs,Aigues-Mortes,aigues-mortes,30003,30220,30,occitanie
12353966357,43.567737,4.187468,distributeur_sacs,Aigues-Mortes,aigues-mortes,30003,30220,30,occitanie
12260992670,44.055358,3.984934,poubelle_dejections,Anduze,anduze,30010,30140,30,occitanie
12260992669,44.055264,3.984674,poubelle_dejections,Anduze,anduze,30010,30140,30,occitanie
12248038818,44.056085,3.985582,distributeur_sacs,Anduze,anduze,30010,30140,30,occitanie
13413186920,43.755007,4.145923,poubelle_dejections,Aubais,aubais,30019,30250,30,occitanie
13413116795,43.754734,4.145589,poubelle_dejections,Aubais,aubais,30019,30250,30,occitanie
13413143517,43.753942,4.146045,poubelle_dejections,Aubais,aubais,30019,30250,30,occitanie
8589133853,43.989122,4.213406,distributeur_sacs,Brignon,brignon,30053,30190,30,occitanie
12630052734,43.787379,4.195497,distributeur_sacs,Calvisson,calvisson,30062,30420,30,occitanie
6547969965,43.781852,4.1986,distributeur_sacs,Calvisson,calvisson,30062,30420,30,occitanie
6316564288,43.784522,4.194513,distributeur_sacs,Calvisson,calvisson,30062,30420,30,occitanie
6936822788,43.784275,4.189238,distributeur_sacs,Calvisson,calvisson,30062,30420,30,occitanie
9858350719,43.783034,4.189899,distributeur_sacs,Calvisson,calvisson,30062,30420,30,occitanie
9552098217,43.787201,4.189007,distributeur_sacs,Calvisson,calvisson,30062,30420,30,occitanie
9709348417,43.787204,4.18898,distributeur_sacs,Calvisson,calvisson,30062,30420,30,occitanie
3527862942,43.786763,4.190603,distributeur_sacs,Calvisson,calvisson,30062,30420,30,occitanie
7692267085,43.786227,4.191918,distributeur_sacs,Calvisson,calvisson,30062,30420,30,occitanie
9552096522,43.785765,4.192291,distributeur_sacs,Calvisson,calvisson,30062,30420,30,occitanie
9552098019,43.786032,4.192569,distributeur_sacs,Calvisson,calvisson,30062,30420,30,occitanie
12348730619,43.971648,4.55428,distributeur_sacs,Castillon-du-Gard,castillon-du-gard,30073,30210,30,occitanie
12348737058,43.971505,4.553798,distributeur_sacs,Castillon-du-Gard,castillon-du-gard,30073,30210,30,occitanie
12348733907,43.970593,4.555276,distributeur_sacs,Castillon-du-Gard,castillon-du-gard,30073,30210,30,occitanie
12260612825,43.990762,3.956279,poubelle_dejections,Durfort-et-Saint-Martin-de-Sossenac,durfort-et-saint-martin-de-sossenac,30106,30170,30,occitanie
12247947004,43.990904,3.95478,distributeur_sacs,Durfort-et-Saint-Martin-de-Sossenac,durfort-et-saint-martin-de-sossenac,30106,30170,30,occitanie
12247906357,43.990147,3.955105,distributeur_sacs,Durfort-et-Saint-Martin-de-Sossenac,durfort-et-saint-martin-de-sossenac,30106,30170,30,occitanie
12247883936,43.988903,3.954865,poubelle_dejections,Durfort-et-Saint-Martin-de-Sossenac,durfort-et-saint-martin-de-sossenac,30106,30170,30,occitanie
6250263176,43.76985,4.42907,distributeur_sacs,Garons,garons,30125,30128,30,occitanie
3769027600,43.523282,4.137026,distributeur_sacs,Le Grau-du-Roi,le-grau-du-roi,30133,30240,30,occitanie
3769027641,43.523537,4.136481,distributeur_sacs,Le Grau-du-Roi,le-grau-du-roi,30133,30240,30,occitanie
3769027998,43.524766,4.138305,distributeur_sacs,Le Grau-du-Roi,le-grau-du-roi,30133,30240,30,occitanie
3770568540,43.522649,4.1352,distributeur_sacs,Le Grau-du-Roi,le-grau-du-roi,30133,30240,30,occitanie
3762707083,43.520892,4.138067,distributeur_sacs,Le Grau-du-Roi,le-grau-du-roi,30133,30240,30,occitanie
10282624902,43.516842,4.139116,distributeur_sacs,Le Grau-du-Roi,le-grau-du-roi,30133,30240,30,occitanie
3811341863,43.528175,4.140288,distributeur_sacs,Le Grau-du-Roi,le-grau-du-roi,30133,30240,30,occitanie
3811341864,43.52868,4.140022,distributeur_sacs,Le Grau-du-Roi,le-grau-du-roi,30133,30240,30,occitanie
3811341892,43.531603,4.139808,distributeur_sacs,Le Grau-du-Roi,le-grau-du-roi,30133,30240,30,occitanie
5054682424,43.527826,4.146816,distributeur_sacs,Le Grau-du-Roi,le-grau-du-roi,30133,30240,30,occitanie
12354125117,43.536996,4.135835,distributeur_sacs,Le Grau-du-Roi,le-grau-du-roi,30133,30240,30,occitanie
3811341956,43.533489,4.137685,distributeur_sacs,Le Grau-du-Roi,le-grau-du-roi,30133,30240,30,occitanie
3811341937,43.533007,4.138238,distributeur_sacs,Le Grau-du-Roi,le-grau-du-roi,30133,30240,30,occitanie
3712569075,43.526394,4.139252,distributeur_sacs,Le Grau-du-Roi,le-grau-du-roi,30133,30240,30,occitanie
12260733562,44.014611,4.053798,poubelle_dejections,Lézan,lezan,30147,30350,30,occitanie
7181115538,43.790836,4.310876,poubelle_dejections,Milhaud,milhaud,30169,30540,30,occitanie
12513955105,44.030087,4.37933,distributeur_sacs,Montaren-et-Saint-Médiers,montaren-et-saint-mediers,30174,30700,30,occitanie
13046047219,43.981526,4.227215,distributeur_sacs,Moussac,moussac,30184,30190,30,occitanie
11895558384,43.843858,4.299532,distributeur_sacs,Nîmes,nimes,30189,30000/30900,30,occitanie
11905222590,43.840727,4.313238,distributeur_sacs,Nîmes,nimes,30189,30000/30900,30,occitanie
11919636067,43.839502,4.312551,distributeur_sacs,Nîmes,nimes,30189,30000/30900,30,occitanie
12659714079,43.866186,4.403067,distributeur_sacs,Nîmes,nimes,30189,30000/30900,30,occitanie
12741053944,43.868916,4.402329,distributeur_sacs,Nîmes,nimes,30189,30000/30900,30,occitanie
11866523643,43.839161,4.351624,distributeur_sacs,Nîmes,nimes,30189,30000/30900,30,occitanie
11866523644,43.839768,4.350483,distributeur_sacs,Nîmes,nimes,30189,30000/30900,30,occitanie
11866523645,43.839696,4.3488,distributeur_sacs,Nîmes,nimes,30189,30000/30900,30,occitanie
11910038205,43.838628,4.349798,distributeur_sacs,Nîmes,nimes,30189,30000/30900,30,occitanie
2154758423,43.835309,4.362329,distributeur_sacs,Nîmes,nimes,30189,30000/30900,30,occitanie
2161401775,43.835127,4.363065,distributeur_sacs,Nîmes,nimes,30189,30000/30900,30,occitanie
11987352624,43.826737,4.355778,distributeur_sacs,Nîmes,nimes,30189,30000/30900,30,occitanie
4705192050,43.677774,4.429724,distributeur_sacs,Saint-Gilles,saint-gilles,30258,30800,30,occitanie
12707520716,43.675165,4.430736,poubelle_dejections,Saint-Gilles,saint-gilles,30258,30800,30,occitanie
12707617739,43.675165,4.430736,distributeur_sacs,Saint-Gilles,saint-gilles,30258,30800,30,occitanie
12326991948,44.046923,4.439607,distributeur_sacs,Saint-Quentin-la-Poterie,saint-quentin-la-poterie,30295,30700,30,occitanie
11834578525,44.046913,4.439623,poubelle_dejections,Saint-Quentin-la-Poterie,saint-quentin-la-poterie,30295,30700,30,occitanie
10575976400,43.812245,4.122877,distributeur_sacs,Souvignargues,souvignargues,30324,30250,30,occitanie
10300079388,43.814158,4.122624,distributeur_sacs,Souvignargues,souvignargues,30324,30250,30,occitanie
10300079722,43.814442,4.123395,distributeur_sacs,Souvignargues,souvignargues,30324,30250,30,occitanie
11264188434,43.81335,4.124557,poubelle_dejections,Souvignargues,souvignargues,30324,30250,30,occitanie
11264188441,43.81611,4.12165,poubelle_dejections,Souvignargues,souvignargues,30324,30250,30,occitanie
8287442645,44.010195,4.420327,distributeur_sacs,Uzès,uzes,30334,30700,30,occitanie
2841597300,44.011864,4.418637,poubelle_dejections,Uzès,uzes,30334,30700,30,occitanie
2724147015,44.011524,4.421784,distributeur_sacs,Uzès,uzes,30334,30700,30,occitanie
11104735164,44.068126,3.691814,distributeur_sacs,Val-d'Aigoual,val-daigoual,30339,30570,30,occitanie
12351690932,43.686174,4.271244,distributeur_sacs,Vauvert,vauvert,30341,30600,30,occitanie
8556195060,43.351372,1.47223,distributeur_sacs,Auterive,auterive,31033,31190,31,occitanie
12192701071,43.624659,1.491052,poubelle_dejections,Balma,balma,31044,31130,31,occitanie
12192702890,43.625302,1.490206,poubelle_dejections,Balma,balma,31044,31130,31,occitanie
6899068491,43.620576,1.497396,poubelle_dejections,Balma,balma,31044,31130,31,occitanie
6899068494,43.619623,1.500074,poubelle_dejections,Balma,balma,31044,31130,31,occitanie
12209516493,43.599355,1.509183,distributeur_sacs,Balma,balma,31044,31130,31,occitanie
6889161419,43.613078,1.515214,poubelle_dejections,Balma,balma,31044,31130,31,occitanie
12122049264,43.615381,1.510193,poubelle_dejections,Balma,balma,31044,31130,31,occitanie
10786654510,43.612213,1.493093,poubelle_dejections,Balma,balma,31044,31130,31,occitanie
6904543739,43.61297,1.498819,poubelle_dejections,Balma,balma,31044,31130,31,occitanie
9226016894,43.615687,1.497359,poubelle_dejections,Balma,balma,31044,31130,31,occitanie
10797223714,43.605499,1.503871,poubelle_dejections,Balma,balma,31044,31130,31,occitanie
7472997968,43.605778,1.507362,poubelle_dejections,Balma,balma,31044,31130,31,occitanie
12033279614,43.594292,1.505437,poubelle_dejections,Balma,balma,31044,31130,31,occitanie
11503517233,43.672821,1.375473,distributeur_sacs,Beauzelle,beauzelle,31056,31700,31,occitanie
11503517230,43.668306,1.380484,distributeur_sacs,Beauzelle,beauzelle,31056,31700,31,occitanie
11503517228,43.666259,1.38445,distributeur_sacs,Beauzelle,beauzelle,31056,31700,31,occitanie
11503517219,43.664141,1.38511,distributeur_sacs,Beauzelle,beauzelle,31056,31700,31,occitanie
11503517227,43.665344,1.384303,distributeur_sacs,Beauzelle,beauzelle,31056,31700,31,occitanie
8507764234,43.662228,1.38166,distributeur_sacs,Beauzelle,beauzelle,31056,31700,31,occitanie
11503517215,43.659864,1.385346,distributeur_sacs,Beauzelle,beauzelle,31056,31700,31,occitanie
11503517212,43.662374,1.387849,distributeur_sacs,Beauzelle,beauzelle,31056,31700,31,occitanie
11503517226,43.665698,1.392369,distributeur_sacs,Beauzelle,beauzelle,31056,31700,31,occitanie
11503517213,43.662704,1.391849,distributeur_sacs,Beauzelle,beauzelle,31056,31700,31,occitanie
4371775490,43.657812,1.374399,distributeur_sacs,Beauzelle,beauzelle,31056,31700,31,occitanie
11503517214,43.658152,1.371412,distributeur_sacs,Beauzelle,beauzelle,31056,31700,31,occitanie
11503517216,43.661183,1.36911,distributeur_sacs,Beauzelle,beauzelle,31056,31700,31,occitanie
11503517220,43.664054,1.377146,distributeur_sacs,Beauzelle,beauzelle,31056,31700,31,occitanie
11503517218,43.663154,1.375025,distributeur_sacs,Beauzelle,beauzelle,31056,31700,31,occitanie
11503517231,43.668624,1.372106,distributeur_sacs,Beauzelle,beauzelle,31056,31700,31,occitanie
4374474402,43.668175,1.37473,distributeur_sacs,Beauzelle,beauzelle,31056,31700,31,occitanie
12386679042,43.666339,1.376942,poubelle_dejections,Beauzelle,beauzelle,31056,31700,31,occitanie
4760359624,43.668634,1.379651,distributeur_sacs,Beauzelle,beauzelle,31056,31700,31,occitanie
10797266517,43.669223,1.37971,distributeur_sacs,Beauzelle,beauzelle,31056,31700,31,occitanie
11503517232,43.671067,1.373717,distributeur_sacs,Beauzelle,beauzelle,31056,31700,31,occitanie
4376877506,43.670294,1.373887,distributeur_sacs,Beauzelle,beauzelle,31056,31700,31,occitanie
4371864289,43.655087,1.377772,distributeur_sacs,Blagnac,blagnac,31069,31700,31,occitanie
11698807819,43.634339,1.381938,distributeur_sacs,Blagnac,blagnac,31069,31700,31,occitanie
13395262944,43.634681,1.39775,distributeur_sacs,Blagnac,blagnac,31069,31700,31,occitanie
3809060104,43.63065,1.382658,poubelle_dejections,Blagnac,blagnac,31069,31700,31,occitanie
3809060100,43.629073,1.383485,poubelle_dejections,Blagnac,blagnac,31069,31700,31,occitanie
9444887743,43.174007,0.973667,distributeur_sacs,Boussens,boussens,31084,31360,31,occitanie
7756900637,43.17422,0.971897,poubelle_dejections,Boussens,boussens,31084,31360,31,occitanie
2272668806,43.731048,1.406515,distributeur_sacs,Bruguières,bruguieres,31091,31150,31,occitanie
2272668951,43.729605,1.405927,distributeur_sacs,Bruguières,bruguieres,31091,31150,31,occitanie
2272668767,43.731381,1.405017,distributeur_sacs,Bruguières,bruguieres,31091,31150,31,occitanie
4978329405,43.290489,1.226852,distributeur_sacs,Carbonne,carbonne,31107,31390,31,occitanie
12880628326,43.516913,1.510984,distributeur_sacs,Castanet-Tolosan,castanet-tolosan,31113,31320,31,occitanie
10722134907,43.597937,1.328587,distributeur_sacs,Colomiers,colomiers,31149,31770,31,occitanie
3203463263,43.600425,1.339345,distributeur_sacs,Colomiers,colomiers,31149,31770,31,occitanie
9750151562,43.618753,1.306906,distributeur_sacs,Colomiers,colomiers,31149,31770,31,occitanie
13081752170,43.608335,1.324347,distributeur_sacs,Colomiers,colomiers,31149,31770,31,occitanie
12107776448,43.536001,1.355243,distributeur_sacs,Cugnaux,cugnaux,31157,31270,31,occitanie
11455649087,43.533495,1.346777,distributeur_sacs,Cugnaux,cugnaux,31157,31270,31,occitanie
11455646940,43.534758,1.343065,distributeur_sacs,Cugnaux,cugnaux,31157,31270,31,occitanie
11449215659,43.535214,1.344789,distributeur_sacs,Cugnaux,cugnaux,31157,31270,31,occitanie
12106502873,43.536763,1.344956,distributeur_sacs,Cugnaux,cugnaux,31157,31270,31,occitanie
11449250948,43.536194,1.346371,distributeur_sacs,Cugnaux,cugnaux,31157,31270,31,occitanie
11462290012,43.537939,1.339313,distributeur_sacs,Cugnaux,cugnaux,31157,31270,31,occitanie
11462365094,43.539093,1.337919,distributeur_sacs,Cugnaux,cugnaux,31157,31270,31,occitanie
12104009847,43.534433,1.336874,distributeur_sacs,Cugnaux,cugnaux,31157,31270,31,occitanie
11462391959,43.541159,1.333171,distributeur_sacs,Cugnaux,cugnaux,31157,31270,31,occitanie
11462482381,43.539941,1.329784,distributeur_sacs,Cugnaux,cugnaux,31157,31270,31,occitanie
12115242589,43.539366,1.340732,distributeur_sacs,Cugnaux,cugnaux,31157,31270,31,occitanie
12115245655,43.540463,1.341274,distributeur_sacs,Cugnaux,cugnaux,31157,31270,31,occitanie
6352022792,43.550752,1.343596,distributeur_sacs,Cugnaux,cugnaux,31157,31270,31,occitanie
12115267329,43.541517,1.343168,distributeur_sacs,Cugnaux,cugnaux,31157,31270,31,occitanie
12115196596,43.539738,1.343702,distributeur_sacs,Cugnaux,cugnaux,31157,31270,31,occitanie
12106584002,43.540869,1.34712,distributeur_sacs,Cugnaux,cugnaux,31157,31270,31,occitanie
13514393280,43.59804,1.601604,distributeur_sacs,Drémil-Lafage,dremil-lafage,31163,31280,31,occitanie
12016585264,43.771871,1.295236,distributeur_sacs,Grenade,grenade,31232,31330,31,occitanie
9330607036,43.529113,1.536175,distributeur_sacs,Labège,labege,31254,31670,31,occitanie
7180628612,43.694419,1.516357,poubelle_dejections,Lapeyrouse-Fossat,lapeyrouse-fossat,31273,31180,31,occitanie
7180628611,43.692829,1.516945,poubelle_dejections,Lapeyrouse-Fossat,lapeyrouse-fossat,31273,31180,31,occitanie
9877072481,43.666709,1.195595,distributeur_sacs,Lévignac,levignac,31297,31530,31,occitanie
12321012050,43.197944,1.013621,distributeur_sacs,Martres-Tolosane,martres-tolosane,31324,31220,31,occitanie
12925895982,43.676263,1.192462,distributeur_sacs,Menville,menville,31338,31530,31,occitanie
9777734669,43.717697,1.591055,distributeur_sacs,Montastruc-la-Conseillère,montastruc-la-conseillere,31358,31380,31,occitanie
12887409445,43.354372,1.27481,distributeur_sacs,Noé,noe,31399,31410,31,occitanie
13200113616,43.503211,1.512859,distributeur_sacs,Péchabou,pechabou,31409,31320,31,occitanie
12739009648,43.50144,1.519392,distributeur_sacs,Péchabou,pechabou,31409,31320,31,occitanie
12052978223,43.519162,1.408103,distributeur_sacs,Portet-sur-Garonne,portet-sur-garonne,31433,31120,31,occitanie
5639684110,43.550945,1.469954,distributeur_sacs,Ramonville-Saint-Agne,ramonville-saint-agne,31446,31520,31,occitanie
8639817101,43.555543,1.474983,distributeur_sacs,Ramonville-Saint-Agne,ramonville-saint-agne,31446,31520,31,occitanie
12492193716,43.548504,1.475746,distributeur_sacs,Ramonville-Saint-Agne,ramonville-saint-agne,31446,31520,31,occitanie
5725534325,43.547311,1.478941,distributeur_sacs,Ramonville-Saint-Agne,ramonville-saint-agne,31446,31520,31,occitanie
12492193722,43.544551,1.478827,distributeur_sacs,Ramonville-Saint-Agne,ramonville-saint-agne,31446,31520,31,occitanie
5851377065,43.54566,1.475161,distributeur_sacs,Ramonville-Saint-Agne,ramonville-saint-agne,31446,31520,31,occitanie
6349556762,43.544534,1.473588,distributeur_sacs,Ramonville-Saint-Agne,ramonville-saint-agne,31446,31520,31,occitanie
12546207756,43.542512,1.475192,distributeur_sacs,Ramonville-Saint-Agne,ramonville-saint-agne,31446,31520,31,occitanie
12546207757,43.540771,1.475875,distributeur_sacs,Ramonville-Saint-Agne,ramonville-saint-agne,31446,31520,31,occitanie
12486116859,43.541147,1.488655,distributeur_sacs,Ramonville-Saint-Agne,ramonville-saint-agne,31446,31520,31,occitanie
13430541782,43.460464,2.012348,distributeur_sacs,Revel,revel,31451,31250,31,occitanie
13524288412,43.467257,2.003483,distributeur_sacs,Revel,revel,31451,31250,31,occitanie
13524292965,43.465149,2.001943,distributeur_sacs,Revel,revel,31451,31250,31,occitanie
13524285655,43.461621,1.999473,distributeur_sacs,Revel,revel,31451,31250,31,occitanie
13524285283,43.463243,2.000471,distributeur_sacs,Revel,revel,31451,31250,31,occitanie
9572606001,43.571114,1.51921,distributeur_sacs,Saint-Orens-de-Gameville,saint-orens-de-gameville,31506,31650,31,occitanie
8647567435,43.101043,0.956475,distributeur_sacs,Salies-du-Salat,salies-du-salat,31523,31260,31,occitanie
8650654797,43.102071,0.958217,distributeur_sacs,Salies-du-Salat,salies-du-salat,31523,31260,31,occitanie
11202289083,43.591466,1.418457,distributeur_sacs,Toulouse,toulouse,31555,31000/31100/31200/31300/31400/31500,31,occitanie
11217807332,43.589429,1.432713,distributeur_sacs,Toulouse,toulouse,31555,31000/31100/31200/31300/31400/31500,31,occitanie
10730981864,43.570374,1.426164,distributeur_sacs,Toulouse,toulouse,31555,31000/31100/31200/31300/31400/31500,31,occitanie
10315016950,43.577808,1.441042,distributeur_sacs,Toulouse,toulouse,31555,31000/31100/31200/31300/31400/31500,31,occitanie
10315016942,43.577534,1.44263,distributeur_sacs,Toulouse,toulouse,31555,31000/31100/31200/31300/31400/31500,31,occitanie
9082454017,43.578831,1.446535,distributeur_sacs,Toulouse,toulouse,31555,31000/31100/31200/31300/31400/31500,31,occitanie
12311642368,43.572465,1.460511,distributeur_sacs,Toulouse,toulouse,31555,31000/31100/31200/31300/31400/31500,31,occitanie
10739111579,43.574844,1.462059,distributeur_sacs,Toulouse,toulouse,31555,31000/31100/31200/31300/31400/31500,31,occitanie
3903217108,43.58297,1.457911,distributeur_sacs,Toulouse,toulouse,31555,31000/31100/31200/31300/31400/31500,31,occitanie
3905070860,43.579498,1.459262,distributeur_sacs,Toulouse,toulouse,31555,31000/31100/31200/31300/31400/31500,31,occitanie
10795670968,43.58922,1.456856,distributeur_sacs,Toulouse,toulouse,31555,31000/31100/31200/31300/31400/31500,31,occitanie
13186732668,43.586446,1.457389,distributeur_sacs,Toulouse,toulouse,31555,31000/31100/31200/31300/31400/31500,31,occitanie
13323602025,43.592375,1.449027,distributeur_sacs,Toulouse,toulouse,31555,31000/31100/31200/31300/31400/31500,31,occitanie
12131500977,43.588984,1.447736,distributeur_sacs,Toulouse,toulouse,31555,31000/31100/31200/31300/31400/31500,31,occitanie
13361861611,43.582023,1.446694,distributeur_sacs,Toulouse,toulouse,31555,31000/31100/31200/31300/31400/31500,31,occitanie
11835487527,43.584047,1.445643,distributeur_sacs,Toulouse,toulouse,31555,31000/31100/31200/31300/31400/31500,31,occitanie
11835487494,43.58301,1.448293,distributeur_sacs,Toulouse,toulouse,31555,31000/31100/31200/31300/31400/31500,31,occitanie
13151570678,43.588103,1.435105,distributeur_sacs,Toulouse,toulouse,31555,31000/31100/31200/31300/31400/31500,31,occitanie
13151570676,43.586339,1.437785,distributeur_sacs,Toulouse,toulouse,31555,31000/31100/31200/31300/31400/31500,31,occitanie
11029549057,43.585995,1.437709,distributeur_sacs,Toulouse,toulouse,31555,31000/31100/31200/31300/31400/31500,31,occitanie
10106033311,43.588387,1.442204,distributeur_sacs,Toulouse,toulouse,31555,31000/31100/31200/31300/31400/31500,31,occitanie
12106132398,43.592516,1.443969,distributeur_sacs,Toulouse,toulouse,31555,31000/31100/31200/31300/31400/31500,31,occitanie
11223033530,43.590917,1.437604,distributeur_sacs,Toulouse,toulouse,31555,31000/31100/31200/31300/31400/31500,31,occitanie
11217826950,43.59271,1.435475,distributeur_sacs,Toulouse,toulouse,31555,31000/31100/31200/31300/31400/31500,31,occitanie
10743475878,43.594461,1.442239,distributeur_sacs,Toulouse,toulouse,31555,31000/31100/31200/31300/31400/31500,31,occitanie
12106136054,43.594859,1.444083,distributeur_sacs,Toulouse,toulouse,31555,31000/31100/31200/31300/31400/31500,31,occitanie
10743468524,43.597678,1.441306,poubelle_dejections,Toulouse,toulouse,31555,31000/31100/31200/31300/31400/31500,31,occitanie
11012089254,43.604911,1.438749,distributeur_sacs,Toulouse,toulouse,31555,31000/31100/31200/31300/31400/31500,31,occitanie
10776215257,43.599495,1.445435,distributeur_sacs,Toulouse,toulouse,31555,31000/31100/31200/31300/31400/31500,31,occitanie
11071460330,43.601298,1.446854,distributeur_sacs,Toulouse,toulouse,31555,31000/31100/31200/31300/31400/31500,31,occitanie
10911979680,43.602079,1.44796,distributeur_sacs,Toulouse,toulouse,31555,31000/31100/31200/31300/31400/31500,31,occitanie
10911979678,43.602175,1.447915,distributeur_sacs,Toulouse,toulouse,31555,31000/31100/31200/31300/31400/31500,31,occitanie
11001429192,43.602018,1.447509,distributeur_sacs,Toulouse,toulouse,31555,31000/31100/31200/31300/31400/31500,31,occitanie
11012086079,43.60484,1.444882,distributeur_sacs,Toulouse,toulouse,31555,31000/31100/31200/31300/31400/31500,31,occitanie
8678644508,43.604583,1.447379,distributeur_sacs,Toulouse,toulouse,31555,31000/31100/31200/31300/31400/31500,31,occitanie
8678644506,43.605118,1.447439,distributeur_sacs,Toulouse,toulouse,31555,31000/31100/31200/31300/31400/31500,31,occitanie
8678644507,43.604835,1.446975,distributeur_sacs,Toulouse,toulouse,31555,31000/31100/31200/31300/31400/31500,31,occitanie
8678644505,43.605046,1.447721,distributeur_sacs,Toulouse,toulouse,31555,31000/31100/31200/31300/31400/31500,31,occitanie
11069771540,43.603094,1.450132,distributeur_sacs,Toulouse,toulouse,31555,31000/31100/31200/31300/31400/31500,31,occitanie
10884447820,43.604386,1.450363,distributeur_sacs,Toulouse,toulouse,31555,31000/31100/31200/31300/31400/31500,31,occitanie
12122232421,43.605813,1.452238,distributeur_sacs,Toulouse,toulouse,31555,31000/31100/31200/31300/31400/31500,31,occitanie
10203567217,43.603657,1.451159,poubelle_dejections,Toulouse,toulouse,31555,31000/31100/31200/31300/31400/31500,31,occitanie
11042156508,43.603668,1.451139,distributeur_sacs,Toulouse,toulouse,31555,31000/31100/31200/31300/31400/31500,31,occitanie
10884447817,43.603488,1.451221,distributeur_sacs,Toulouse,toulouse,31555,31000/31100/31200/31300/31400/31500,31,occitanie
13323602026,43.603557,1.451493,distributeur_sacs,Toulouse,toulouse,31555,31000/31100/31200/31300/31400/31500,31,occitanie
11168204168,43.603122,1.453184,distributeur_sacs,Toulouse,toulouse,31555,31000/31100/31200/31300/31400/31500,31,occitanie
12393698557,43.602644,1.449023,distributeur_sacs,Toulouse,toulouse,31555,31000/31100/31200/31300/31400/31500,31,occitanie
11071460322,43.60219,1.44926,distributeur_sacs,Toulouse,toulouse,31555,31000/31100/31200/31300/31400/31500,31,occitanie
11064739989,43.602093,1.449051,distributeur_sacs,Toulouse,toulouse,31555,31000/31100/31200/31300/31400/31500,31,occitanie
10781746691,43.600908,1.450056,distributeur_sacs,Toulouse,toulouse,31555,31000/31100/31200/31300/31400/31500,31,occitanie
10781768606,43.596319,1.450696,distributeur_sacs,Toulouse,toulouse,31555,31000/31100/31200/31300/31400/31500,31,occitanie
13323577593,43.598765,1.448305,distributeur_sacs,Toulouse,toulouse,31555,31000/31100/31200/31300/31400/31500,31,occitanie
12106064579,43.59448,1.444332,distributeur_sacs,Toulouse,toulouse,31555,31000/31100/31200/31300/31400/31500,31,occitanie
5909796609,43.593107,1.457464,distributeur_sacs,Toulouse,toulouse,31555,31000/31100/31200/31300/31400/31500,31,occitanie
12132065401,43.596179,1.453962,distributeur_sacs,Toulouse,toulouse,31555,31000/31100/31200/31300/31400/31500,31,occitanie
11906577566,43.59492,1.459038,poubelle_dejections,Toulouse,toulouse,31555,31000/31100/31200/31300/31400/31500,31,occitanie
11906577565,43.595772,1.4642,poubelle_dejections,Toulouse,toulouse,31555,31000/31100/31200/31300/31400/31500,31,occitanie
9963711156,43.594765,1.470691,distributeur_sacs,Toulouse,toulouse,31555,31000/31100/31200/31300/31400/31500,31,occitanie
10098695451,43.595861,1.470903,distributeur_sacs,Toulouse,toulouse,31555,31000/31100/31200/31300/31400/31500,31,occitanie
13298086869,43.601936,1.462987,distributeur_sacs,Toulouse,toulouse,31555,31000/31100/31200/31300/31400/31500,31,occitanie
10085789341,43.60202,1.463802,distributeur_sacs,Toulouse,toulouse,31555,31000/31100/31200/31300/31400/31500,31,occitanie
10713062771,43.602687,1.471524,distributeur_sacs,Toulouse,toulouse,31555,31000/31100/31200/31300/31400/31500,31,occitanie
13291436003,43.60095,1.462339,distributeur_sacs,Toulouse,toulouse,31555,31000/31100/31200/31300/31400/31500,31,occitanie
7005583365,43.601853,1.458394,poubelle_dejections,Toulouse,toulouse,31555,31000/31100/31200/31300/31400/31500,31,occitanie
8105176527,43.60147,1.454136,distributeur_sacs,Toulouse,toulouse,31555,31000/31100/31200/31300/31400/31500,31,occitanie
12122354429,43.605038,1.456525,distributeur_sacs,Toulouse,toulouse,31555,31000/31100/31200/31300/31400/31500,31,occitanie
10799421207,43.615544,1.445965,distributeur_sacs,Toulouse,toulouse,31555,31000/31100/31200/31300/31400/31500,31,occitanie
13422192123,43.614001,1.448716,distributeur_sacs,Toulouse,toulouse,31555,31000/31100/31200/31300/31400/31500,31,occitanie
10799421208,43.614963,1.448909,distributeur_sacs,Toulouse,toulouse,31555,31000/31100/31200/31300/31400/31500,31,occitanie
10911066493,43.612318,1.452531,distributeur_sacs,Toulouse,toulouse,31555,31000/31100/31200/31300/31400/31500,31,occitanie
6410994811,43.610753,1.451416,distributeur_sacs,Toulouse,toulouse,31555,31000/31100/31200/31300/31400/31500,31,occitanie
10146999827,43.6086,1.452879,distributeur_sacs,Toulouse,toulouse,31555,31000/31100/31200/31300/31400/31500,31,occitanie
10146999854,43.608705,1.452716,distributeur_sacs,Toulouse,toulouse,31555,31000/31100/31200/31300/31400/31500,31,occitanie
10146999848,43.608273,1.45209,distributeur_sacs,Toulouse,toulouse,31555,31000/31100/31200/31300/31400/31500,31,occitanie
10146999823,43.607942,1.452439,distributeur_sacs,Toulouse,toulouse,31555,31000/31100/31200/31300/31400/31500,31,occitanie
10146999847,43.608066,1.452266,distributeur_sacs,Toulouse,toulouse,31555,31000/31100/31200/31300/31400/31500,31,occitanie
10146999837,43.608394,1.453045,distributeur_sacs,Toulouse,toulouse,31555,31000/31100/31200/31300/31400/31500,31,occitanie
12388848296,43.607527,1.451813,distributeur_sacs,Toulouse,toulouse,31555,31000/31100/31200/31300/31400/31500,31,occitanie
12388985546,43.607533,1.451475,distributeur_sacs,Toulouse,toulouse,31555,31000/31100/31200/31300/31400/31500,31,occitanie
12122203815,43.607375,1.451241,distributeur_sacs,Toulouse,toulouse,31555,31000/31100/31200/31300/31400/31500,31,occitanie
12388985548,43.607618,1.451054,distributeur_sacs,Toulouse,toulouse,31555,31000/31100/31200/31300/31400/31500,31,occitanie
10146999842,43.606814,1.450754,distributeur_sacs,Toulouse,toulouse,31555,31000/31100/31200/31300/31400/31500,31,occitanie
10884447812,43.606301,1.449941,distributeur_sacs,Toulouse,toulouse,31555,31000/31100/31200/31300/31400/31500,31,occitanie
10298059075,43.606596,1.449546,distributeur_sacs,Toulouse,toulouse,31555,31000/31100/31200/31300/31400/31500,31,occitanie
13323600059,43.60849,1.450717,distributeur_sacs,Toulouse,toulouse,31555,31000/31100/31200/31300/31400/31500,31,occitanie
6410994810,43.608935,1.448118,distributeur_sacs,Toulouse,toulouse,31555,31000/31100/31200/31300/31400/31500,31,occitanie
426698535,43.606144,1.446158,distributeur_sacs,Toulouse,toulouse,31555,31000/31100/31200/31300/31400/31500,31,occitanie
12122200370,43.609913,1.446598,distributeur_sacs,Toulouse,toulouse,31555,31000/31100/31200/31300/31400/31500,31,occitanie
13323583482,43.610325,1.447039,distributeur_sacs,Toulouse,toulouse,31555,31000/31100/31200/31300/31400/31500,31,occitanie
10873651365,43.611651,1.444775,distributeur_sacs,Toulouse,toulouse,31555,31000/31100/31200/31300/31400/31500,31,occitanie
10834281604,43.611219,1.441273,distributeur_sacs,Toulouse,toulouse,31555,31000/31100/31200/31300/31400/31500,31,occitanie
10834290908,43.610969,1.442747,distributeur_sacs,Toulouse,toulouse,31555,31000/31100/31200/31300/31400/31500,31,occitanie
13401763817,43.608933,1.442507,distributeur_sacs,Toulouse,toulouse,31555,31000/31100/31200/31300/31400/31500,31,occitanie
11022812259,43.607773,1.441885,distributeur_sacs,Toulouse,toulouse,31555,31000/31100/31200/31300/31400/31500,31,occitanie
11037528965,43.606192,1.44107,distributeur_sacs,Toulouse,toulouse,31555,31000/31100/31200/31300/31400/31500,31,occitanie
13401763505,43.607768,1.440619,distributeur_sacs,Toulouse,toulouse,31555,31000/31100/31200/31300/31400/31500,31,occitanie
13401764040,43.60839,1.441279,distributeur_sacs,Toulouse,toulouse,31555,31000/31100/31200/31300/31400/31500,31,occitanie
11022812227,43.608862,1.441307,distributeur_sacs,Toulouse,toulouse,31555,31000/31100/31200/31300/31400/31500,31,occitanie
10834281596,43.611598,1.439346,distributeur_sacs,Toulouse,toulouse,31555,31000/31100/31200/31300/31400/31500,31,occitanie
10853073754,43.611809,1.437148,distributeur_sacs,Toulouse,toulouse,31555,31000/31100/31200/31300/31400/31500,31,occitanie
12810409867,43.614064,1.435138,distributeur_sacs,Toulouse,toulouse,31555,31000/31100/31200/31300/31400/31500,31,occitanie
13386300831,43.613588,1.439113,distributeur_sacs,Toulouse,toulouse,31555,31000/31100/31200/31300/31400/31500,31,occitanie
10834281539,43.61411,1.437816,distributeur_sacs,Toulouse,toulouse,31555,31000/31100/31200/31300/31400/31500,31,occitanie
10834281544,43.613139,1.438094,distributeur_sacs,Toulouse,toulouse,31555,31000/31100/31200/31300/31400/31500,31,occitanie
10916586451,43.614912,1.432889,distributeur_sacs,Toulouse,toulouse,31555,31000/31100/31200/31300/31400/31500,31,occitanie
12792145135,43.614773,1.433009,distributeur_sacs,Toulouse,toulouse,31555,31000/31100/31200/31300/31400/31500,31,occitanie
10814462994,43.612684,1.430514,distributeur_sacs,Toulouse,toulouse,31555,31000/31100/31200/31300/31400/31500,31,occitanie
12770130146,43.610534,1.432435,distributeur_sacs,Toulouse,toulouse,31555,31000/31100/31200/31300/31400/31500,31,occitanie
11061976556,43.612635,1.432352,distributeur_sacs,Toulouse,toulouse,31555,31000/31100/31200/31300/31400/31500,31,occitanie
12770130145,43.610847,1.433222,distributeur_sacs,Toulouse,toulouse,31555,31000/31100/31200/31300/31400/31500,31,occitanie
10882040991,43.609081,1.432804,distributeur_sacs,Toulouse,toulouse,31555,31000/31100/31200/31300/31400/31500,31,occitanie
12772112072,43.606287,1.431203,distributeur_sacs,Toulouse,toulouse,31555,31000/31100/31200/31300/31400/31500,31,occitanie
11793704620,43.598093,1.434773,distributeur_sacs,Toulouse,toulouse,31555,31000/31100/31200/31300/31400/31500,31,occitanie
13397368420,43.59616,1.421305,distributeur_sacs,Toulouse,toulouse,31555,31000/31100/31200/31300/31400/31500,31,occitanie
12697039045,43.596371,1.422498,distributeur_sacs,Toulouse,toulouse,31555,31000/31100/31200/31300/31400/31500,31,occitanie
13397387311,43.596583,1.417624,distributeur_sacs,Toulouse,toulouse,31555,31000/31100/31200/31300/31400/31500,31,occitanie
11183322730,43.596449,1.417109,distributeur_sacs,Toulouse,toulouse,31555,31000/31100/31200/31300/31400/31500,31,occitanie
11183341556,43.596781,1.418825,distributeur_sacs,Toulouse,toulouse,31555,31000/31100/31200/31300/31400/31500,31,occitanie
11173051980,43.605626,1.416062,distributeur_sacs,Toulouse,toulouse,31555,31000/31100/31200/31300/31400/31500,31,occitanie
13397368979,43.596052,1.415866,distributeur_sacs,Toulouse,toulouse,31555,31000/31100/31200/31300/31400/31500,31,occitanie
11862524088,43.595177,1.416013,distributeur_sacs,Toulouse,toulouse,31555,31000/31100/31200/31300/31400/31500,31,occitanie
11862524085,43.595062,1.41533,distributeur_sacs,Toulouse,toulouse,31555,31000/31100/31200/31300/31400/31500,31,occitanie
11217826948,43.592995,1.412801,distributeur_sacs,Toulouse,toulouse,31555,31000/31100/31200/31300/31400/31500,31,occitanie
13074735084,43.595945,1.410087,distributeur_sacs,Toulouse,toulouse,31555,31000/31100/31200/31300/31400/31500,31,occitanie
11174466193,43.59346,1.407339,distributeur_sacs,Toulouse,toulouse,31555,31000/31100/31200/31300/31400/31500,31,occitanie
11217807331,43.592747,1.403344,distributeur_sacs,Toulouse,toulouse,31555,31000/31100/31200/31300/31400/31500,31,occitanie
11173051985,43.606868,1.413922,distributeur_sacs,Toulouse,toulouse,31555,31000/31100/31200/31300/31400/31500,31,occitanie
10795670923,43.610853,1.416356,distributeur_sacs,Toulouse,toulouse,31555,31000/31100/31200/31300/31400/31500,31,occitanie
12453001585,43.61445,1.398632,distributeur_sacs,Toulouse,toulouse,31555,31000/31100/31200/31300/31400/31500,31,occitanie
12062792230,43.609549,1.380225,distributeur_sacs,Toulouse,toulouse,31555,31000/31100/31200/31300/31400/31500,31,occitanie
12062802092,43.609368,1.38008,distributeur_sacs,Toulouse,toulouse,31555,31000/31100/31200/31300/31400/31500,31,occitanie
11232119220,43.609625,1.381625,distributeur_sacs,Toulouse,toulouse,31555,31000/31100/31200/31300/31400/31500,31,occitanie
8068404309,43.609472,1.379364,distributeur_sacs,Toulouse,toulouse,31555,31000/31100/31200/31300/31400/31500,31,occitanie
12151702105,43.604957,1.376739,distributeur_sacs,Toulouse,toulouse,31555,31000/31100/31200/31300/31400/31500,31,occitanie
12180413466,43.600567,1.372861,distributeur_sacs,Toulouse,toulouse,31555,31000/31100/31200/31300/31400/31500,31,occitanie
12091843023,43.605618,1.364209,distributeur_sacs,Toulouse,toulouse,31555,31000/31100/31200/31300/31400/31500,31,occitanie
12041215245,43.601725,1.370225,distributeur_sacs,Toulouse,toulouse,31555,31000/31100/31200/31300/31400/31500,31,occitanie
11195363885,43.59794,1.368844,distributeur_sacs,Toulouse,toulouse,31555,31000/31100/31200/31300/31400/31500,31,occitanie
11212235105,43.599089,1.367507,distributeur_sacs,Toulouse,toulouse,31555,31000/31100/31200/31300/31400/31500,31,occitanie
11183341552,43.596037,1.371095,distributeur_sacs,Toulouse,toulouse,31555,31000/31100/31200/31300/31400/31500,31,occitanie
12993873212,43.598383,1.38894,distributeur_sacs,Toulouse,toulouse,31555,31000/31100/31200/31300/31400/31500,31,occitanie
11025028128,43.57917,1.392548,distributeur_sacs,Toulouse,toulouse,31555,31000/31100/31200/31300/31400/31500,31,occitanie
10853073757,43.621858,1.434916,distributeur_sacs,Toulouse,toulouse,31555,31000/31100/31200/31300/31400/31500,31,occitanie
13342225946,43.642013,1.454467,distributeur_sacs,Toulouse,toulouse,31555,31000/31100/31200/31300/31400/31500,31,occitanie
8663177234,43.621374,1.438385,distributeur_sacs,Toulouse,toulouse,31555,31000/31100/31200/31300/31400/31500,31,occitanie
10790696929,43.621873,1.434992,distributeur_sacs,Toulouse,toulouse,31555,31000/31100/31200/31300/31400/31500,31,occitanie
10790696917,43.621426,1.43711,distributeur_sacs,Toulouse,toulouse,31555,31000/31100/31200/31300/31400/31500,31,occitanie
8659728647,43.619925,1.442814,distributeur_sacs,Toulouse,toulouse,31555,31000/31100/31200/31300/31400/31500,31,occitanie
11267642956,43.624252,1.453165,distributeur_sacs,Toulouse,toulouse,31555,31000/31100/31200/31300/31400/31500,31,occitanie
11279352046,43.622931,1.456958,distributeur_sacs,Toulouse,toulouse,31555,31000/31100/31200/31300/31400/31500,31,occitanie
11218602196,43.612776,1.477374,distributeur_sacs,Toulouse,toulouse,31555,31000/31100/31200/31300/31400/31500,31,occitanie
11218602227,43.612351,1.477421,distributeur_sacs,Toulouse,toulouse,31555,31000/31100/31200/31300/31400/31500,31,occitanie
11684506131,43.608019,1.477004,distributeur_sacs,Toulouse,toulouse,31555,31000/31100/31200/31300/31400/31500,31,occitanie
11684393608,43.608593,1.478226,distributeur_sacs,Toulouse,toulouse,31555,31000/31100/31200/31300/31400/31500,31,occitanie
12512067215,43.606472,1.483888,distributeur_sacs,Toulouse,toulouse,31555,31000/31100/31200/31300/31400/31500,31,occitanie
12512062198,43.601398,1.487542,distributeur_sacs,Toulouse,toulouse,31555,31000/31100/31200/31300/31400/31500,31,occitanie
10712641487,43.603084,1.474277,distributeur_sacs,Toulouse,toulouse,31555,31000/31100/31200/31300/31400/31500,31,occitanie
10712641485,43.601473,1.472889,distributeur_sacs,Toulouse,toulouse,31555,31000/31100/31200/31300/31400/31500,31,occitanie
11027726961,43.59941,1.476147,distributeur_sacs,Toulouse,toulouse,31555,31000/31100/31200/31300/31400/31500,31,occitanie
9871722466,43.589079,1.493474,poubelle_dejections,Toulouse,toulouse,31555,31000/31100/31200/31300/31400/31500,31,occitanie
9963711158,43.588232,1.486023,distributeur_sacs,Toulouse,toulouse,31555,31000/31100/31200/31300/31400/31500,31,occitanie
9963711157,43.589586,1.484476,distributeur_sacs,Toulouse,toulouse,31555,31000/31100/31200/31300/31400/31500,31,occitanie
11025107770,43.579381,1.473194,distributeur_sacs,Toulouse,toulouse,31555,31000/31100/31200/31300/31400/31500,31,occitanie
11212600431,43.574607,1.474848,distributeur_sacs,Toulouse,toulouse,31555,31000/31100/31200/31300/31400/31500,31,occitanie
9853134612,43.573185,1.500446,poubelle_dejections,Toulouse,toulouse,31555,31000/31100/31200/31300/31400/31500,31,occitanie
10919452035,43.583599,1.346361,distributeur_sacs,Tournefeuille,tournefeuille,31557,31170,31,occitanie
8718841837,43.585675,1.332208,distributeur_sacs,Tournefeuille,tournefeuille,31557,31170,31,occitanie
7756858258,43.586193,1.332829,poubelle_dejections,Tournefeuille,tournefeuille,31557,31170,31,occitanie
7756858257,43.586802,1.331861,poubelle_dejections,Tournefeuille,tournefeuille,31557,31170,31,occitanie
8718841838,43.58752,1.331134,distributeur_sacs,Tournefeuille,tournefeuille,31557,31170,31,occitanie
11866664241,43.589643,1.316993,distributeur_sacs,Tournefeuille,tournefeuille,31557,31170,31,occitanie
10717383719,43.57583,1.307431,distributeur_sacs,Tournefeuille,tournefeuille,31557,31170,31,occitanie
8572886005,43.436703,1.660983,distributeur_sacs,Villenouvelle,villenouvelle,31589,31290,31,occitanie
12680569941,43.645287,0.785224,distributeur_sacs,Aubiet,aubiet,32012,32270,32,occitanie
12676693506,43.649449,0.588317,distributeur_sacs,Auch,auch,32013,32000,32,occitanie
12676679817,43.648239,0.586932,distributeur_sacs,Auch,auch,32013,32000,32,occitanie
11164781903,43.950963,-0.044261,distributeur_sacs,Cazaubon,cazaubon,32096,32150,32,occitanie
9385953218,43.72103,0.976414,poubelle_dejections,Cologne,cologne,32106,32430,32,occitanie
7830764774,43.840469,0.655241,distributeur_sacs,Fleurance,fleurance,32132,32500,32,occitanie
11773507164,43.847121,0.669248,distributeur_sacs,Fleurance,fleurance,32132,32500,32,occitanie
11253017952,43.606417,1.094423,distributeur_sacs,L'Isle-Jourdain,lisle-jourdain,32160,32600,32,occitanie
12676333355,43.614368,1.078202,distributeur_sacs,L'Isle-Jourdain,lisle-jourdain,32160,32600,32,occitanie
12356285331,43.614818,1.080613,distributeur_sacs,L'Isle-Jourdain,lisle-jourdain,32160,32600,32,occitanie
11242944597,43.61389,1.083624,distributeur_sacs,L'Isle-Jourdain,lisle-jourdain,32160,32600,32,occitanie
12426987991,43.615336,1.081165,distributeur_sacs,L'Isle-Jourdain,lisle-jourdain,32160,32600,32,occitanie
10282200311,43.618592,1.072652,distributeur_sacs,L'Isle-Jourdain,lisle-jourdain,32160,32600,32,occitanie
9698000017,43.615158,1.073203,distributeur_sacs,L'Isle-Jourdain,lisle-jourdain,32160,32600,32,occitanie
10282193609,43.615809,1.066405,distributeur_sacs,L'Isle-Jourdain,lisle-jourdain,32160,32600,32,occitanie
5099240847,44.661407,-1.154575,distributeur_sacs,Arcachon,arcachon,33009,33120,33,nouvelle-aquitaine
11172691884,44.661028,-1.170303,distributeur_sacs,Arcachon,arcachon,33009,33120,33,nouvelle-aquitaine
13186319084,44.663288,-1.17035,distributeur_sacs,Arcachon,arcachon,33009,33120,33,nouvelle-aquitaine
3878594331,44.663349,-1.166753,distributeur_sacs,Arcachon,arcachon,33009,33120,33,nouvelle-aquitaine
3878594958,44.657347,-1.194685,distributeur_sacs,Arcachon,arcachon,33009,33120,33,nouvelle-aquitaine
12623658755,44.647421,-1.183571,distributeur_sacs,Arcachon,arcachon,33009,33120,33,nouvelle-aquitaine
7756242991,44.761508,-1.142473,distributeur_sacs,Arès,ares,33011,33740,33,nouvelle-aquitaine
7756241582,44.762219,-1.14415,distributeur_sacs,Arès,ares,33011,33740,33,nouvelle-aquitaine
12379194975,44.858975,-0.498568,distributeur_sacs,Artigues-près-Bordeaux,artigues-pres-bordeaux,33013,33370,33,nouvelle-aquitaine
5911724662,44.802355,-0.537122,distributeur_sacs,Bègles,begles,33039,33130,33,nouvelle-aquitaine
8598726639,44.862301,-0.574264,distributeur_sacs,Bordeaux,bordeaux,33063,33000/33100/33200/33300/33800,33,nouvelle-aquitaine
12985703591,44.863216,-0.563793,distributeur_sacs,Bordeaux,bordeaux,33063,33000/33100/33200/33300/33800,33,nouvelle-aquitaine
12437073057,44.868788,-0.554278,distributeur_sacs,Bordeaux,bordeaux,33063,33000/33100/33200/33300/33800,33,nouvelle-aquitaine
13145947274,44.858518,-0.556321,distributeur_sacs,Bordeaux,bordeaux,33063,33000/33100/33200/33300/33800,33,nouvelle-aquitaine
13145972508,44.859261,-0.554685,distributeur_sacs,Bordeaux,bordeaux,33063,33000/33100/33200/33300/33800,33,nouvelle-aquitaine
13145972509,44.857835,-0.557852,distributeur_sacs,Bordeaux,bordeaux,33063,33000/33100/33200/33300/33800,33,nouvelle-aquitaine
13145947277,44.856934,-0.559868,distributeur_sacs,Bordeaux,bordeaux,33063,33000/33100/33200/33300/33800,33,nouvelle-aquitaine
13146009209,44.846879,-0.564926,distributeur_sacs,Bordeaux,bordeaux,33063,33000/33100/33200/33300/33800,33,nouvelle-aquitaine
5885225690,44.847316,-0.564268,distributeur_sacs,Bordeaux,bordeaux,33063,33000/33100/33200/33300/33800,33,nouvelle-aquitaine
13145933691,44.856257,-0.561307,distributeur_sacs,Bordeaux,bordeaux,33063,33000/33100/33200/33300/33800,33,nouvelle-aquitaine
13184665244,44.856836,-0.568766,distributeur_sacs,Bordeaux,bordeaux,33063,33000/33100/33200/33300/33800,33,nouvelle-aquitaine
8312912160,44.849998,-0.581604,distributeur_sacs,Bordeaux,bordeaux,33063,33000/33100/33200/33300/33800,33,nouvelle-aquitaine
8303579885,44.847192,-0.576883,distributeur_sacs,Bordeaux,bordeaux,33063,33000/33100/33200/33300/33800,33,nouvelle-aquitaine
8303579890,44.848325,-0.576248,distributeur_sacs,Bordeaux,bordeaux,33063,33000/33100/33200/33300/33800,33,nouvelle-aquitaine
5515378986,44.847452,-0.578626,distributeur_sacs,Bordeaux,bordeaux,33063,33000/33100/33200/33300/33800,33,nouvelle-aquitaine
5515378989,44.849882,-0.57715,distributeur_sacs,Bordeaux,bordeaux,33063,33000/33100/33200/33300/33800,33,nouvelle-aquitaine
9734976197,44.841879,-0.572363,distributeur_sacs,Bordeaux,bordeaux,33063,33000/33100/33200/33300/33800,33,nouvelle-aquitaine
8461556183,44.844383,-0.586505,distributeur_sacs,Bordeaux,bordeaux,33063,33000/33100/33200/33300/33800,33,nouvelle-aquitaine
13180629865,44.839221,-0.582011,distributeur_sacs,Bordeaux,bordeaux,33063,33000/33100/33200/33300/33800,33,nouvelle-aquitaine
8097273253,44.841449,-0.5829,distributeur_sacs,Bordeaux,bordeaux,33063,33000/33100/33200/33300/33800,33,nouvelle-aquitaine
8450904082,44.840765,-0.580533,distributeur_sacs,Bordeaux,bordeaux,33063,33000/33100/33200/33300/33800,33,nouvelle-aquitaine
5182419607,44.837137,-0.583643,distributeur_sacs,Bordeaux,bordeaux,33063,33000/33100/33200/33300/33800,33,nouvelle-aquitaine
11937137776,44.833664,-0.584724,distributeur_sacs,Bordeaux,bordeaux,33063,33000/33100/33200/33300/33800,33,nouvelle-aquitaine
11915082337,44.833262,-0.577062,distributeur_sacs,Bordeaux,bordeaux,33063,33000/33100/33200/33300/33800,33,nouvelle-aquitaine
13383293409,44.834074,-0.568911,distributeur_sacs,Bordeaux,bordeaux,33063,33000/33100/33200/33300/33800,33,nouvelle-aquitaine
12618852334,44.84083,-0.557123,distributeur_sacs,Bordeaux,bordeaux,33063,33000/33100/33200/33300/33800,33,nouvelle-aquitaine
13100429010,44.84036,-0.560051,distributeur_sacs,Bordeaux,bordeaux,33063,33000/33100/33200/33300/33800,33,nouvelle-aquitaine
12463504493,44.842632,-0.559261,distributeur_sacs,Bordeaux,bordeaux,33063,33000/33100/33200/33300/33800,33,nouvelle-aquitaine
13338991956,44.844453,-0.559545,distributeur_sacs,Bordeaux,bordeaux,33063,33000/33100/33200/33300/33800,33,nouvelle-aquitaine
11850801211,44.841325,-0.55475,distributeur_sacs,Bordeaux,bordeaux,33063,33000/33100/33200/33300/33800,33,nouvelle-aquitaine
13143152728,44.838367,-0.554164,distributeur_sacs,Bordeaux,bordeaux,33063,33000/33100/33200/33300/33800,33,nouvelle-aquitaine
13143096762,44.837004,-0.553074,distributeur_sacs,Bordeaux,bordeaux,33063,33000/33100/33200/33300/33800,33,nouvelle-aquitaine
13104098366,44.844251,-0.546872,distributeur_sacs,Bordeaux,bordeaux,33063,33000/33100/33200/33300/33800,33,nouvelle-aquitaine
12047595394,44.852057,-0.544689,poubelle_dejections,Bordeaux,bordeaux,33063,33000/33100/33200/33300/33800,33,nouvelle-aquitaine
7003653719,44.829768,-0.562931,distributeur_sacs,Bordeaux,bordeaux,33063,33000/33100/33200/33300/33800,33,nouvelle-aquitaine
8214218582,44.813359,-0.566902,distributeur_sacs,Bordeaux,bordeaux,33063,33000/33100/33200/33300/33800,33,nouvelle-aquitaine
8691544393,44.815884,-0.56488,distributeur_sacs,Bordeaux,bordeaux,33063,33000/33100/33200/33300/33800,33,nouvelle-aquitaine
4750924473,44.819916,-0.601957,distributeur_sacs,Bordeaux,bordeaux,33063,33000/33100/33200/33300/33800,33,nouvelle-aquitaine
4750924471,44.820032,-0.598704,distributeur_sacs,Bordeaux,bordeaux,33063,33000/33100/33200/33300/33800,33,nouvelle-aquitaine
4750924450,44.819206,-0.598873,distributeur_sacs,Bordeaux,bordeaux,33063,33000/33100/33200/33300/33800,33,nouvelle-aquitaine
7898528297,44.82391,-0.60815,distributeur_sacs,Bordeaux,bordeaux,33063,33000/33100/33200/33300/33800,33,nouvelle-aquitaine
8525051701,44.841395,-0.616206,distributeur_sacs,Bordeaux,bordeaux,33063,33000/33100/33200/33300/33800,33,nouvelle-aquitaine
9725151169,44.840216,-0.608188,distributeur_sacs,Bordeaux,bordeaux,33063,33000/33100/33200/33300/33800,33,nouvelle-aquitaine
8196387280,44.83238,-0.610374,distributeur_sacs,Bordeaux,bordeaux,33063,33000/33100/33200/33300/33800,33,nouvelle-aquitaine
11750519787,44.837739,-0.59297,distributeur_sacs,Bordeaux,bordeaux,33063,33000/33100/33200/33300/33800,33,nouvelle-aquitaine
8954811508,44.840837,-0.592813,distributeur_sacs,Bordeaux,bordeaux,33063,33000/33100/33200/33300/33800,33,nouvelle-aquitaine
13184453813,44.848464,-0.595191,distributeur_sacs,Bordeaux,bordeaux,33063,33000/33100/33200/33300/33800,33,nouvelle-aquitaine
9358253017,44.855551,-0.601344,distributeur_sacs,Bordeaux,bordeaux,33063,33000/33100/33200/33300/33800,33,nouvelle-aquitaine
12133441448,45.03902,-0.55909,distributeur_sacs,Bourg,bourg,33067,33710,33,nouvelle-aquitaine
11994737387,44.856307,-0.592807,distributeur_sacs,Le Bouscat,le-bouscat,33069,33110,33,nouvelle-aquitaine
9812573424,44.863811,-0.599377,distributeur_sacs,Le Bouscat,le-bouscat,33069,33110,33,nouvelle-aquitaine
11904443142,44.865695,-0.600929,distributeur_sacs,Le Bouscat,le-bouscat,33069,33110,33,nouvelle-aquitaine
12215999665,44.862833,-0.512183,distributeur_sacs,Cenon,cenon,33119,33150,33,nouvelle-aquitaine
6989896224,44.861102,-0.524137,distributeur_sacs,Cenon,cenon,33119,33150,33,nouvelle-aquitaine
6989896248,44.858284,-0.527088,distributeur_sacs,Cenon,cenon,33119,33150,33,nouvelle-aquitaine
11947425729,44.850122,-0.534352,distributeur_sacs,Cenon,cenon,33119,33150,33,nouvelle-aquitaine
4285964502,44.773803,-0.346246,poubelle_dejections,Créon,creon,33140,33670,33,nouvelle-aquitaine
7096452566,44.868295,-0.633253,distributeur_sacs,Eysines,eysines,33162,33320,33,nouvelle-aquitaine
7096452565,44.868629,-0.633105,distributeur_sacs,Eysines,eysines,33162,33320,33,nouvelle-aquitaine
13532485194,44.831054,-0.524852,distributeur_sacs,Floirac,floirac,33167,33270,33,nouvelle-aquitaine
13532517427,44.830464,-0.526361,distributeur_sacs,Floirac,floirac,33167,33270,33,nouvelle-aquitaine
13410739261,44.638992,-1.075971,distributeur_sacs,Gujan-Mestras,gujan-mestras,33199,33470,33,nouvelle-aquitaine
13408344556,44.637406,-1.07879,distributeur_sacs,Gujan-Mestras,gujan-mestras,33199,33470,33,nouvelle-aquitaine
13403993539,44.63828,-1.084902,distributeur_sacs,Gujan-Mestras,gujan-mestras,33199,33470,33,nouvelle-aquitaine
13404209405,44.64511,-1.113651,distributeur_sacs,Gujan-Mestras,gujan-mestras,33199,33470,33,nouvelle-aquitaine
7756891677,45.001946,-1.201961,distributeur_sacs,Lacanau,lacanau,33214,33680,33,nouvelle-aquitaine
8594640392,44.710237,-1.059726,distributeur_sacs,Lanton,lanton,33229,33138,33,nouvelle-aquitaine
8514594790,44.709312,-1.057973,distributeur_sacs,Lanton,lanton,33229,33138,33,nouvelle-aquitaine
9844993789,44.702869,-1.049636,distributeur_sacs,Lanton,lanton,33229,33138,33,nouvelle-aquitaine
9755703604,44.692909,-1.233057,distributeur_sacs,Lège-Cap-Ferret,lege-cap-ferret,33236,33950,33,nouvelle-aquitaine
13410539432,44.916625,-0.219354,distributeur_sacs,Libourne,libourne,33243,33500,33,nouvelle-aquitaine
6903153070,44.927798,-0.23941,distributeur_sacs,Libourne,libourne,33243,33500,33,nouvelle-aquitaine
9836444284,44.922824,-0.241588,distributeur_sacs,Libourne,libourne,33243,33500,33,nouvelle-aquitaine
9836444282,44.921797,-0.242205,distributeur_sacs,Libourne,libourne,33243,33500,33,nouvelle-aquitaine
9868668714,44.920057,-0.242095,distributeur_sacs,Libourne,libourne,33243,33500,33,nouvelle-aquitaine
9836444285,44.919987,-0.243445,distributeur_sacs,Libourne,libourne,33243,33500,33,nouvelle-aquitaine
9854457807,44.917515,-0.244009,distributeur_sacs,Libourne,libourne,33243,33500,33,nouvelle-aquitaine
9864010502,44.912442,-0.24845,distributeur_sacs,Libourne,libourne,33243,33500,33,nouvelle-aquitaine
9864010500,44.910896,-0.248401,distributeur_sacs,Libourne,libourne,33243,33500,33,nouvelle-aquitaine
9900544372,44.912728,-0.247054,distributeur_sacs,Libourne,libourne,33243,33500,33,nouvelle-aquitaine
9826082038,44.916393,-0.246844,distributeur_sacs,Libourne,libourne,33243,33500,33,nouvelle-aquitaine
9826082039,44.91676,-0.247033,distributeur_sacs,Libourne,libourne,33243,33500,33,nouvelle-aquitaine
9854457806,44.916017,-0.246495,distributeur_sacs,Libourne,libourne,33243,33500,33,nouvelle-aquitaine
9873254375,44.915502,-0.24501,distributeur_sacs,Libourne,libourne,33243,33500,33,nouvelle-aquitaine
9873254376,44.914885,-0.245449,distributeur_sacs,Libourne,libourne,33243,33500,33,nouvelle-aquitaine
9836489608,44.915419,-0.242834,distributeur_sacs,Libourne,libourne,33243,33500,33,nouvelle-aquitaine
9846238502,44.916767,-0.243568,distributeur_sacs,Libourne,libourne,33243,33500,33,nouvelle-aquitaine
9866468604,44.916196,-0.239818,distributeur_sacs,Libourne,libourne,33243,33500,33,nouvelle-aquitaine
6896183289,44.914738,-0.239666,distributeur_sacs,Libourne,libourne,33243,33500,33,nouvelle-aquitaine
9833905172,44.912145,-0.242883,distributeur_sacs,Libourne,libourne,33243,33500,33,nouvelle-aquitaine
9836430372,44.911924,-0.242083,distributeur_sacs,Libourne,libourne,33243,33500,33,nouvelle-aquitaine
9846312872,44.913191,-0.235522,distributeur_sacs,Libourne,libourne,33243,33500,33,nouvelle-aquitaine
9846312873,44.912937,-0.234911,distributeur_sacs,Libourne,libourne,33243,33500,33,nouvelle-aquitaine
9846312886,44.913908,-0.233763,distributeur_sacs,Libourne,libourne,33243,33500,33,nouvelle-aquitaine
6896217422,44.914153,-0.231552,distributeur_sacs,Libourne,libourne,33243,33500,33,nouvelle-aquitaine
9846312895,44.915245,-0.234715,distributeur_sacs,Libourne,libourne,33243,33500,33,nouvelle-aquitaine
6896217440,44.91687,-0.231504,distributeur_sacs,Libourne,libourne,33243,33500,33,nouvelle-aquitaine
13410539424,44.921169,-0.224307,distributeur_sacs,Libourne,libourne,33243,33500,33,nouvelle-aquitaine
9877058776,44.908834,-0.235635,distributeur_sacs,Libourne,libourne,33243,33500,33,nouvelle-aquitaine
6009808966,44.897861,-0.243065,distributeur_sacs,Libourne,libourne,33243,33500,33,nouvelle-aquitaine
6007037085,44.906676,-0.24441,distributeur_sacs,Libourne,libourne,33243,33500,33,nouvelle-aquitaine
9864011893,44.908401,-0.243364,distributeur_sacs,Libourne,libourne,33243,33500,33,nouvelle-aquitaine
13408799251,44.908829,-0.245766,distributeur_sacs,Libourne,libourne,33243,33500,33,nouvelle-aquitaine
6896102586,44.94085,-0.241912,distributeur_sacs,Libourne,libourne,33243,33500,33,nouvelle-aquitaine
6896091967,44.946757,-0.237599,distributeur_sacs,Libourne,libourne,33243,33500,33,nouvelle-aquitaine
11919990863,44.864228,-0.530977,distributeur_sacs,Lormont,lormont,33249,33310,33,nouvelle-aquitaine
8656590101,44.839733,-0.629102,distributeur_sacs,Mérignac,merignac,33281,33700,33,nouvelle-aquitaine
6509963335,44.839193,-0.633636,distributeur_sacs,Mérignac,merignac,33281,33700,33,nouvelle-aquitaine
6509963336,44.838909,-0.635023,distributeur_sacs,Mérignac,merignac,33281,33700,33,nouvelle-aquitaine
6509963334,44.8379,-0.63417,distributeur_sacs,Mérignac,merignac,33281,33700,33,nouvelle-aquitaine
12588282904,44.838283,-0.614929,distributeur_sacs,Mérignac,merignac,33281,33700,33,nouvelle-aquitaine
12180001683,44.842219,-0.679116,distributeur_sacs,Mérignac,merignac,33281,33700,33,nouvelle-aquitaine
12180001682,44.841704,-0.682478,distributeur_sacs,Mérignac,merignac,33281,33700,33,nouvelle-aquitaine
4816644556,44.805497,-0.631002,distributeur_sacs,Pessac,pessac,33318,33600,33,nouvelle-aquitaine
4840317202,44.805168,-0.630794,distributeur_sacs,Pessac,pessac,33318,33600,33,nouvelle-aquitaine
4830959609,44.802807,-0.631283,distributeur_sacs,Pessac,pessac,33318,33600,33,nouvelle-aquitaine
13299228053,44.793751,-0.619409,poubelle_dejections,Pessac,pessac,33318,33600,33,nouvelle-aquitaine
4699265206,44.806031,-0.61936,distributeur_sacs,Pessac,pessac,33318,33600,33,nouvelle-aquitaine
4446181134,44.808285,-0.607798,distributeur_sacs,Pessac,pessac,33318,33600,33,nouvelle-aquitaine
4816644554,44.80614,-0.63083,distributeur_sacs,Pessac,pessac,33318,33600,33,nouvelle-aquitaine
4840317155,44.806942,-0.631379,distributeur_sacs,Pessac,pessac,33318,33600,33,nouvelle-aquitaine
12830036647,44.402091,-0.350299,poubelle_dejections,Préchac,prechac,33336,33730,33,nouvelle-aquitaine
12192441333,45.28496,-0.698607,distributeur_sacs,Saint-Ciers-sur-Gironde,saint-ciers-sur-gironde,33389,33820,33,nouvelle-aquitaine
6168881435,44.552079,-0.871,distributeur_sacs,Salles,salles,33498,33770,33,nouvelle-aquitaine
13055970600,44.549612,-0.870113,distributeur_sacs,Salles,salles,33498,33770,33,nouvelle-aquitaine
5099392205,44.819205,-0.581461,distributeur_sacs,Talence,talence,33522,33400,33,nouvelle-aquitaine
5693180513,44.816862,-0.576447,distributeur_sacs,Talence,talence,33522,33400,33,nouvelle-aquitaine
5951692146,44.81431,-0.58827,distributeur_sacs,Talence,talence,33522,33400,33,nouvelle-aquitaine
5130639911,44.810601,-0.58376,distributeur_sacs,Talence,talence,33522,33400,33,nouvelle-aquitaine
4713369275,44.808679,-0.584469,distributeur_sacs,Talence,talence,33522,33400,33,nouvelle-aquitaine
4713378996,44.807822,-0.58529,distributeur_sacs,Talence,talence,33522,33400,33,nouvelle-aquitaine
5866509599,44.803153,-0.578497,distributeur_sacs,Talence,talence,33522,33400,33,nouvelle-aquitaine
5773856147,44.801913,-0.584854,distributeur_sacs,Talence,talence,33522,33400,33,nouvelle-aquitaine
5432292317,44.792632,-0.58736,distributeur_sacs,Talence,talence,33522,33400,33,nouvelle-aquitaine
5099331900,44.788834,-0.592026,distributeur_sacs,Talence,talence,33522,33400,33,nouvelle-aquitaine
5008161973,44.79668,-0.604102,distributeur_sacs,Talence,talence,33522,33400,33,nouvelle-aquitaine
4713418494,44.803535,-0.594954,distributeur_sacs,Talence,talence,33522,33400,33,nouvelle-aquitaine
4713418495,44.804776,-0.596344,distributeur_sacs,Talence,talence,33522,33400,33,nouvelle-aquitaine
4720250576,44.803482,-0.599799,distributeur_sacs,Talence,talence,33522,33400,33,nouvelle-aquitaine
9806787164,44.807702,-0.590201,distributeur_sacs,Talence,talence,33522,33400,33,nouvelle-aquitaine
4720250559,44.808801,-0.589011,distributeur_sacs,Talence,talence,33522,33400,33,nouvelle-aquitaine
8643917253,44.808744,-0.590818,distributeur_sacs,Talence,talence,33522,33400,33,nouvelle-aquitaine
8224731853,44.809826,-0.589757,distributeur_sacs,Talence,talence,33522,33400,33,nouvelle-aquitaine
4713354099,44.810305,-0.589226,distributeur_sacs,Talence,talence,33522,33400,33,nouvelle-aquitaine
4748840375,44.812281,-0.597859,distributeur_sacs,Talence,talence,33522,33400,33,nouvelle-aquitaine
4715237869,44.813904,-0.591825,distributeur_sacs,Talence,talence,33522,33400,33,nouvelle-aquitaine
4715237883,44.813069,-0.590826,distributeur_sacs,Talence,talence,33522,33400,33,nouvelle-aquitaine
4914704482,44.8172,-0.590973,distributeur_sacs,Talence,talence,33522,33400,33,nouvelle-aquitaine
5866444662,44.818584,-0.591303,distributeur_sacs,Talence,talence,33522,33400,33,nouvelle-aquitaine
5866444663,44.81808,-0.59289,distributeur_sacs,Talence,talence,33522,33400,33,nouvelle-aquitaine
4715237860,44.818528,-0.594184,distributeur_sacs,Talence,talence,33522,33400,33,nouvelle-aquitaine
4715183187,44.816407,-0.597026,distributeur_sacs,Talence,talence,33522,33400,33,nouvelle-aquitaine
4724283795,44.814543,-0.600928,distributeur_sacs,Talence,talence,33522,33400,33,nouvelle-aquitaine
6015655529,44.820537,-0.592032,distributeur_sacs,Talence,talence,33522,33400,33,nouvelle-aquitaine
8155360619,44.823768,-0.592002,distributeur_sacs,Talence,talence,33522,33400,33,nouvelle-aquitaine
13266775182,44.619981,-1.151957,distributeur_sacs,La Teste-de-Buch,la-teste-de-buch,33529,33260,33,nouvelle-aquitaine
8771736834,44.645746,-1.145288,poubelle_dejections,La Teste-de-Buch,la-teste-de-buch,33529,33260,33,nouvelle-aquitaine
3914315839,44.632569,-1.147197,distributeur_sacs,La Teste-de-Buch,la-teste-de-buch,33529,33260,33,nouvelle-aquitaine
12623134842,44.642286,-1.183226,distributeur_sacs,La Teste-de-Buch,la-teste-de-buch,33529,33260,33,nouvelle-aquitaine
12926391144,45.378329,-1.15907,distributeur_sacs,Vendays-Montalivet,vendays-montalivet,33540,33930,33,nouvelle-aquitaine
9076709310,45.349023,-1.152942,distributeur_sacs,Vendays-Montalivet,vendays-montalivet,33540,33930,33,nouvelle-aquitaine
432451549,43.312094,3.466904,distributeur_sacs,Agde,agde,34003,34300,34,occitanie
11369784316,43.31544,3.473054,distributeur_sacs,Agde,agde,34003,34300,34,occitanie
431418839,43.282853,3.451102,distributeur_sacs,Agde,agde,34003,34300,34,occitanie
11373812766,43.288194,3.470601,distributeur_sacs,Agde,agde,34003,34300,34,occitanie
10180195250,43.283486,3.517639,distributeur_sacs,Agde,agde,34003,34300,34,occitanie
12097507732,43.279529,3.517844,distributeur_sacs,Agde,agde,34003,34300,34,occitanie
12097570047,43.278585,3.517413,distributeur_sacs,Agde,agde,34003,34300,34,occitanie
12097542083,43.277485,3.515903,distributeur_sacs,Agde,agde,34003,34300,34,occitanie
10614191139,43.564982,3.449988,poubelle_dejections,Aspiran,aspiran,34013,34800,34,occitanie
10614191140,43.565309,3.449331,poubelle_dejections,Aspiran,aspiran,34013,34800,34,occitanie
12182323309,43.566787,3.447792,distributeur_sacs,Aspiran,aspiran,34013,34800,34,occitanie
13015778396,43.619163,3.156523,distributeur_sacs,Bédarieux,bedarieux,34028,34600,34,occitanie
13015831939,43.617443,3.158669,distributeur_sacs,Bédarieux,bedarieux,34028,34600,34,occitanie
10173542737,43.360494,3.427268,distributeur_sacs,Bessan,bessan,34031,34550,34,occitanie
11735348546,43.375284,3.248207,distributeur_sacs,Boujan-sur-Libron,boujan-sur-libron,34037,34760,34,occitanie
13239868376,43.602001,3.49146,distributeur_sacs,Canet,canet,34051,34800,34,occitanie
4312458940,43.32695,3.043847,distributeur_sacs,Capestang,capestang,34052,34310,34,occitanie
2510862781,43.330914,3.045936,distributeur_sacs,Capestang,capestang,34052,34310,34,occitanie
3893315987,43.633167,3.894911,distributeur_sacs,Castelnau-le-Lez,castelnau-le-lez,34057,34170,34,occitanie
3891969739,43.633881,3.899729,distributeur_sacs,Castelnau-le-Lez,castelnau-le-lez,34057,34170,34,occitanie
3891977702,43.633721,3.899539,distributeur_sacs,Castelnau-le-Lez,castelnau-le-lez,34057,34170,34,occitanie
3893296110,43.633161,3.898145,distributeur_sacs,Castelnau-le-Lez,castelnau-le-lez,34057,34170,34,occitanie
3891963494,43.627765,3.899418,distributeur_sacs,Castelnau-le-Lez,castelnau-le-lez,34057,34170,34,occitanie
3893282189,43.630378,3.902062,distributeur_sacs,Castelnau-le-Lez,castelnau-le-lez,34057,34170,34,occitanie
3903171808,43.631212,3.901464,distributeur_sacs,Castelnau-le-Lez,castelnau-le-lez,34057,34170,34,occitanie
3891932858,43.6324,3.903602,distributeur_sacs,Castelnau-le-Lez,castelnau-le-lez,34057,34170,34,occitanie
3892042303,43.632237,3.909083,distributeur_sacs,Castelnau-le-Lez,castelnau-le-lez,34057,34170,34,occitanie
3893343184,43.635622,3.920553,distributeur_sacs,Castelnau-le-Lez,castelnau-le-lez,34057,34170,34,occitanie
3893340708,43.636645,3.922231,distributeur_sacs,Castelnau-le-Lez,castelnau-le-lez,34057,34170,34,occitanie
3893344470,43.64405,3.924251,distributeur_sacs,Castelnau-le-Lez,castelnau-le-lez,34057,34170,34,occitanie
3891927127,43.641339,3.92627,distributeur_sacs,Castelnau-le-Lez,castelnau-le-lez,34057,34170,34,occitanie
3893299564,43.645095,3.913731,distributeur_sacs,Castelnau-le-Lez,castelnau-le-lez,34057,34170,34,occitanie
3893308247,43.644395,3.913165,distributeur_sacs,Castelnau-le-Lez,castelnau-le-lez,34057,34170,34,occitanie
3892026969,43.643283,3.911385,distributeur_sacs,Castelnau-le-Lez,castelnau-le-lez,34057,34170,34,occitanie
3892014735,43.641783,3.913199,distributeur_sacs,Castelnau-le-Lez,castelnau-le-lez,34057,34170,34,occitanie
3891920281,43.640246,3.914479,distributeur_sacs,Castelnau-le-Lez,castelnau-le-lez,34057,34170,34,occitanie
3891975233,43.636053,3.916296,distributeur_sacs,Castelnau-le-Lez,castelnau-le-lez,34057,34170,34,occitanie
3893313343,43.633459,3.916068,distributeur_sacs,Castelnau-le-Lez,castelnau-le-lez,34057,34170,34,occitanie
3893318005,43.638371,3.912213,distributeur_sacs,Castelnau-le-Lez,castelnau-le-lez,34057,34170,34,occitanie
3893335253,43.634261,3.906049,distributeur_sacs,Castelnau-le-Lez,castelnau-le-lez,34057,34170,34,occitanie
3893335461,43.635139,3.903916,distributeur_sacs,Castelnau-le-Lez,castelnau-le-lez,34057,34170,34,occitanie
3891940904,43.63284,3.903291,distributeur_sacs,Castelnau-le-Lez,castelnau-le-lez,34057,34170,34,occitanie
12919424681,43.633847,3.901438,distributeur_sacs,Castelnau-le-Lez,castelnau-le-lez,34057,34170,34,occitanie
3893294080,43.637813,3.904218,distributeur_sacs,Castelnau-le-Lez,castelnau-le-lez,34057,34170,34,occitanie
3892047810,43.641541,3.902298,distributeur_sacs,Castelnau-le-Lez,castelnau-le-lez,34057,34170,34,occitanie
3893319550,43.643973,3.906584,distributeur_sacs,Castelnau-le-Lez,castelnau-le-lez,34057,34170,34,occitanie
3815242269,43.677672,3.985437,distributeur_sacs,Castries,castries,34058,34160,34,occitanie
12896723099,43.51323,3.368604,distributeur_sacs,Caux,caux,34063,34720,34,occitanie
11487114900,43.505119,3.370943,distributeur_sacs,Caux,caux,34063,34720,34,occitanie
11460584300,43.504954,3.367303,distributeur_sacs,Caux,caux,34063,34720,34,occitanie
8720754617,43.506417,3.368494,distributeur_sacs,Caux,caux,34063,34720,34,occitanie
10871378942,43.508977,3.369804,distributeur_sacs,Caux,caux,34063,34720,34,occitanie
9571268918,43.50767,3.372688,distributeur_sacs,Caux,caux,34063,34720,34,occitanie
11935018266,43.50943,3.371049,distributeur_sacs,Caux,caux,34063,34720,34,occitanie
8720754618,43.510482,3.368178,distributeur_sacs,Caux,caux,34063,34720,34,occitanie
11935018267,43.510805,3.367183,distributeur_sacs,Caux,caux,34063,34720,34,occitanie
11935060369,43.50981,3.363498,distributeur_sacs,Caux,caux,34063,34720,34,occitanie
8720754717,43.506985,3.366286,distributeur_sacs,Caux,caux,34063,34720,34,occitanie
13039372067,43.507114,3.365095,distributeur_sacs,Caux,caux,34063,34720,34,occitanie
12478122370,43.659561,3.891831,distributeur_sacs,Clapiers,clapiers,34077,34830,34,occitanie
12478030992,43.65788,3.891962,distributeur_sacs,Clapiers,clapiers,34077,34830,34,occitanie
4196576917,43.653055,3.88571,distributeur_sacs,Clapiers,clapiers,34077,34830,34,occitanie
4196576911,43.655028,3.889432,distributeur_sacs,Clapiers,clapiers,34077,34830,34,occitanie
4196576914,43.6544,3.886877,distributeur_sacs,Clapiers,clapiers,34077,34830,34,occitanie
12444649393,43.658845,3.89045,distributeur_sacs,Clapiers,clapiers,34077,34830,34,occitanie
4196576912,43.656918,3.885707,distributeur_sacs,Clapiers,clapiers,34077,34830,34,occitanie
4196576913,43.656238,3.883824,distributeur_sacs,Clapiers,clapiers,34077,34830,34,occitanie
9964152614,43.632157,3.417046,distributeur_sacs,Clermont-l'Hérault,clermont-lherault,34079,34800,34,occitanie
9964152594,43.629665,3.418466,distributeur_sacs,Clermont-l'Hérault,clermont-lherault,34079,34800,34,occitanie
8700995122,43.632462,3.418346,distributeur_sacs,Clermont-l'Hérault,clermont-lherault,34079,34800,34,occitanie
10012245098,43.626748,3.4312,distributeur_sacs,Clermont-l'Hérault,clermont-lherault,34079,34800,34,occitanie
9958687924,43.628089,3.432469,distributeur_sacs,Clermont-l'Hérault,clermont-lherault,34079,34800,34,occitanie
9999889773,43.626875,3.43395,distributeur_sacs,Clermont-l'Hérault,clermont-lherault,34079,34800,34,occitanie
9999889794,43.626009,3.434073,distributeur_sacs,Clermont-l'Hérault,clermont-lherault,34079,34800,34,occitanie
9957453409,43.632409,3.433561,distributeur_sacs,Clermont-l'Hérault,clermont-lherault,34079,34800,34,occitanie
10012245101,43.62673,3.430516,distributeur_sacs,Clermont-l'Hérault,clermont-lherault,34079,34800,34,occitanie
10012280440,43.626922,3.428311,distributeur_sacs,Clermont-l'Hérault,clermont-lherault,34079,34800,34,occitanie
10012280450,43.626436,3.427245,distributeur_sacs,Clermont-l'Hérault,clermont-lherault,34079,34800,34,occitanie
9956750326,43.63464,3.435398,distributeur_sacs,Clermont-l'Hérault,clermont-lherault,34079,34800,34,occitanie
9956937992,43.634083,3.434339,distributeur_sacs,Clermont-l'Hérault,clermont-lherault,34079,34800,34,occitanie
9958041465,43.634782,3.439496,distributeur_sacs,Clermont-l'Hérault,clermont-lherault,34079,34800,34,occitanie
3891854846,43.548666,3.703754,poubelle_dejections,Cournonsec,cournonsec,34087,34660,34,occitanie
3891841414,43.548386,3.703709,poubelle_dejections,Cournonsec,cournonsec,34087,34660,34,occitanie
12853367091,43.653242,3.933937,distributeur_sacs,Le Crès,le-cres,34090,34920,34,occitanie
12853367048,43.654265,3.928002,distributeur_sacs,Le Crès,le-cres,34090,34920,34,occitanie
12364947485,43.460231,3.764821,distributeur_sacs,Frontignan,frontignan,34108,34110,34,occitanie
12365023833,43.461907,3.76585,distributeur_sacs,Frontignan,frontignan,34108,34110,34,occitanie
12150634709,43.44797,3.801886,distributeur_sacs,Frontignan,frontignan,34108,34110,34,occitanie
12365062001,43.458736,3.763781,distributeur_sacs,Frontignan,frontignan,34108,34110,34,occitanie
3158033875,43.500212,3.711174,distributeur_sacs,Gigean,gigean,34113,34770,34,occitanie
3158023273,43.501875,3.711292,distributeur_sacs,Gigean,gigean,34113,34770,34,occitanie
3158033876,43.500357,3.712456,distributeur_sacs,Gigean,gigean,34113,34770,34,occitanie
12704537681,43.651786,3.548412,distributeur_sacs,Gignac,gignac,34114,34150,34,occitanie
12528834845,43.651292,3.829002,distributeur_sacs,Grabels,grabels,34116,34790,34,occitanie
12528773356,43.651707,3.827716,distributeur_sacs,Grabels,grabels,34116,34790,34,occitanie
12364679512,43.556444,3.871313,poubelle_dejections,Lattes,lattes,34129,34970,34,occitanie
12364701744,43.556444,3.871313,distributeur_sacs,Lattes,lattes,34129,34970,34,occitanie
13342249307,43.565558,3.914001,poubelle_dejections,Lattes,lattes,34129,34970,34,occitanie
13342250132,43.565558,3.914001,distributeur_sacs,Lattes,lattes,34129,34970,34,occitanie
12358477310,43.570944,3.904548,distributeur_sacs,Lattes,lattes,34129,34970,34,occitanie
12358505970,43.571612,3.909069,poubelle_dejections,Lattes,lattes,34129,34970,34,occitanie
12358530260,43.571612,3.909069,distributeur_sacs,Lattes,lattes,34129,34970,34,occitanie
13342225267,43.566671,3.908787,distributeur_sacs,Lattes,lattes,34129,34970,34,occitanie
13342249514,43.566671,3.908787,poubelle_dejections,Lattes,lattes,34129,34970,34,occitanie
12358486679,43.571657,3.910744,distributeur_sacs,Lattes,lattes,34129,34970,34,occitanie
12358505108,43.571657,3.910744,poubelle_dejections,Lattes,lattes,34129,34970,34,occitanie
11284740676,43.590562,3.925111,distributeur_sacs,Lattes,lattes,34129,34970,34,occitanie
11284740675,43.59023,3.926958,distributeur_sacs,Lattes,lattes,34129,34970,34,occitanie
4119157095,43.583646,3.803855,distributeur_sacs,Lavérune,laverune,34134,34880,34,occitanie
4119157094,43.584154,3.802974,distributeur_sacs,Lavérune,laverune,34134,34880,34,occitanie
12090127038,43.273386,3.17536,distributeur_sacs,Lespignan,lespignan,34135,34710,34,occitanie
13063178730,43.273857,3.173177,distributeur_sacs,Lespignan,lespignan,34135,34710,34,occitanie
12090450839,43.272804,3.171751,distributeur_sacs,Lespignan,lespignan,34135,34710,34,occitanie
12090428679,43.272226,3.170651,distributeur_sacs,Lespignan,lespignan,34135,34710,34,occitanie
12090422488,43.272851,3.170505,distributeur_sacs,Lespignan,lespignan,34135,34710,34,occitanie
12231309681,43.731583,3.319839,distributeur_sacs,Lodève,lodeve,34142,34700,34,occitanie
3702853679,43.666412,4.127874,poubelle_dejections,Lunel,lunel,34145,34400,34,occitanie
4134182615,43.666243,4.125487,poubelle_dejections,Lunel,lunel,34145,34400,34,occitanie
7369410458,43.729493,3.808984,poubelle_dejections,Les Matelles,les-matelles,34153,34270,34,occitanie
3898622220,43.619035,4.009043,distributeur_sacs,Mauguio,mauguio,34154,34130,34,occitanie
13085260311,43.424987,3.609543,distributeur_sacs,Mèze,meze,34157,34140,34,occitanie
13084887585,43.423982,3.608297,distributeur_sacs,Mèze,meze,34157,34140,34,occitanie
13084900879,43.425917,3.610859,distributeur_sacs,Mèze,meze,34157,34140,34,occitanie
13084900676,43.42761,3.611704,distributeur_sacs,Mèze,meze,34157,34140,34,occitanie
13084143528,43.427028,3.607185,distributeur_sacs,Mèze,meze,34157,34140,34,occitanie
12535168122,43.507437,3.805855,distributeur_sacs,Mireval,mireval,34159,34110,34,occitanie
12050324062,43.512258,3.807017,distributeur_sacs,Mireval,mireval,34159,34110,34,occitanie
3048110536,43.633665,3.856392,distributeur_sacs,Montpellier,montpellier,34172,34000/34070/34080/34090,34,occitanie
7417043242,43.600065,3.904384,distributeur_sacs,Montpellier,montpellier,34172,34000/34070/34080/34090,34,occitanie
7398613194,43.601709,3.905263,distributeur_sacs,Montpellier,montpellier,34172,34000/34070/34080/34090,34,occitanie
11681438975,43.608772,3.883522,poubelle_dejections,Montpellier,montpellier,34172,34000/34070/34080/34090,34,occitanie
6300178507,43.58196,3.855872,distributeur_sacs,Montpellier,montpellier,34172,34000/34070/34080/34090,34,occitanie
11888587314,43.645277,4.038379,poubelle_dejections,Mudaison,mudaison,34176,34130,34,occitanie
11653964442,43.519616,3.913353,distributeur_sacs,Palavas-les-Flots,palavas-les-flots,34192,34250,34,occitanie
3745354957,43.526478,3.923226,distributeur_sacs,Palavas-les-Flots,palavas-les-flots,34192,34250,34,occitanie
3745355000,43.528354,3.929038,distributeur_sacs,Palavas-les-Flots,palavas-les-flots,34192,34250,34,occitanie
11645960929,43.524173,3.919628,distributeur_sacs,Palavas-les-Flots,palavas-les-flots,34192,34250,34,occitanie
11653964416,43.523228,3.922629,distributeur_sacs,Palavas-les-Flots,palavas-les-flots,34192,34250,34,occitanie
11281893907,43.535063,3.458965,distributeur_sacs,Paulhan,paulhan,34194,34230,34,occitanie
11281893898,43.536686,3.459912,distributeur_sacs,Paulhan,paulhan,34194,34230,34,occitanie
12356113976,43.552255,3.967428,poubelle_dejections,Pérols,perols,34198,34470,34,occitanie
12356104006,43.552255,3.967429,distributeur_sacs,Pérols,perols,34198,34470,34,occitanie
13340801970,43.559334,3.958876,distributeur_sacs,Pérols,perols,34198,34470,34,occitanie
12356070451,43.556664,3.960954,distributeur_sacs,Pérols,perols,34198,34470,34,occitanie
12356108667,43.556664,3.960954,poubelle_dejections,Pérols,perols,34198,34470,34,occitanie
12356072091,43.552764,3.963824,distributeur_sacs,Pérols,perols,34198,34470,34,occitanie
13340825033,43.561039,3.952536,distributeur_sacs,Pérols,perols,34198,34470,34,occitanie
12356096032,43.56988,3.944103,distributeur_sacs,Pérols,perols,34198,34470,34,occitanie
12356127426,43.56845,3.94647,distributeur_sacs,Pérols,perols,34198,34470,34,occitanie
12951821757,43.457414,3.427575,distributeur_sacs,Pézenas,pezenas,34199,34120,34,occitanie
10210137062,43.458581,3.426206,distributeur_sacs,Pézenas,pezenas,34199,34120,34,occitanie
12951280263,43.459138,3.42413,distributeur_sacs,Pézenas,pezenas,34199,34120,34,occitanie
11361671386,43.455518,3.414155,distributeur_sacs,Pézenas,pezenas,34199,34120,34,occitanie
13417999764,43.460314,3.403275,distributeur_sacs,Pézenas,pezenas,34199,34120,34,occitanie
11198086557,43.461805,3.420438,distributeur_sacs,Pézenas,pezenas,34199,34120,34,occitanie
11198086490,43.461803,3.41979,distributeur_sacs,Pézenas,pezenas,34199,34120,34,occitanie
12956375479,43.463244,3.42248,poubelle_dejections,Pézenas,pezenas,34199,34120,34,occitanie
11984233575,43.461295,3.422641,distributeur_sacs,Pézenas,pezenas,34199,34120,34,occitanie
12002747605,43.460915,3.424176,distributeur_sacs,Pézenas,pezenas,34199,34120,34,occitanie
11931082950,43.583282,3.75957,distributeur_sacs,Pignan,pignan,34202,34570,34,occitanie
4121238317,43.582765,3.763536,distributeur_sacs,Pignan,pignan,34202,34570,34,occitanie
4121146063,43.579695,3.751896,distributeur_sacs,Pignan,pignan,34202,34570,34,occitanie
8403881178,43.590564,3.524503,distributeur_sacs,Le Pouget,le-pouget,34210,34230,34,occitanie
12110112468,43.486848,3.667385,distributeur_sacs,Poussan,poussan,34213,34560,34,occitanie
12110029727,43.493219,3.66923,distributeur_sacs,Poussan,poussan,34213,34560,34,occitanie
10914738885,43.698424,3.862212,distributeur_sacs,Prades-le-Lez,prades-le-lez,34217,34730,34,occitanie
12922583097,43.69687,4.035155,distributeur_sacs,Saint-Geniès-des-Mourgues,saint-genies-des-mourgues,34256,34160,34,occitanie
12218567120,43.46938,3.177693,distributeur_sacs,Saint-Geniès-de-Fontedit,saint-genies-de-fontedit,34258,34480,34,occitanie
12332351307,43.713866,3.423891,distributeur_sacs,Saint-Jean-de-la-Blaquière,saint-jean-de-la-blaquiere,34268,34700,34,occitanie
1599742637,43.790453,3.732863,poubelle_dejections,Saint-Martin-de-Londres,saint-martin-de-londres,34274,34380,34,occitanie
3978401872,43.791641,3.731316,distributeur_sacs,Saint-Martin-de-Londres,saint-martin-de-londres,34274,34380,34,occitanie
3808230983,43.792518,3.731512,distributeur_sacs,Saint-Martin-de-Londres,saint-martin-de-londres,34274,34380,34,occitanie
9000981288,43.619074,3.317204,distributeur_sacs,Salasc,salasc,34292,34800,34,occitanie
12758491035,43.267918,3.333558,distributeur_sacs,Sérignan,serignan,34299,34410,34,occitanie
12762047560,43.267282,3.335069,distributeur_sacs,Sérignan,serignan,34299,34410,34,occitanie
4922682033,43.392432,3.6737,distributeur_sacs,Sète,sete,34301,34200,34,occitanie
12002672159,43.396294,3.69266,poubelle_dejections,Sète,sete,34301,34200,34,occitanie
2523497360,43.402267,3.699956,distributeur_sacs,Sète,sete,34301,34200,34,occitanie
11591091362,43.421542,3.171378,distributeur_sacs,Thézan-lès-Béziers,thezan-les-beziers,34310,34490,34,occitanie
12393459306,43.447381,3.377958,distributeur_sacs,Tourbes,tourbes,34311,34120,34,occitanie
3023354142,43.240506,3.27834,poubelle_dejections,Valras-Plage,valras-plage,34324,34350,34,occitanie
12830235706,43.658181,3.969863,poubelle_dejections,Vendargues,vendargues,34327,34740,34,occitanie
13344532521,43.317044,3.281758,poubelle_dejections,Villeneuve-lès-Béziers,villeneuve-les-beziers,34336,34420,34,occitanie
13344515942,43.317044,3.281758,distributeur_sacs,Villeneuve-lès-Béziers,villeneuve-les-beziers,34336,34420,34,occitanie
12673408388,43.524665,3.862542,distributeur_sacs,Villeneuve-lès-Maguelone,villeneuve-les-maguelone,34337,34750,34,occitanie
3655706830,43.567867,4.10054,poubelle_dejections,La Grande-Motte,la-grande-motte,34344,34280,34,occitanie
3639906148,43.561759,4.08945,poubelle_dejections,La Grande-Motte,la-grande-motte,34344,34280,34,occitanie
3639860703,43.564211,4.096406,poubelle_dejections,La Grande-Motte,la-grande-motte,34344,34280,34,occitanie
9709782209,48.176632,-1.633477,distributeur_sacs,Betton,betton,35024,35830,35,bretagne
12787853075,48.67564,-1.851397,distributeur_sacs,Cancale,cancale,35049,35260,35,bretagne
13532394954,48.116492,-1.625331,distributeur_sacs,Cesson-Sévigné,cesson-sevigne,35051,35510,35,bretagne
13408800864,48.111995,-1.626076,distributeur_sacs,Cesson-Sévigné,cesson-sevigne,35051,35510,35,bretagne
10146940260,48.125608,-1.608299,distributeur_sacs,Cesson-Sévigné,cesson-sevigne,35051,35510,35,bretagne
4266632238,48.083974,-1.621343,distributeur_sacs,Chantepie,chantepie,35055,35135,35,bretagne
4221741495,48.087157,-1.616593,distributeur_sacs,Chantepie,chantepie,35055,35135,35,bretagne
4512087437,48.085389,-1.60904,distributeur_sacs,Chantepie,chantepie,35055,35135,35,bretagne
4371575564,48.086341,-1.609515,distributeur_sacs,Chantepie,chantepie,35055,35135,35,bretagne
4371575563,48.086556,-1.606674,distributeur_sacs,Chantepie,chantepie,35055,35135,35,bretagne
12860944296,48.114009,-1.395635,distributeur_sacs,Châteaubourg,chateaubourg,35068,35220,35,bretagne
12860949161,48.11426,-1.397533,distributeur_sacs,Châteaubourg,chateaubourg,35068,35220,35,bretagne
12836741694,48.108665,-1.38592,distributeur_sacs,Châteaubourg,chateaubourg,35068,35220,35,bretagne
13152925317,47.980428,-1.585295,distributeur_sacs,Corps-Nuds,corps-nuds,35088,35150,35,bretagne
13017192814,48.630983,-2.053311,distributeur_sacs,Dinard,dinard,35093,35800,35,bretagne
10665206884,48.632377,-2.051002,distributeur_sacs,Dinard,dinard,35093,35800,35,bretagne
13017212114,48.633656,-2.055581,distributeur_sacs,Dinard,dinard,35093,35800,35,bretagne
9783526557,48.637691,-2.068978,distributeur_sacs,Dinard,dinard,35093,35800,35,bretagne
9783526547,48.637664,-2.074939,distributeur_sacs,Dinard,dinard,35093,35800,35,bretagne
10924887508,48.207322,-1.50843,distributeur_sacs,Liffré,liffre,35152,35340,35,bretagne
10924887507,48.206604,-1.502642,distributeur_sacs,Liffré,liffre,35152,35340,35,bretagne
10924887509,48.208349,-1.504724,distributeur_sacs,Liffré,liffre,35152,35340,35,bretagne
10924887506,48.208005,-1.51328,distributeur_sacs,Liffré,liffre,35152,35340,35,bretagne
12147930647,48.20941,-1.51264,distributeur_sacs,Liffré,liffre,35152,35340,35,bretagne
9133118721,48.481421,-1.122758,distributeur_sacs,Louvigné-du-Désert,louvigne-du-desert,35162,35420,35,bretagne
11114839419,48.57551,-2.011876,distributeur_sacs,Le Minihic-sur-Rance,le-minihic-sur-rance,35181,35870,35,bretagne
11157692220,48.575588,-2.010713,distributeur_sacs,Le Minihic-sur-Rance,le-minihic-sur-rance,35181,35870,35,bretagne
4555676074,48.136848,-1.953518,poubelle_dejections,Montfort-sur-Meu,montfort-sur-meu,35188,35160,35,bretagne
7728277085,48.014989,-2.171476,distributeur_sacs,Paimpont,paimpont,35211,35380,35,bretagne
12628534953,47.64428,-2.089285,distributeur_sacs,Redon,redon,35236,35600,35,bretagne
5581953137,48.113871,-1.671775,distributeur_sacs,Rennes,rennes,35238,35000/35200/35700,35,bretagne
13430445107,48.149971,-1.825061,distributeur_sacs,Saint-Gilles,saint-gilles,35275,35590,35,bretagne
8569854715,48.657143,-1.98413,distributeur_sacs,Saint-Malo,saint-malo,35288,35400,35,bretagne
10650265611,48.651133,-2.022021,distributeur_sacs,Saint-Malo,saint-malo,35288,35400,35,bretagne
13059512466,48.6289,-1.99197,distributeur_sacs,Saint-Malo,saint-malo,35288,35400,35,bretagne
10005082498,48.631805,-2.010048,distributeur_sacs,Saint-Malo,saint-malo,35288,35400,35,bretagne
9811751447,48.635507,-2.006701,distributeur_sacs,Saint-Malo,saint-malo,35288,35400,35,bretagne
11638422715,48.633095,-2.015104,distributeur_sacs,Saint-Malo,saint-malo,35288,35400,35,bretagne
13572899001,48.635025,-2.023644,distributeur_sacs,Saint-Malo,saint-malo,35288,35400,35,bretagne
13572886001,48.635237,-2.026574,distributeur_sacs,Saint-Malo,saint-malo,35288,35400,35,bretagne
9783835712,48.636935,-2.029757,distributeur_sacs,Saint-Malo,saint-malo,35288,35400,35,bretagne
9783835705,48.638055,-2.029505,distributeur_sacs,Saint-Malo,saint-malo,35288,35400,35,bretagne
12791886632,48.646178,-2.026029,distributeur_sacs,Saint-Malo,saint-malo,35288,35400,35,bretagne
12791893075,48.649092,-2.026938,distributeur_sacs,Saint-Malo,saint-malo,35288,35400,35,bretagne
7773552432,48.647636,-2.028661,distributeur_sacs,Saint-Malo,saint-malo,35288,35400,35,bretagne
7773558411,48.647166,-2.028596,distributeur_sacs,Saint-Malo,saint-malo,35288,35400,35,bretagne
10651576988,48.647001,-2.028558,distributeur_sacs,Saint-Malo,saint-malo,35288,35400,35,bretagne
10651581844,48.650136,-2.028253,distributeur_sacs,Saint-Malo,saint-malo,35288,35400,35,bretagne
8731389550,48.635139,-1.902066,distributeur_sacs,Saint-Méloir-des-Ondes,saint-meloir-des-ondes,35299,35350,35,bretagne
9007967559,48.328848,-1.429702,distributeur_sacs,Saint-Ouen-des-Alleux,saint-ouen-des-alleux,35304,35140,35,bretagne
8443015626,48.117497,-1.758607,distributeur_sacs,Vezin-le-Coquet,vezin-le-coquet,35353,35132,35,bretagne
8443015625,48.119306,-1.748283,distributeur_sacs,Vezin-le-Coquet,vezin-le-coquet,35353,35132,35,bretagne
8443015622,48.118319,-1.748348,distributeur_sacs,Vezin-le-Coquet,vezin-le-coquet,35353,35132,35,bretagne
9974452830,48.11751,-1.209884,distributeur_sacs,Vitré,vitre,35360,35500,35,bretagne
9974452915,48.121458,-1.214617,distributeur_sacs,Vitré,vitre,35360,35500,35,bretagne
9974452947,48.124687,-1.213962,distributeur_sacs,Vitré,vitre,35360,35500,35,bretagne
9974452921,48.125181,-1.21156,distributeur_sacs,Vitré,vitre,35360,35500,35,bretagne
12103920166,48.602746,-1.772257,distributeur_sacs,Le Vivier-sur-Mer,le-vivier-sur-mer,35361,35960,35,bretagne
12228169583,46.794435,1.933207,poubelle_dejections,Ambrault,ambrault,36003,36120,36,centre-val-de-loire
12982881375,46.747628,1.808871,poubelle_dejections,Ardentes,ardentes,36005,36120,36,centre-val-de-loire
13230054820,47.132008,1.686635,poubelle_dejections,Buxeuil,buxeuil,36029,36150,36,centre-val-de-loire
11779079331,46.791265,1.712025,distributeur_sacs,Châteauroux,chateauroux,36044,36000,36,centre-val-de-loire
13046610226,46.81468,1.709888,distributeur_sacs,Châteauroux,chateauroux,36044,36000,36,centre-val-de-loire
11359834713,46.578465,1.982756,distributeur_sacs,La Châtre,la-chatre,36046,36400,36,centre-val-de-loire
11812084721,46.579768,1.990189,poubelle_dejections,La Châtre,la-chatre,36046,36400,36,centre-val-de-loire
11591012197,46.579476,1.990063,poubelle_dejections,La Châtre,la-chatre,36046,36400,36,centre-val-de-loire
12754393609,46.583949,1.98946,distributeur_sacs,La Châtre,la-chatre,36046,36400,36,centre-val-de-loire
13159503963,46.827052,1.828108,poubelle_dejections,Diors,diors,36064,36130,36,centre-val-de-loire
13026964965,46.433916,1.611447,distributeur_sacs,Éguzon-Chantôme,eguzon-chantome,36070,36270,36,centre-val-de-loire
13076466137,46.941551,1.998526,poubelle_dejections,Issoudun,issoudun,36088,36100,36,centre-val-de-loire
13076108219,46.954441,1.997143,poubelle_dejections,Issoudun,issoudun,36088,36100,36,centre-val-de-loire
12624178344,46.979554,1.614154,distributeur_sacs,Levroux,levroux,36093,36110,36,centre-val-de-loire
13519152742,46.819703,1.212609,poubelle_dejections,Mézières-en-Brenne,mezieres-en-brenne,36123,36290,36,centre-val-de-loire
13519254815,46.81982,1.210948,poubelle_dejections,Mézières-en-Brenne,mezieres-en-brenne,36123,36290,36,centre-val-de-loire
12709464882,46.885972,1.861281,poubelle_dejections,Neuvy-Pailloux,neuvy-pailloux,36140,36100,36,centre-val-de-loire
13061636787,47.03826,1.919767,poubelle_dejections,Paudy,paudy,36152,36260,36,centre-val-de-loire
13196082149,46.480475,2.034022,poubelle_dejections,Pouligny-Notre-Dame,pouligny-notre-dame,36163,36160,36,centre-val-de-loire
13057878154,47.08608,2.032453,poubelle_dejections,Reuilly,reuilly,36171,36260,36,centre-val-de-loire
13072906347,47.073637,1.805366,poubelle_dejections,Vatan,vatan,36230,36150,36,centre-val-de-loire
12278644719,46.844019,1.53629,poubelle_dejections,Villedieu-sur-Indre,villedieu-sur-indre,36241,36320,36,centre-val-de-loire
12278421109,46.860995,1.508846,poubelle_dejections,Villedieu-sur-Indre,villedieu-sur-indre,36241,36320,36,centre-val-de-loire
11020739593,47.213599,0.176659,distributeur_sacs,Avoine,avoine,37011,37420,37,centre-val-de-loire
12846422744,47.346016,0.622645,distributeur_sacs,Ballan-Miré,ballan-mire,37018,37510,37,centre-val-de-loire
12861859879,47.341105,0.618925,distributeur_sacs,Ballan-Miré,ballan-mire,37018,37510,37,centre-val-de-loire
12652622797,47.33771,0.612829,distributeur_sacs,Ballan-Miré,ballan-mire,37018,37510,37,centre-val-de-loire
12821600098,47.338487,0.607509,distributeur_sacs,Ballan-Miré,ballan-mire,37018,37510,37,centre-val-de-loire
11485258088,47.341813,0.607842,distributeur_sacs,Ballan-Miré,ballan-mire,37018,37510,37,centre-val-de-loire
12652609972,47.341548,0.614961,distributeur_sacs,Ballan-Miré,ballan-mire,37018,37510,37,centre-val-de-loire
12652644083,47.342119,0.616237,distributeur_sacs,Ballan-Miré,ballan-mire,37018,37510,37,centre-val-de-loire
12827704607,47.342793,0.607858,distributeur_sacs,Ballan-Miré,ballan-mire,37018,37510,37,centre-val-de-loire
13087473130,47.345071,0.717998,distributeur_sacs,Chambray-lès-Tours,chambray-les-tours,37050,37170,37,centre-val-de-loire
5337919794,47.348843,0.695779,distributeur_sacs,Chambray-lès-Tours,chambray-les-tours,37050,37170,37,centre-val-de-loire
13099748891,47.542949,0.315276,distributeur_sacs,Château-la-Vallière,chateau-la-valliere,37062,37330,37,centre-val-de-loire
12684152527,47.404305,0.593435,distributeur_sacs,Fondettes,fondettes,37109,37230,37,centre-val-de-loire
12684192885,47.404959,0.604186,distributeur_sacs,Fondettes,fondettes,37109,37230,37,centre-val-de-loire
12747933366,47.183746,1.094677,distributeur_sacs,Genillé,genille,37111,37460,37,centre-val-de-loire
12265744420,47.355919,0.691299,distributeur_sacs,Joué-lès-Tours,joue-les-tours,37122,37300,37,centre-val-de-loire
12265746401,47.356655,0.694399,distributeur_sacs,Joué-lès-Tours,joue-les-tours,37122,37300,37,centre-val-de-loire
13273690320,47.337817,0.663544,distributeur_sacs,Joué-lès-Tours,joue-les-tours,37122,37300,37,centre-val-de-loire
13273711901,47.337817,0.663544,poubelle_dejections,Joué-lès-Tours,joue-les-tours,37122,37300,37,centre-val-de-loire
12952598361,47.344368,0.666734,distributeur_sacs,Joué-lès-Tours,joue-les-tours,37122,37300,37,centre-val-de-loire
1983199562,47.348846,0.679034,distributeur_sacs,Joué-lès-Tours,joue-les-tours,37122,37300,37,centre-val-de-loire
12112969124,47.360381,0.679404,distributeur_sacs,Joué-lès-Tours,joue-les-tours,37122,37300,37,centre-val-de-loire
7151095205,47.359439,0.695172,distributeur_sacs,Joué-lès-Tours,joue-les-tours,37122,37300,37,centre-val-de-loire
12917080589,47.365353,0.649668,distributeur_sacs,Joué-lès-Tours,joue-les-tours,37122,37300,37,centre-val-de-loire
12766304184,47.354099,0.65989,poubelle_dejections,Joué-lès-Tours,joue-les-tours,37122,37300,37,centre-val-de-loire
12766426888,47.354099,0.65989,distributeur_sacs,Joué-lès-Tours,joue-les-tours,37122,37300,37,centre-val-de-loire
12766420916,47.354182,0.656502,distributeur_sacs,Joué-lès-Tours,joue-les-tours,37122,37300,37,centre-val-de-loire
12608987496,47.351781,0.641782,distributeur_sacs,Joué-lès-Tours,joue-les-tours,37122,37300,37,centre-val-de-loire
13207099765,47.360998,0.774068,distributeur_sacs,Larçay,larcay,37124,37270,37,centre-val-de-loire
12979162815,47.357103,0.772322,distributeur_sacs,Larçay,larcay,37124,37270,37,centre-val-de-loire
13081591632,47.092956,1.219419,distributeur_sacs,Loché-sur-Indrois,loche-sur-indrois,37133,37460,37,centre-val-de-loire
13081579686,47.093982,1.21879,distributeur_sacs,Loché-sur-Indrois,loche-sur-indrois,37133,37460,37,centre-val-de-loire
12517895147,47.437115,0.638424,distributeur_sacs,La Membrolle-sur-Choisille,la-membrolle-sur-choisille,37151,37390,37,centre-val-de-loire
13041126463,47.547389,0.547086,distributeur_sacs,Neuillé-Pont-Pierre,neuille-pont-pierre,37167,37360,37,centre-val-de-loire
12588192988,47.455385,0.708706,distributeur_sacs,Notre-Dame-d'Oé,notre-dame-doe,37172,37390,37,centre-val-de-loire
7682632295,47.443334,0.496447,distributeur_sacs,Pernay,pernay,37182,37230,37,centre-val-de-loire
8621186185,47.482215,0.883766,distributeur_sacs,Reugny,reugny,37194,37380,37,centre-val-de-loire
11919197768,47.387476,0.653295,distributeur_sacs,La Riche,la-riche,37195,37520,37,centre-val-de-loire
11139020469,47.390489,0.653252,poubelle_dejections,La Riche,la-riche,37195,37520,37,centre-val-de-loire
5015844213,47.388987,0.656123,distributeur_sacs,La Riche,la-riche,37195,37520,37,centre-val-de-loire
12761774226,47.362412,0.7247,distributeur_sacs,Saint-Avertin,saint-avertin,37208,37550,37,centre-val-de-loire
7153829987,47.366631,0.72588,distributeur_sacs,Saint-Avertin,saint-avertin,37208,37550,37,centre-val-de-loire
12738327126,47.355064,0.722644,distributeur_sacs,Saint-Avertin,saint-avertin,37208,37550,37,centre-val-de-loire
12738322484,47.354139,0.719835,distributeur_sacs,Saint-Avertin,saint-avertin,37208,37550,37,centre-val-de-loire
11812003579,47.415707,0.668629,distributeur_sacs,Saint-Cyr-sur-Loire,saint-cyr-sur-loire,37214,37540,37,centre-val-de-loire
11987738732,47.412801,0.670508,distributeur_sacs,Saint-Cyr-sur-Loire,saint-cyr-sur-loire,37214,37540,37,centre-val-de-loire
11837287147,47.407469,0.669759,distributeur_sacs,Saint-Cyr-sur-Loire,saint-cyr-sur-loire,37214,37540,37,centre-val-de-loire
12640042536,47.413575,0.672404,distributeur_sacs,Saint-Cyr-sur-Loire,saint-cyr-sur-loire,37214,37540,37,centre-val-de-loire
12114619022,47.403709,0.675137,distributeur_sacs,Saint-Cyr-sur-Loire,saint-cyr-sur-loire,37214,37540,37,centre-val-de-loire
11837339133,47.405449,0.669379,distributeur_sacs,Saint-Cyr-sur-Loire,saint-cyr-sur-loire,37214,37540,37,centre-val-de-loire
12688148300,47.395559,0.656102,distributeur_sacs,Saint-Cyr-sur-Loire,saint-cyr-sur-loire,37214,37540,37,centre-val-de-loire
12688130078,47.396249,0.658647,distributeur_sacs,Saint-Cyr-sur-Loire,saint-cyr-sur-loire,37214,37540,37,centre-val-de-loire
13275049188,47.40254,0.660983,distributeur_sacs,Saint-Cyr-sur-Loire,saint-cyr-sur-loire,37214,37540,37,centre-val-de-loire
12609109123,47.422467,0.650865,distributeur_sacs,Saint-Cyr-sur-Loire,saint-cyr-sur-loire,37214,37540,37,centre-val-de-loire
12326628937,47.390577,0.718196,distributeur_sacs,Saint-Pierre-des-Corps,saint-pierre-des-corps,37233,37700,37,centre-val-de-loire
12351800133,47.390577,0.718195,distributeur_sacs,Saint-Pierre-des-Corps,saint-pierre-des-corps,37233,37700,37,centre-val-de-loire
7326737215,47.410364,0.684846,distributeur_sacs,Tours,tours,37261,37000/37100/37200,37,centre-val-de-loire
6611817889,47.409645,0.684623,distributeur_sacs,Tours,tours,37261,37000/37100/37200,37,centre-val-de-loire
7326737217,47.416125,0.682876,distributeur_sacs,Tours,tours,37261,37000/37100/37200,37,centre-val-de-loire
7326737218,47.413786,0.691693,distributeur_sacs,Tours,tours,37261,37000/37100/37200,37,centre-val-de-loire
4451050844,47.419651,0.696679,distributeur_sacs,Tours,tours,37261,37000/37100/37200,37,centre-val-de-loire
7326737221,47.418983,0.698937,distributeur_sacs,Tours,tours,37261,37000/37100/37200,37,centre-val-de-loire
7326737219,47.416633,0.695005,distributeur_sacs,Tours,tours,37261,37000/37100/37200,37,centre-val-de-loire
12909765414,47.396672,0.693298,distributeur_sacs,Tours,tours,37261,37000/37100/37200,37,centre-val-de-loire
13204256232,47.395121,0.687641,distributeur_sacs,Tours,tours,37261,37000/37100/37200,37,centre-val-de-loire
12708143619,47.39576,0.687856,distributeur_sacs,Tours,tours,37261,37000/37100/37200,37,centre-val-de-loire
12714712566,47.396583,0.679893,distributeur_sacs,Tours,tours,37261,37000/37100/37200,37,centre-val-de-loire
12915640243,47.39469,0.679222,distributeur_sacs,Tours,tours,37261,37000/37100/37200,37,centre-val-de-loire
12866138202,47.3939,0.677062,distributeur_sacs,Tours,tours,37261,37000/37100/37200,37,centre-val-de-loire
10092544512,47.394261,0.685828,distributeur_sacs,Tours,tours,37261,37000/37100/37200,37,centre-val-de-loire
12896076595,47.390042,0.693405,distributeur_sacs,Tours,tours,37261,37000/37100/37200,37,centre-val-de-loire
10094627257,47.390881,0.693778,distributeur_sacs,Tours,tours,37261,37000/37100/37200,37,centre-val-de-loire
7832324246,47.394759,0.693795,distributeur_sacs,Tours,tours,37261,37000/37100/37200,37,centre-val-de-loire
8191273631,47.393051,0.698708,distributeur_sacs,Tours,tours,37261,37000/37100/37200,37,centre-val-de-loire
12620655092,47.389085,0.698564,distributeur_sacs,Tours,tours,37261,37000/37100/37200,37,centre-val-de-loire
6044353448,47.385578,0.693758,distributeur_sacs,Tours,tours,37261,37000/37100/37200,37,centre-val-de-loire
12805320930,47.38261,0.692758,distributeur_sacs,Tours,tours,37261,37000/37100/37200,37,centre-val-de-loire
13048740426,47.391769,0.700459,distributeur_sacs,Tours,tours,37261,37000/37100/37200,37,centre-val-de-loire
8911440207,47.402295,0.710833,distributeur_sacs,Tours,tours,37261,37000/37100/37200,37,centre-val-de-loire
12749565340,47.377256,0.707517,distributeur_sacs,Tours,tours,37261,37000/37100/37200,37,centre-val-de-loire
9164337204,47.361363,0.694999,distributeur_sacs,Tours,tours,37261,37000/37100/37200,37,centre-val-de-loire
7282305294,47.368948,0.683607,distributeur_sacs,Tours,tours,37261,37000/37100/37200,37,centre-val-de-loire
13437658327,47.373067,0.68648,distributeur_sacs,Tours,tours,37261,37000/37100/37200,37,centre-val-de-loire
13027017007,47.374984,0.69052,distributeur_sacs,Tours,tours,37261,37000/37100/37200,37,centre-val-de-loire
13005828463,47.379469,0.677238,distributeur_sacs,Tours,tours,37261,37000/37100/37200,37,centre-val-de-loire
12097302528,45.393305,6.074514,distributeur_sacs,Allevard,allevard,38006,38580,38,auvergne-rhone-alpes
12097316445,45.395172,6.075996,distributeur_sacs,Allevard,allevard,38006,38580,38,auvergne-rhone-alpes
8291797411,45.237931,5.803804,distributeur_sacs,Biviers,biviers,38045,38330,38,auvergne-rhone-alpes
12170285497,45.592565,5.281758,distributeur_sacs,Bourgoin-Jallieu,bourgoin-jallieu,38053,38300,38,auvergne-rhone-alpes
11154302268,45.58482,5.276876,poubelle_dejections,Bourgoin-Jallieu,bourgoin-jallieu,38053,38300,38,auvergne-rhone-alpes
6958263068,45.142869,5.739911,distributeur_sacs,Bresson,bresson,38057,38320,38,auvergne-rhone-alpes
6957816986,45.13684,5.748288,poubelle_dejections,Bresson,bresson,38057,38320,38,auvergne-rhone-alpes
6958230781,45.136843,5.748286,distributeur_sacs,Bresson,bresson,38057,38320,38,auvergne-rhone-alpes
7445120387,45.137761,5.747857,distributeur_sacs,Bresson,bresson,38057,38320,38,auvergne-rhone-alpes
7445120386,45.137761,5.747862,poubelle_dejections,Bresson,bresson,38057,38320,38,auvergne-rhone-alpes
7445120385,45.137485,5.746401,distributeur_sacs,Bresson,bresson,38057,38320,38,auvergne-rhone-alpes
13028568971,45.073274,5.398209,distributeur_sacs,Choranche,choranche,38108,38680,38,auvergne-rhone-alpes
10034724768,45.131506,5.68335,distributeur_sacs,Claix,claix,38111,38640,38,auvergne-rhone-alpes
10090036319,45.125268,5.671464,distributeur_sacs,Claix,claix,38111,38640,38,auvergne-rhone-alpes
10012814819,45.119744,5.672801,poubelle_dejections,Claix,claix,38111,38640,38,auvergne-rhone-alpes
10012887827,45.119799,5.671639,distributeur_sacs,Claix,claix,38111,38640,38,auvergne-rhone-alpes
10012919421,45.118706,5.67363,poubelle_dejections,Claix,claix,38111,38640,38,auvergne-rhone-alpes
10090049318,45.121852,5.691662,distributeur_sacs,Claix,claix,38111,38640,38,auvergne-rhone-alpes
10013461839,45.117029,5.694614,poubelle_dejections,Claix,claix,38111,38640,38,auvergne-rhone-alpes
9216583318,45.209778,5.74946,poubelle_dejections,Corenc,corenc,38126,38700,38,auvergne-rhone-alpes
9358506534,45.145327,5.704409,distributeur_sacs,Échirolles,echirolles,38151,38130,38,auvergne-rhone-alpes
5533905265,45.154822,5.723852,distributeur_sacs,Échirolles,echirolles,38151,38130,38,auvergne-rhone-alpes
12949139265,45.154815,5.723749,distributeur_sacs,Échirolles,echirolles,38151,38130,38,auvergne-rhone-alpes
5533905263,45.155567,5.727329,distributeur_sacs,Échirolles,echirolles,38151,38130,38,auvergne-rhone-alpes
10242164144,45.156921,5.729436,distributeur_sacs,Échirolles,echirolles,38151,38130,38,auvergne-rhone-alpes
5533905262,45.154633,5.73015,distributeur_sacs,Échirolles,echirolles,38151,38130,38,auvergne-rhone-alpes
12248170382,45.143973,5.735275,distributeur_sacs,Échirolles,echirolles,38151,38130,38,auvergne-rhone-alpes
11963283383,45.139534,5.721562,distributeur_sacs,Échirolles,echirolles,38151,38130,38,auvergne-rhone-alpes
12844182057,45.515147,4.959435,poubelle_dejections,Estrablin,estrablin,38157,38780,38,auvergne-rhone-alpes
7445090810,45.143773,5.742012,distributeur_sacs,Eybens,eybens,38158,38320,38,auvergne-rhone-alpes
9611164802,45.147073,5.761503,distributeur_sacs,Eybens,eybens,38158,38320,38,auvergne-rhone-alpes
12115429639,45.145006,5.76099,distributeur_sacs,Eybens,eybens,38158,38320,38,auvergne-rhone-alpes
12115432139,45.147281,5.75841,distributeur_sacs,Eybens,eybens,38158,38320,38,auvergne-rhone-alpes
6958263067,45.154267,5.749803,distributeur_sacs,Eybens,eybens,38158,38320,38,auvergne-rhone-alpes
6703345087,45.151466,5.750808,poubelle_dejections,Eybens,eybens,38158,38320,38,auvergne-rhone-alpes
12115455103,45.146306,5.753854,distributeur_sacs,Eybens,eybens,38158,38320,38,auvergne-rhone-alpes
7213637972,45.146116,5.75575,poubelle_dejections,Eybens,eybens,38158,38320,38,auvergne-rhone-alpes
7213637971,45.146107,5.755739,distributeur_sacs,Eybens,eybens,38158,38320,38,auvergne-rhone-alpes
7432758643,45.148117,5.740363,poubelle_dejections,Eybens,eybens,38158,38320,38,auvergne-rhone-alpes
7502707630,45.150759,5.744048,poubelle_dejections,Eybens,eybens,38158,38320,38,auvergne-rhone-alpes
7213637970,45.150748,5.744061,distributeur_sacs,Eybens,eybens,38158,38320,38,auvergne-rhone-alpes
7321519227,45.152106,5.74463,poubelle_dejections,Eybens,eybens,38158,38320,38,auvergne-rhone-alpes
7321519226,45.152114,5.74462,distributeur_sacs,Eybens,eybens,38158,38320,38,auvergne-rhone-alpes
2008752229,45.157095,5.746784,poubelle_dejections,Eybens,eybens,38158,38320,38,auvergne-rhone-alpes
12324531116,45.158008,5.745302,distributeur_sacs,Eybens,eybens,38158,38320,38,auvergne-rhone-alpes
7146814520,45.15975,5.75178,poubelle_dejections,Eybens,eybens,38158,38320,38,auvergne-rhone-alpes
12101055245,45.249323,5.6671,distributeur_sacs,Fontanil-Cornillon,fontanil-cornillon,38170,38120,38,auvergne-rhone-alpes
12099074079,45.248576,5.668874,distributeur_sacs,Fontanil-Cornillon,fontanil-cornillon,38170,38120,38,auvergne-rhone-alpes
11175463045,45.250577,5.66326,distributeur_sacs,Fontanil-Cornillon,fontanil-cornillon,38170,38120,38,auvergne-rhone-alpes
13015821059,45.251344,5.662287,distributeur_sacs,Fontanil-Cornillon,fontanil-cornillon,38170,38120,38,auvergne-rhone-alpes
9767849318,45.252496,5.663344,distributeur_sacs,Fontanil-Cornillon,fontanil-cornillon,38170,38120,38,auvergne-rhone-alpes
9036474084,45.254125,5.665565,distributeur_sacs,Fontanil-Cornillon,fontanil-cornillon,38170,38120,38,auvergne-rhone-alpes
9872947121,45.255096,5.664513,distributeur_sacs,Fontanil-Cornillon,fontanil-cornillon,38170,38120,38,auvergne-rhone-alpes
7685332528,45.586947,5.193011,distributeur_sacs,Four,four,38172,38080,38,auvergne-rhone-alpes
7685332527,45.586941,5.193012,poubelle_dejections,Four,four,38172,38080,38,auvergne-rhone-alpes
7685332530,45.587575,5.192715,poubelle_dejections,Four,four,38172,38080,38,auvergne-rhone-alpes
7685332529,45.58758,5.192715,distributeur_sacs,Four,four,38172,38080,38,auvergne-rhone-alpes
12803593525,45.181222,5.791357,distributeur_sacs,Gières,gieres,38179,38610,38,auvergne-rhone-alpes
13298304844,45.182999,5.788326,distributeur_sacs,Gières,gieres,38179,38610,38,auvergne-rhone-alpes
8996517098,45.175487,5.710138,distributeur_sacs,Grenoble,grenoble,38185,38000/38100,38,auvergne-rhone-alpes
13092849116,45.172495,5.714853,distributeur_sacs,Grenoble,grenoble,38185,38000/38100,38,auvergne-rhone-alpes
8929052175,45.175688,5.72055,distributeur_sacs,Grenoble,grenoble,38185,38000/38100,38,auvergne-rhone-alpes
8664995717,45.176391,5.721401,distributeur_sacs,Grenoble,grenoble,38185,38000/38100,38,auvergne-rhone-alpes
8661794955,45.175834,5.717731,distributeur_sacs,Grenoble,grenoble,38185,38000/38100,38,auvergne-rhone-alpes
12523119251,45.179644,5.720418,distributeur_sacs,Grenoble,grenoble,38185,38000/38100,38,auvergne-rhone-alpes
8943803098,45.179282,5.717568,distributeur_sacs,Grenoble,grenoble,38185,38000/38100,38,auvergne-rhone-alpes
8943808137,45.179935,5.71736,distributeur_sacs,Grenoble,grenoble,38185,38000/38100,38,auvergne-rhone-alpes
8942117562,45.181179,5.713495,distributeur_sacs,Grenoble,grenoble,38185,38000/38100,38,auvergne-rhone-alpes
9551977629,45.183301,5.709277,distributeur_sacs,Grenoble,grenoble,38185,38000/38100,38,auvergne-rhone-alpes
9294354363,45.180244,5.708307,distributeur_sacs,Grenoble,grenoble,38185,38000/38100,38,auvergne-rhone-alpes
9294381829,45.179969,5.712248,distributeur_sacs,Grenoble,grenoble,38185,38000/38100,38,auvergne-rhone-alpes
8996518527,45.178816,5.710875,distributeur_sacs,Grenoble,grenoble,38185,38000/38100,38,auvergne-rhone-alpes
10690941208,45.187231,5.71238,distributeur_sacs,Grenoble,grenoble,38185,38000/38100,38,auvergne-rhone-alpes
6753201130,45.191302,5.7149,distributeur_sacs,Grenoble,grenoble,38185,38000/38100,38,auvergne-rhone-alpes
13047649829,45.192092,5.715244,distributeur_sacs,Grenoble,grenoble,38185,38000/38100,38,auvergne-rhone-alpes
10084419318,45.190682,5.720224,distributeur_sacs,Grenoble,grenoble,38185,38000/38100,38,auvergne-rhone-alpes
9762257721,45.188729,5.71726,distributeur_sacs,Grenoble,grenoble,38185,38000/38100,38,auvergne-rhone-alpes
5871331185,45.188937,5.714288,distributeur_sacs,Grenoble,grenoble,38185,38000/38100,38,auvergne-rhone-alpes
11042611805,45.187138,5.713363,distributeur_sacs,Grenoble,grenoble,38185,38000/38100,38,auvergne-rhone-alpes
11042611705,45.185877,5.715195,distributeur_sacs,Grenoble,grenoble,38185,38000/38100,38,auvergne-rhone-alpes
8762192428,45.183697,5.72408,distributeur_sacs,Grenoble,grenoble,38185,38000/38100,38,auvergne-rhone-alpes
8957923993,45.18443,5.728729,distributeur_sacs,Grenoble,grenoble,38185,38000/38100,38,auvergne-rhone-alpes
8977913599,45.186241,5.729319,distributeur_sacs,Grenoble,grenoble,38185,38000/38100,38,auvergne-rhone-alpes
8977939681,45.188796,5.728661,distributeur_sacs,Grenoble,grenoble,38185,38000/38100,38,auvergne-rhone-alpes
12389600631,45.18955,5.724742,distributeur_sacs,Grenoble,grenoble,38185,38000/38100,38,auvergne-rhone-alpes
9018193570,45.188466,5.72454,distributeur_sacs,Grenoble,grenoble,38185,38000/38100,38,auvergne-rhone-alpes
12876565775,45.188933,5.725419,distributeur_sacs,Grenoble,grenoble,38185,38000/38100,38,auvergne-rhone-alpes
11165341544,45.189946,5.725537,distributeur_sacs,Grenoble,grenoble,38185,38000/38100,38,auvergne-rhone-alpes
8977963050,45.194712,5.728583,distributeur_sacs,Grenoble,grenoble,38185,38000/38100,38,auvergne-rhone-alpes
8977948877,45.195465,5.729878,distributeur_sacs,Grenoble,grenoble,38185,38000/38100,38,auvergne-rhone-alpes
13011148150,45.193598,5.730033,distributeur_sacs,Grenoble,grenoble,38185,38000/38100,38,auvergne-rhone-alpes
8957893450,45.192442,5.729843,distributeur_sacs,Grenoble,grenoble,38185,38000/38100,38,auvergne-rhone-alpes
12876596253,45.190142,5.731388,distributeur_sacs,Grenoble,grenoble,38185,38000/38100,38,auvergne-rhone-alpes
13058480539,45.192856,5.732924,distributeur_sacs,Grenoble,grenoble,38185,38000/38100,38,auvergne-rhone-alpes
12311807624,45.191977,5.731624,distributeur_sacs,Grenoble,grenoble,38185,38000/38100,38,auvergne-rhone-alpes
12632551817,45.19431,5.731833,distributeur_sacs,Grenoble,grenoble,38185,38000/38100,38,auvergne-rhone-alpes
8920114197,45.191726,5.73908,distributeur_sacs,Grenoble,grenoble,38185,38000/38100,38,auvergne-rhone-alpes
12541996000,45.190393,5.737031,distributeur_sacs,Grenoble,grenoble,38185,38000/38100,38,auvergne-rhone-alpes
11801355685,45.189103,5.738558,distributeur_sacs,Grenoble,grenoble,38185,38000/38100,38,auvergne-rhone-alpes
9751137018,45.186379,5.732544,distributeur_sacs,Grenoble,grenoble,38185,38000/38100,38,auvergne-rhone-alpes
12956028121,45.185312,5.736924,distributeur_sacs,Grenoble,grenoble,38185,38000/38100,38,auvergne-rhone-alpes
6265954786,45.183997,5.739165,distributeur_sacs,Grenoble,grenoble,38185,38000/38100,38,auvergne-rhone-alpes
12434984987,45.181977,5.73888,distributeur_sacs,Grenoble,grenoble,38185,38000/38100,38,auvergne-rhone-alpes
6265953690,45.182627,5.735686,distributeur_sacs,Grenoble,grenoble,38185,38000/38100,38,auvergne-rhone-alpes
12435085466,45.180648,5.737857,distributeur_sacs,Grenoble,grenoble,38185,38000/38100,38,auvergne-rhone-alpes
10121462821,45.179194,5.738634,distributeur_sacs,Grenoble,grenoble,38185,38000/38100,38,auvergne-rhone-alpes
9094963683,45.182007,5.726935,distributeur_sacs,Grenoble,grenoble,38185,38000/38100,38,auvergne-rhone-alpes
9756518821,45.182719,5.724779,distributeur_sacs,Grenoble,grenoble,38185,38000/38100,38,auvergne-rhone-alpes
10759666906,45.181844,5.723806,distributeur_sacs,Grenoble,grenoble,38185,38000/38100,38,auvergne-rhone-alpes
8664889815,45.178794,5.723823,distributeur_sacs,Grenoble,grenoble,38185,38000/38100,38,auvergne-rhone-alpes
8977959903,45.179007,5.727196,distributeur_sacs,Grenoble,grenoble,38185,38000/38100,38,auvergne-rhone-alpes
9064445860,45.177576,5.730566,distributeur_sacs,Grenoble,grenoble,38185,38000/38100,38,auvergne-rhone-alpes
8664889816,45.176123,5.721963,distributeur_sacs,Grenoble,grenoble,38185,38000/38100,38,auvergne-rhone-alpes
8654783441,45.172276,5.722544,distributeur_sacs,Grenoble,grenoble,38185,38000/38100,38,auvergne-rhone-alpes
8675945017,45.170696,5.726966,distributeur_sacs,Grenoble,grenoble,38185,38000/38100,38,auvergne-rhone-alpes
13376152502,45.172655,5.734654,distributeur_sacs,Grenoble,grenoble,38185,38000/38100,38,auvergne-rhone-alpes
12271260072,45.176826,5.735472,distributeur_sacs,Grenoble,grenoble,38185,38000/38100,38,auvergne-rhone-alpes
12178764478,45.176554,5.736902,distributeur_sacs,Grenoble,grenoble,38185,38000/38100,38,auvergne-rhone-alpes
10793248919,45.173118,5.744325,poubelle_dejections,Grenoble,grenoble,38185,38000/38100,38,auvergne-rhone-alpes
10121462719,45.178522,5.744072,distributeur_sacs,Grenoble,grenoble,38185,38000/38100,38,auvergne-rhone-alpes
12590307990,45.179563,5.744219,distributeur_sacs,Grenoble,grenoble,38185,38000/38100,38,auvergne-rhone-alpes
12632418627,45.179401,5.74084,distributeur_sacs,Grenoble,grenoble,38185,38000/38100,38,auvergne-rhone-alpes
12594915380,45.181939,5.742809,distributeur_sacs,Grenoble,grenoble,38185,38000/38100,38,auvergne-rhone-alpes
12594915379,45.180414,5.74383,distributeur_sacs,Grenoble,grenoble,38185,38000/38100,38,auvergne-rhone-alpes
12590337500,45.184222,5.744644,distributeur_sacs,Grenoble,grenoble,38185,38000/38100,38,auvergne-rhone-alpes
12686466658,45.185241,5.744447,distributeur_sacs,Grenoble,grenoble,38185,38000/38100,38,auvergne-rhone-alpes
12839178488,45.19652,5.740972,distributeur_sacs,Grenoble,grenoble,38185,38000/38100,38,auvergne-rhone-alpes
12839191533,45.196758,5.739299,distributeur_sacs,Grenoble,grenoble,38185,38000/38100,38,auvergne-rhone-alpes
12839174975,45.196402,5.737904,distributeur_sacs,Grenoble,grenoble,38185,38000/38100,38,auvergne-rhone-alpes
12539810012,45.198618,5.71452,distributeur_sacs,Grenoble,grenoble,38185,38000/38100,38,auvergne-rhone-alpes
12539810013,45.198847,5.714496,distributeur_sacs,Grenoble,grenoble,38185,38000/38100,38,auvergne-rhone-alpes
9666125118,45.017881,5.643301,distributeur_sacs,Le Gua,le-gua,38187,38450,38,auvergne-rhone-alpes
9735215419,45.026856,5.646224,distributeur_sacs,Le Gua,le-gua,38187,38450,38,auvergne-rhone-alpes
9735215620,45.019087,5.64976,distributeur_sacs,Le Gua,le-gua,38187,38450,38,auvergne-rhone-alpes
9735216117,44.999917,5.629782,distributeur_sacs,Le Gua,le-gua,38187,38450,38,auvergne-rhone-alpes
13037672699,45.09457,6.070155,distributeur_sacs,Huez,huez,38191,38750,38,auvergne-rhone-alpes
13041462626,45.095054,6.069977,distributeur_sacs,Huez,huez,38191,38750,38,auvergne-rhone-alpes
13037700993,45.093302,6.070265,distributeur_sacs,Huez,huez,38191,38750,38,auvergne-rhone-alpes
5314638825,45.089695,6.084769,distributeur_sacs,Huez,huez,38191,38750,38,auvergne-rhone-alpes
5314638826,45.090077,6.080967,distributeur_sacs,Huez,huez,38191,38750,38,auvergne-rhone-alpes
5312695032,45.087185,6.079738,distributeur_sacs,Huez,huez,38191,38750,38,auvergne-rhone-alpes
13041011622,45.092428,6.069707,distributeur_sacs,Huez,huez,38191,38750,38,auvergne-rhone-alpes
12195547779,45.621057,5.226671,distributeur_sacs,L'Isle-d'Abeau,lisle-dabeau,38193,38080,38,auvergne-rhone-alpes
10130509504,45.129349,5.584115,distributeur_sacs,Lans-en-Vercors,lans-en-vercors,38205,38250,38,auvergne-rhone-alpes
10130402516,45.124937,5.581735,distributeur_sacs,Lans-en-Vercors,lans-en-vercors,38205,38250,38,auvergne-rhone-alpes
12219082691,45.588087,4.957006,poubelle_dejections,Luzinay,luzinay,38215,38200,38,auvergne-rhone-alpes
6683494430,45.205926,5.757468,distributeur_sacs,Meylan,meylan,38229,38240,38,auvergne-rhone-alpes
12321330570,45.208193,5.767504,distributeur_sacs,Meylan,meylan,38229,38240,38,auvergne-rhone-alpes
12850125335,45.216038,5.796365,distributeur_sacs,Meylan,meylan,38229,38240,38,auvergne-rhone-alpes
9788569017,45.21803,5.794392,distributeur_sacs,Meylan,meylan,38229,38240,38,auvergne-rhone-alpes
11264779702,45.221786,5.778998,distributeur_sacs,Meylan,meylan,38229,38240,38,auvergne-rhone-alpes
11067714418,45.213315,5.783759,distributeur_sacs,Meylan,meylan,38229,38240,38,auvergne-rhone-alpes
11755312100,45.210389,5.77961,distributeur_sacs,Meylan,meylan,38229,38240,38,auvergne-rhone-alpes
9788689921,45.214545,5.787811,distributeur_sacs,Meylan,meylan,38229,38240,38,auvergne-rhone-alpes
9787853118,45.21473,5.791334,distributeur_sacs,Meylan,meylan,38229,38240,38,auvergne-rhone-alpes
13157947639,45.325909,5.564829,distributeur_sacs,Moirans,moirans,38239,38430,38,auvergne-rhone-alpes
7598459090,45.037193,6.144397,poubelle_dejections,Les Deux Alpes,les-deux-alpes,38253,38860,38,auvergne-rhone-alpes
12134891439,45.557009,5.306575,distributeur_sacs,Nivolas-Vermelle,nivolas-vermelle,38276,38300,38,auvergne-rhone-alpes
11579400410,45.334234,5.484151,distributeur_sacs,Renage,renage,38332,38140,38,auvergne-rhone-alpes
10984672437,45.455101,4.771488,distributeur_sacs,Les Roches-de-Condrieu,les-roches-de-condrieu,38340,38370,38,auvergne-rhone-alpes
12147941091,45.632849,5.369609,distributeur_sacs,Saint-Chef,saint-chef,38374,38890,38,auvergne-rhone-alpes
10047610530,45.441382,4.774208,poubelle_dejections,Saint-Clair-du-Rhône,saint-clair-du-rhone,38378,38370,38,auvergne-rhone-alpes
9810455571,45.222141,5.69132,distributeur_sacs,Saint-Égrève,saint-egreve,38382,38120,38,auvergne-rhone-alpes
12981534363,45.227872,5.680813,distributeur_sacs,Saint-Égrève,saint-egreve,38382,38120,38,auvergne-rhone-alpes
12981640626,45.227076,5.681989,distributeur_sacs,Saint-Égrève,saint-egreve,38382,38120,38,auvergne-rhone-alpes
8947030251,45.223943,5.689064,distributeur_sacs,Saint-Égrève,saint-egreve,38382,38120,38,auvergne-rhone-alpes
11330911326,45.339175,5.345431,distributeur_sacs,Saint-Étienne-de-Saint-Geoirs,saint-etienne-de-saint-geoirs,38384,38590,38,auvergne-rhone-alpes
5924247048,45.337382,5.343034,distributeur_sacs,Saint-Étienne-de-Saint-Geoirs,saint-etienne-de-saint-geoirs,38384,38590,38,auvergne-rhone-alpes
11687695317,45.2016,5.481403,distributeur_sacs,Saint-Gervais,saint-gervais,38390,38470,38,auvergne-rhone-alpes
12017089397,45.239067,5.852717,distributeur_sacs,Saint-Ismier,saint-ismier,38397,38330,38,auvergne-rhone-alpes
12039403902,45.240413,5.853519,distributeur_sacs,Saint-Ismier,saint-ismier,38397,38330,38,auvergne-rhone-alpes
10936650044,45.24605,5.843633,poubelle_dejections,Saint-Ismier,saint-ismier,38397,38330,38,auvergne-rhone-alpes
10936650043,45.246056,5.843645,distributeur_sacs,Saint-Ismier,saint-ismier,38397,38330,38,auvergne-rhone-alpes
12857139918,45.240073,5.820749,distributeur_sacs,Saint-Ismier,saint-ismier,38397,38330,38,auvergne-rhone-alpes
10994227398,45.247217,5.823962,distributeur_sacs,Saint-Ismier,saint-ismier,38397,38330,38,auvergne-rhone-alpes
10994227399,45.247213,5.823952,poubelle_dejections,Saint-Ismier,saint-ismier,38397,38330,38,auvergne-rhone-alpes
12916920770,45.168904,5.755611,distributeur_sacs,Saint-Martin-d'Hères,saint-martin-dheres,38421,38400,38,auvergne-rhone-alpes
8626723469,45.174938,5.757834,distributeur_sacs,Saint-Martin-d'Hères,saint-martin-dheres,38421,38400,38,auvergne-rhone-alpes
8626723471,45.175149,5.757697,distributeur_sacs,Saint-Martin-d'Hères,saint-martin-dheres,38421,38400,38,auvergne-rhone-alpes
12948807548,45.174546,5.758229,distributeur_sacs,Saint-Martin-d'Hères,saint-martin-dheres,38421,38400,38,auvergne-rhone-alpes
12568467589,45.171588,5.768563,distributeur_sacs,Saint-Martin-d'Hères,saint-martin-dheres,38421,38400,38,auvergne-rhone-alpes
12496768655,45.184106,5.752926,distributeur_sacs,Saint-Martin-d'Hères,saint-martin-dheres,38421,38400,38,auvergne-rhone-alpes
12400213892,45.184477,5.749677,distributeur_sacs,Saint-Martin-d'Hères,saint-martin-dheres,38421,38400,38,auvergne-rhone-alpes
12311809476,45.185346,5.751347,distributeur_sacs,Saint-Martin-d'Hères,saint-martin-dheres,38421,38400,38,auvergne-rhone-alpes
8626723468,45.188223,5.75174,distributeur_sacs,Saint-Martin-d'Hères,saint-martin-dheres,38421,38400,38,auvergne-rhone-alpes
12158299273,45.186016,5.748357,distributeur_sacs,Saint-Martin-d'Hères,saint-martin-dheres,38421,38400,38,auvergne-rhone-alpes
12311808862,45.185198,5.74784,distributeur_sacs,Saint-Martin-d'Hères,saint-martin-dheres,38421,38400,38,auvergne-rhone-alpes
6611419592,45.137966,5.826194,distributeur_sacs,Saint-Martin-d'Uriage,saint-martin-duriage,38422,38410,38,auvergne-rhone-alpes
6611419668,45.139387,5.827778,distributeur_sacs,Saint-Martin-d'Uriage,saint-martin-duriage,38422,38410,38,auvergne-rhone-alpes
6610607821,45.140526,5.828698,distributeur_sacs,Saint-Martin-d'Uriage,saint-martin-duriage,38422,38410,38,auvergne-rhone-alpes
6610607840,45.142291,5.829571,distributeur_sacs,Saint-Martin-d'Uriage,saint-martin-duriage,38422,38410,38,auvergne-rhone-alpes
12034116368,45.210729,5.668475,distributeur_sacs,Sassenage,sassenage,38474,38360,38,auvergne-rhone-alpes
12034135410,45.210927,5.669559,distributeur_sacs,Sassenage,sassenage,38474,38360,38,auvergne-rhone-alpes
12034088763,45.21259,5.667194,distributeur_sacs,Sassenage,sassenage,38474,38360,38,auvergne-rhone-alpes
12026718659,45.213143,5.667773,distributeur_sacs,Sassenage,sassenage,38474,38360,38,auvergne-rhone-alpes
12026665647,45.213221,5.667611,distributeur_sacs,Sassenage,sassenage,38474,38360,38,auvergne-rhone-alpes
12026724522,45.213392,5.666704,distributeur_sacs,Sassenage,sassenage,38474,38360,38,auvergne-rhone-alpes
12026724595,45.213604,5.666579,distributeur_sacs,Sassenage,sassenage,38474,38360,38,auvergne-rhone-alpes
12026728727,45.211847,5.663225,distributeur_sacs,Sassenage,sassenage,38474,38360,38,auvergne-rhone-alpes
12026708372,45.211857,5.662995,distributeur_sacs,Sassenage,sassenage,38474,38360,38,auvergne-rhone-alpes
12040138017,45.208141,5.661216,distributeur_sacs,Sassenage,sassenage,38474,38360,38,auvergne-rhone-alpes
12040163381,45.207592,5.661785,distributeur_sacs,Sassenage,sassenage,38474,38360,38,auvergne-rhone-alpes
12040158051,45.207054,5.661646,distributeur_sacs,Sassenage,sassenage,38474,38360,38,auvergne-rhone-alpes
12040189720,45.205263,5.660555,distributeur_sacs,Sassenage,sassenage,38474,38360,38,auvergne-rhone-alpes
12026879290,45.202592,5.666057,distributeur_sacs,Sassenage,sassenage,38474,38360,38,auvergne-rhone-alpes
8868794214,45.208149,5.656905,distributeur_sacs,Sassenage,sassenage,38474,38360,38,auvergne-rhone-alpes
11211943962,45.053743,5.834637,poubelle_dejections,Séchilienne,sechilienne,38478,38220,38,auvergne-rhone-alpes
11211872626,45.053318,5.82946,poubelle_dejections,Séchilienne,sechilienne,38478,38220,38,auvergne-rhone-alpes
12178503636,45.180747,5.690309,poubelle_dejections,Seyssinet-Pariset,seyssinet-pariset,38485,38170,38,auvergne-rhone-alpes
10034079317,45.151117,5.67926,distributeur_sacs,Seyssins,seyssins,38486,38180,38,auvergne-rhone-alpes
12863241853,45.156182,5.679078,distributeur_sacs,Seyssins,seyssins,38486,38180,38,auvergne-rhone-alpes
12863241896,45.156058,5.680524,distributeur_sacs,Seyssins,seyssins,38486,38180,38,auvergne-rhone-alpes
5846843816,45.153881,5.683291,distributeur_sacs,Seyssins,seyssins,38486,38180,38,auvergne-rhone-alpes
5846843855,45.151055,5.681464,distributeur_sacs,Seyssins,seyssins,38486,38180,38,auvergne-rhone-alpes
5846843865,45.147542,5.678989,distributeur_sacs,Seyssins,seyssins,38486,38180,38,auvergne-rhone-alpes
12847715334,45.15538,5.686509,distributeur_sacs,Seyssins,seyssins,38486,38180,38,auvergne-rhone-alpes
12847715320,45.157468,5.685936,distributeur_sacs,Seyssins,seyssins,38486,38180,38,auvergne-rhone-alpes
12861476167,45.157837,5.688977,distributeur_sacs,Seyssins,seyssins,38486,38180,38,auvergne-rhone-alpes
7292376691,45.162556,5.685227,distributeur_sacs,Seyssins,seyssins,38486,38180,38,auvergne-rhone-alpes
2783158588,45.167363,5.69502,distributeur_sacs,Seyssins,seyssins,38486,38180,38,auvergne-rhone-alpes
2783158589,45.167518,5.694533,distributeur_sacs,Seyssins,seyssins,38486,38180,38,auvergne-rhone-alpes
12847715488,45.164049,5.687942,distributeur_sacs,Seyssins,seyssins,38486,38180,38,auvergne-rhone-alpes
12847715355,45.157389,5.682079,distributeur_sacs,Seyssins,seyssins,38486,38180,38,auvergne-rhone-alpes
12818604289,45.324727,5.931876,distributeur_sacs,La Terrasse,la-terrasse,38503,38660,38,auvergne-rhone-alpes
11085394876,45.735154,5.184756,distributeur_sacs,Tignieu-Jameyzieu,tignieu-jameyzieu,38507,38230,38,auvergne-rhone-alpes
13033279822,45.201429,5.741104,distributeur_sacs,La Tronche,la-tronche,38516,38700,38,auvergne-rhone-alpes
2685522806,45.206945,5.743995,distributeur_sacs,La Tronche,la-tronche,38516,38700,38,auvergne-rhone-alpes
2690224369,45.202895,5.736259,distributeur_sacs,La Tronche,la-tronche,38516,38700,38,auvergne-rhone-alpes
6753779428,45.612692,5.016426,distributeur_sacs,Valencin,valencin,38519,38540,38,auvergne-rhone-alpes
6611456864,45.13701,5.825246,distributeur_sacs,Vaulnaveys-le-Haut,vaulnaveys-le-haut,38529,38410,38,auvergne-rhone-alpes
12114353142,45.172311,5.804045,distributeur_sacs,Venon,venon,38533,38610,38,auvergne-rhone-alpes
6734418180,45.635224,5.142444,poubelle_dejections,La Verpillière,la-verpilliere,38537,38290,38,auvergne-rhone-alpes
11934568495,45.535156,4.874838,poubelle_dejections,Vienne,vienne,38544,38200,38,auvergne-rhone-alpes
6915859890,45.053109,5.666341,distributeur_sacs,Vif,vif,38545,38450,38,auvergne-rhone-alpes
9047997430,45.233714,5.879706,distributeur_sacs,Villard-Bonnot,villard-bonnot,38547,38190,38,auvergne-rhone-alpes
9933791029,45.070294,5.556794,distributeur_sacs,Villard-de-Lans,villard-de-lans,38548,38250,38,auvergne-rhone-alpes
12290164322,45.089222,5.556748,distributeur_sacs,Villard-de-Lans,villard-de-lans,38548,38250,38,auvergne-rhone-alpes
13026561338,45.06994,5.554803,distributeur_sacs,Villard-de-Lans,villard-de-lans,38548,38250,38,auvergne-rhone-alpes
9932152371,45.070141,5.553049,distributeur_sacs,Villard-de-Lans,villard-de-lans,38548,38250,38,auvergne-rhone-alpes
9933791028,45.069813,5.552958,distributeur_sacs,Villard-de-Lans,villard-de-lans,38548,38250,38,auvergne-rhone-alpes
13119239002,45.069836,5.551853,distributeur_sacs,Villard-de-Lans,villard-de-lans,38548,38250,38,auvergne-rhone-alpes
10273619116,45.070757,5.5519,distributeur_sacs,Villard-de-Lans,villard-de-lans,38548,38250,38,auvergne-rhone-alpes
13351265983,45.072077,5.551467,distributeur_sacs,Villard-de-Lans,villard-de-lans,38548,38250,38,auvergne-rhone-alpes
13106265359,45.071397,5.551284,distributeur_sacs,Villard-de-Lans,villard-de-lans,38548,38250,38,auvergne-rhone-alpes
10081991041,45.071208,5.551273,distributeur_sacs,Villard-de-Lans,villard-de-lans,38548,38250,38,auvergne-rhone-alpes
13106265357,45.070924,5.550985,distributeur_sacs,Villard-de-Lans,villard-de-lans,38548,38250,38,auvergne-rhone-alpes
13189167589,45.07057,5.550945,distributeur_sacs,Villard-de-Lans,villard-de-lans,38548,38250,38,auvergne-rhone-alpes
9932287420,45.069166,5.549604,distributeur_sacs,Villard-de-Lans,villard-de-lans,38548,38250,38,auvergne-rhone-alpes
9895478678,45.069602,5.549122,distributeur_sacs,Villard-de-Lans,villard-de-lans,38548,38250,38,auvergne-rhone-alpes
9895477515,45.069111,5.548733,distributeur_sacs,Villard-de-Lans,villard-de-lans,38548,38250,38,auvergne-rhone-alpes
9937033482,45.068126,5.548371,distributeur_sacs,Villard-de-Lans,villard-de-lans,38548,38250,38,auvergne-rhone-alpes
9932152873,45.067906,5.549658,distributeur_sacs,Villard-de-Lans,villard-de-lans,38548,38250,38,auvergne-rhone-alpes
9933791017,45.067912,5.550884,distributeur_sacs,Villard-de-Lans,villard-de-lans,38548,38250,38,auvergne-rhone-alpes
9932152877,45.066698,5.552035,distributeur_sacs,Villard-de-Lans,villard-de-lans,38548,38250,38,auvergne-rhone-alpes
13351397583,45.069058,5.554671,distributeur_sacs,Villard-de-Lans,villard-de-lans,38548,38250,38,auvergne-rhone-alpes
9932152403,45.066152,5.555882,distributeur_sacs,Villard-de-Lans,villard-de-lans,38548,38250,38,auvergne-rhone-alpes
9932152876,45.066301,5.550424,distributeur_sacs,Villard-de-Lans,villard-de-lans,38548,38250,38,auvergne-rhone-alpes
13026754818,45.065615,5.561901,distributeur_sacs,Villard-de-Lans,villard-de-lans,38548,38250,38,auvergne-rhone-alpes
10860586723,45.793474,5.113159,distributeur_sacs,Villette-d'Anthon,villette-danthon,38557,38280,38,auvergne-rhone-alpes
12296129207,45.364035,5.595578,poubelle_dejections,Voiron,voiron,38563,38500,38,auvergne-rhone-alpes
12314353651,45.366397,5.595086,distributeur_sacs,Voiron,voiron,38563,38500,38,auvergne-rhone-alpes
13075652184,45.372292,5.583155,distributeur_sacs,Voiron,voiron,38563,38500,38,auvergne-rhone-alpes
10285798619,45.37215,5.583065,distributeur_sacs,Voiron,voiron,38563,38500,38,auvergne-rhone-alpes
10285798627,45.370408,5.584957,distributeur_sacs,Voiron,voiron,38563,38500,38,auvergne-rhone-alpes
12575242163,45.366873,5.591708,distributeur_sacs,Voiron,voiron,38563,38500,38,auvergne-rhone-alpes
12575242823,45.366132,5.59244,distributeur_sacs,Voiron,voiron,38563,38500,38,auvergne-rhone-alpes
3077303989,45.297363,5.637122,distributeur_sacs,Voreppe,voreppe,38565,38340,38,auvergne-rhone-alpes
10188775869,47.074208,5.35937,distributeur_sacs,Abergement-la-Ronce,abergement-la-ronce,39001,39500,39,bourgogne-franche-comte
10209206932,47.070287,5.362195,distributeur_sacs,Abergement-la-Ronce,abergement-la-ronce,39001,39500,39,bourgogne-franche-comte
10189067191,47.071477,5.365096,distributeur_sacs,Abergement-la-Ronce,abergement-la-ronce,39001,39500,39,bourgogne-franche-comte
12158613550,46.389502,5.845322,distributeur_sacs,Avignon-lès-Saint-Claude,avignon-les-saint-claude,39032,39200,39,bourgogne-franche-comte
6695802275,46.57567,5.437229,distributeur_sacs,Beaufort-Orbagna,beaufort-orbagna,39043,39190,39,bourgogne-franche-comte
1421761415,46.74609,5.453566,distributeur_sacs,Bletterans,bletterans,39056,39140,39,bourgogne-franche-comte
1421763312,46.746887,5.452895,distributeur_sacs,Bletterans,bletterans,39056,39140,39,bourgogne-franche-comte
10617639261,46.745715,5.456815,distributeur_sacs,Bletterans,bletterans,39056,39140,39,bourgogne-franche-comte
11328920120,47.061617,5.460682,distributeur_sacs,Choisey,choisey,39150,39100,39,bourgogne-franche-comte
13290733784,46.653213,5.529216,distributeur_sacs,Courbouzon,courbouzon,39169,39570,39,bourgogne-franche-comte
11489008662,47.039544,5.517375,distributeur_sacs,Dole,dole,39198,39100,39,bourgogne-franche-comte
11694586871,47.095057,5.477057,distributeur_sacs,Dole,dole,39198,39100,39,bourgogne-franche-comte
11819479505,47.085151,5.476098,distributeur_sacs,Dole,dole,39198,39100,39,bourgogne-franche-comte
11821371774,47.08688,5.474305,distributeur_sacs,Dole,dole,39198,39100,39,bourgogne-franche-comte
11821339358,47.086468,5.476109,distributeur_sacs,Dole,dole,39198,39100,39,bourgogne-franche-comte
10182458805,47.088628,5.488673,distributeur_sacs,Dole,dole,39198,39100,39,bourgogne-franche-comte
10036463166,47.090299,5.486007,distributeur_sacs,Dole,dole,39198,39100,39,bourgogne-franche-comte
10036508961,47.092288,5.485896,distributeur_sacs,Dole,dole,39198,39100,39,bourgogne-franche-comte
5409954199,47.092964,5.490841,distributeur_sacs,Dole,dole,39198,39100,39,bourgogne-franche-comte
9970881294,47.091028,5.495881,distributeur_sacs,Dole,dole,39198,39100,39,bourgogne-franche-comte
11497340484,47.091919,5.494601,distributeur_sacs,Dole,dole,39198,39100,39,bourgogne-franche-comte
13123858085,47.091765,5.49399,distributeur_sacs,Dole,dole,39198,39100,39,bourgogne-franche-comte
5321970342,47.093702,5.492575,distributeur_sacs,Dole,dole,39198,39100,39,bourgogne-franche-comte
11292765601,47.093297,5.495781,distributeur_sacs,Dole,dole,39198,39100,39,bourgogne-franche-comte
11830003248,47.095915,5.501359,distributeur_sacs,Dole,dole,39198,39100,39,bourgogne-franche-comte
11366378940,47.102227,5.499429,distributeur_sacs,Dole,dole,39198,39100,39,bourgogne-franche-comte
11292795894,47.097339,5.495705,distributeur_sacs,Dole,dole,39198,39100,39,bourgogne-franche-comte
11292765610,47.095849,5.495695,distributeur_sacs,Dole,dole,39198,39100,39,bourgogne-franche-comte
11763359494,47.09594,5.492188,distributeur_sacs,Dole,dole,39198,39100,39,bourgogne-franche-comte
13028625242,47.095999,5.489004,distributeur_sacs,Dole,dole,39198,39100,39,bourgogne-franche-comte
13273591620,46.683722,5.56294,distributeur_sacs,Lons-le-Saunier,lons-le-saunier,39300,39000,39,bourgogne-franche-comte
13273595441,46.680858,5.56145,distributeur_sacs,Lons-le-Saunier,lons-le-saunier,39300,39000,39,bourgogne-franche-comte
7419852185,46.6839,5.560416,distributeur_sacs,Lons-le-Saunier,lons-le-saunier,39300,39000,39,bourgogne-franche-comte
7419852190,46.688335,5.559582,distributeur_sacs,Lons-le-Saunier,lons-le-saunier,39300,39000,39,bourgogne-franche-comte
7419852192,46.686618,5.559163,distributeur_sacs,Lons-le-Saunier,lons-le-saunier,39300,39000,39,bourgogne-franche-comte
7419852188,46.68837,5.561757,distributeur_sacs,Lons-le-Saunier,lons-le-saunier,39300,39000,39,bourgogne-franche-comte
11845365069,46.668883,5.53471,distributeur_sacs,Lons-le-Saunier,lons-le-saunier,39300,39000,39,bourgogne-franche-comte
7598504031,46.678048,5.54514,distributeur_sacs,Lons-le-Saunier,lons-le-saunier,39300,39000,39,bourgogne-franche-comte
10802558806,46.674187,5.54414,distributeur_sacs,Lons-le-Saunier,lons-le-saunier,39300,39000,39,bourgogne-franche-comte
7595286043,46.674883,5.547232,distributeur_sacs,Lons-le-Saunier,lons-le-saunier,39300,39000,39,bourgogne-franche-comte
12917908531,46.675727,5.554652,distributeur_sacs,Lons-le-Saunier,lons-le-saunier,39300,39000,39,bourgogne-franche-comte
12484533697,46.674812,5.551935,distributeur_sacs,Lons-le-Saunier,lons-le-saunier,39300,39000,39,bourgogne-franche-comte
8758094905,46.675084,5.554781,distributeur_sacs,Lons-le-Saunier,lons-le-saunier,39300,39000,39,bourgogne-franche-comte
13070131446,46.673781,5.552539,distributeur_sacs,Lons-le-Saunier,lons-le-saunier,39300,39000,39,bourgogne-franche-comte
12606989124,46.670736,5.556068,distributeur_sacs,Lons-le-Saunier,lons-le-saunier,39300,39000,39,bourgogne-franche-comte
11804215877,46.671348,5.562288,distributeur_sacs,Lons-le-Saunier,lons-le-saunier,39300,39000,39,bourgogne-franche-comte
8760720738,46.670887,5.563792,distributeur_sacs,Lons-le-Saunier,lons-le-saunier,39300,39000,39,bourgogne-franche-comte
11364613053,46.673724,5.558423,distributeur_sacs,Lons-le-Saunier,lons-le-saunier,39300,39000,39,bourgogne-franche-comte
12606989123,46.671289,5.556687,distributeur_sacs,Lons-le-Saunier,lons-le-saunier,39300,39000,39,bourgogne-franche-comte
12717671708,46.673911,5.556164,distributeur_sacs,Lons-le-Saunier,lons-le-saunier,39300,39000,39,bourgogne-franche-comte
12709905326,46.675528,5.556251,distributeur_sacs,Lons-le-Saunier,lons-le-saunier,39300,39000,39,bourgogne-franche-comte
7430128774,46.67746,5.556529,distributeur_sacs,Lons-le-Saunier,lons-le-saunier,39300,39000,39,bourgogne-franche-comte
13167168191,46.678963,5.567956,distributeur_sacs,Lons-le-Saunier,lons-le-saunier,39300,39000,39,bourgogne-franche-comte
13167181621,46.678453,5.56952,distributeur_sacs,Lons-le-Saunier,lons-le-saunier,39300,39000,39,bourgogne-franche-comte
7500202775,46.677359,5.569954,distributeur_sacs,Lons-le-Saunier,lons-le-saunier,39300,39000,39,bourgogne-franche-comte
13167203766,46.678029,5.570102,distributeur_sacs,Lons-le-Saunier,lons-le-saunier,39300,39000,39,bourgogne-franche-comte
13185513746,46.672615,5.568614,distributeur_sacs,Lons-le-Saunier,lons-le-saunier,39300,39000,39,bourgogne-franche-comte
11491611946,46.522068,5.612278,distributeur_sacs,Orgelet,orgelet,39397,39270,39,bourgogne-franche-comte
10083435243,46.521085,5.611262,distributeur_sacs,Orgelet,orgelet,39397,39270,39,bourgogne-franche-comte
9246967376,46.51871,5.605841,poubelle_dejections,Orgelet,orgelet,39397,39270,39,bourgogne-franche-comte
11491622066,46.519641,5.608337,distributeur_sacs,Orgelet,orgelet,39397,39270,39,bourgogne-franche-comte
10567513341,46.521534,5.610834,distributeur_sacs,Orgelet,orgelet,39397,39270,39,bourgogne-franche-comte
11491611664,46.522461,5.608412,distributeur_sacs,Orgelet,orgelet,39397,39270,39,bourgogne-franche-comte
11411773133,47.02635,5.49059,poubelle_dejections,Parcey,parcey,39405,39100,39,bourgogne-franche-comte
11411773132,47.02635,5.490596,distributeur_sacs,Parcey,parcey,39405,39100,39,bourgogne-franche-comte
5398560959,46.837091,5.70787,distributeur_sacs,Poligny,poligny,39434,39800,39,bourgogne-franche-comte
5440382432,46.83721,5.710034,distributeur_sacs,Poligny,poligny,39434,39800,39,bourgogne-franche-comte
13125233975,46.488707,6.052663,distributeur_sacs,Les Rousses,les-rousses,39470,39220,39,bourgogne-franche-comte
11113756095,46.48305,6.061257,poubelle_dejections,Les Rousses,les-rousses,39470,39220,39,bourgogne-franche-comte
10816326830,46.437497,5.342058,poubelle_dejections,Saint-Amour,saint-amour,39475,39160,39,bourgogne-franche-comte
6437164603,46.394121,5.866319,distributeur_sacs,Saint-Claude,saint-claude,39478,39200,39,bourgogne-franche-comte
6437164877,46.390877,5.864355,distributeur_sacs,Saint-Claude,saint-claude,39478,39200,39,bourgogne-franche-comte
11339363589,46.39325,5.862327,distributeur_sacs,Saint-Claude,saint-claude,39478,39200,39,bourgogne-franche-comte
8574376470,46.572193,5.95941,distributeur_sacs,Saint-Laurent-en-Grandvaux,saint-laurent-en-grandvaux,39487,39150,39,bourgogne-franche-comte
9028429714,46.946169,5.879057,distributeur_sacs,Salins-les-Bains,salins-les-bains,39500,39110,39,bourgogne-franche-comte
9028429698,46.946707,5.878917,distributeur_sacs,Salins-les-Bains,salins-les-bains,39500,39110,39,bourgogne-franche-comte
9028429699,46.946963,5.878506,distributeur_sacs,Salins-les-Bains,salins-les-bains,39500,39110,39,bourgogne-franche-comte
9028429700,46.947336,5.878084,distributeur_sacs,Salins-les-Bains,salins-les-bains,39500,39110,39,bourgogne-franche-comte
13050957533,44.224891,-1.194921,distributeur_sacs,Aureilhan,aureilhan,40019,40200,40,nouvelle-aquitaine
11576905409,44.392836,-1.167383,distributeur_sacs,Biscarrosse,biscarrosse,40046,40600,40,nouvelle-aquitaine
11576905407,44.39383,-1.16747,distributeur_sacs,Biscarrosse,biscarrosse,40046,40600,40,nouvelle-aquitaine
11576905408,44.394648,-1.167054,distributeur_sacs,Biscarrosse,biscarrosse,40046,40600,40,nouvelle-aquitaine
11576609735,44.445216,-1.249127,distributeur_sacs,Biscarrosse,biscarrosse,40046,40600,40,nouvelle-aquitaine
11576609736,44.451587,-1.2513,distributeur_sacs,Biscarrosse,biscarrosse,40046,40600,40,nouvelle-aquitaine
12163511482,43.648142,-1.422972,distributeur_sacs,Capbreton,capbreton,40065,40130,40,nouvelle-aquitaine
9806570894,43.650254,-1.445378,distributeur_sacs,Capbreton,capbreton,40065,40130,40,nouvelle-aquitaine
7908287449,43.653466,-1.445185,distributeur_sacs,Capbreton,capbreton,40065,40130,40,nouvelle-aquitaine
9355760431,43.708607,-1.05323,distributeur_sacs,Dax,dax,40088,40100,40,nouvelle-aquitaine
8032669312,43.696245,-0.377676,distributeur_sacs,Eugénie-les-Bains,eugenie-les-bains,40097,40320,40,nouvelle-aquitaine
11840766997,44.314298,-1.175266,distributeur_sacs,Gastes,gastes,40108,40160,40,nouvelle-aquitaine
11840909981,44.312538,-1.172966,distributeur_sacs,Gastes,gastes,40108,40160,40,nouvelle-aquitaine
11840766999,44.314418,-1.172661,distributeur_sacs,Gastes,gastes,40108,40160,40,nouvelle-aquitaine
11840909973,44.312928,-1.170862,distributeur_sacs,Gastes,gastes,40108,40160,40,nouvelle-aquitaine
11840831229,44.314234,-1.169912,distributeur_sacs,Gastes,gastes,40108,40160,40,nouvelle-aquitaine
11840909979,44.311676,-1.16694,distributeur_sacs,Gastes,gastes,40108,40160,40,nouvelle-aquitaine
11840909978,44.312013,-1.168086,distributeur_sacs,Gastes,gastes,40108,40160,40,nouvelle-aquitaine
11840909982,44.316142,-1.172482,distributeur_sacs,Gastes,gastes,40108,40160,40,nouvelle-aquitaine
11840766998,44.314861,-1.174387,distributeur_sacs,Gastes,gastes,40108,40160,40,nouvelle-aquitaine
6280934494,43.806653,-1.145376,distributeur_sacs,Herm,herm,40123,40990,40,nouvelle-aquitaine
9067974999,43.598737,-1.470493,distributeur_sacs,Labenne,labenne,40133,40530,40,nouvelle-aquitaine
13153205413,43.595144,-1.426646,distributeur_sacs,Labenne,labenne,40133,40530,40,nouvelle-aquitaine
12096882388,43.595726,-1.428743,distributeur_sacs,Labenne,labenne,40133,40530,40,nouvelle-aquitaine
11194259257,43.879183,-1.303741,distributeur_sacs,Léon,leon,40150,40550,40,nouvelle-aquitaine
11194242628,43.882422,-1.307971,distributeur_sacs,Léon,leon,40150,40550,40,nouvelle-aquitaine
9559131399,43.971054,-1.092873,poubelle_dejections,Lesperon,lesperon,40152,40260,40,nouvelle-aquitaine
12478576354,43.778372,-1.217106,poubelle_dejections,Magescq,magescq,40168,40140,40,nouvelle-aquitaine
8338221856,44.21363,-1.291894,distributeur_sacs,Mimizan,mimizan,40184,40200,40,nouvelle-aquitaine
8338180044,44.212978,-1.292539,distributeur_sacs,Mimizan,mimizan,40184,40200,40,nouvelle-aquitaine
12043244029,44.21431,-1.297754,distributeur_sacs,Mimizan,mimizan,40184,40200,40,nouvelle-aquitaine
12292138121,43.894043,-0.514369,distributeur_sacs,Mont-de-Marsan,mont-de-marsan,40192,40000,40,nouvelle-aquitaine
8435016342,43.892268,-0.49966,distributeur_sacs,Mont-de-Marsan,mont-de-marsan,40192,40000,40,nouvelle-aquitaine
10699236039,43.890458,-0.502246,distributeur_sacs,Mont-de-Marsan,mont-de-marsan,40192,40000,40,nouvelle-aquitaine
11059989690,43.90351,-0.47092,distributeur_sacs,Mont-de-Marsan,mont-de-marsan,40192,40000,40,nouvelle-aquitaine
12183830724,43.903288,-0.474059,distributeur_sacs,Mont-de-Marsan,mont-de-marsan,40192,40000,40,nouvelle-aquitaine
8387640327,43.889994,-0.475561,distributeur_sacs,Mont-de-Marsan,mont-de-marsan,40192,40000,40,nouvelle-aquitaine
8432350930,43.883387,-0.492351,distributeur_sacs,Mont-de-Marsan,mont-de-marsan,40192,40000,40,nouvelle-aquitaine
8433053976,43.883388,-0.492362,poubelle_dejections,Mont-de-Marsan,mont-de-marsan,40192,40000,40,nouvelle-aquitaine
7881713724,43.711489,-0.83624,distributeur_sacs,Montfort-en-Chalosse,montfort-en-chalosse,40194,40380,40,nouvelle-aquitaine
8500949292,43.711288,-0.836028,distributeur_sacs,Montfort-en-Chalosse,montfort-en-chalosse,40194,40380,40,nouvelle-aquitaine
12610341159,43.711055,-0.837359,distributeur_sacs,Montfort-en-Chalosse,montfort-en-chalosse,40194,40380,40,nouvelle-aquitaine
11506758145,43.711474,-0.837981,distributeur_sacs,Montfort-en-Chalosse,montfort-en-chalosse,40194,40380,40,nouvelle-aquitaine
8500949293,43.711904,-0.838377,distributeur_sacs,Montfort-en-Chalosse,montfort-en-chalosse,40194,40380,40,nouvelle-aquitaine
7881713747,43.710584,-0.839749,distributeur_sacs,Montfort-en-Chalosse,montfort-en-chalosse,40194,40380,40,nouvelle-aquitaine
10997495755,43.577738,-1.48715,distributeur_sacs,Ondres,ondres,40209,40440,40,nouvelle-aquitaine
9447906605,43.55703,-1.43453,distributeur_sacs,Ondres,ondres,40209,40440,40,nouvelle-aquitaine
9447874557,43.562328,-1.433915,distributeur_sacs,Ondres,ondres,40209,40440,40,nouvelle-aquitaine
10940126536,43.564329,-1.445855,distributeur_sacs,Ondres,ondres,40209,40440,40,nouvelle-aquitaine
10188622133,43.56224,-1.447163,poubelle_dejections,Ondres,ondres,40209,40440,40,nouvelle-aquitaine
5119973696,43.561291,-1.446901,distributeur_sacs,Ondres,ondres,40209,40440,40,nouvelle-aquitaine
5119973697,43.56184,-1.446386,distributeur_sacs,Ondres,ondres,40209,40440,40,nouvelle-aquitaine
11371391140,43.562349,-1.445624,poubelle_dejections,Ondres,ondres,40209,40440,40,nouvelle-aquitaine
10940126903,43.567656,-1.452337,distributeur_sacs,Ondres,ondres,40209,40440,40,nouvelle-aquitaine
12673140958,43.533732,-1.26983,distributeur_sacs,Saint-Laurent-de-Gosse,saint-laurent-de-gosse,40268,40390,40,nouvelle-aquitaine
11200671443,43.541491,-1.387696,distributeur_sacs,Saint-Martin-de-Seignanx,saint-martin-de-seignanx,40273,40390,40,nouvelle-aquitaine
6032423551,43.722308,-1.054197,distributeur_sacs,Saint-Paul-lès-Dax,saint-paul-les-dax,40279,40990,40,nouvelle-aquitaine
5954780286,43.722896,-1.052535,distributeur_sacs,Saint-Paul-lès-Dax,saint-paul-les-dax,40279,40990,40,nouvelle-aquitaine
5954780285,43.723128,-1.052852,distributeur_sacs,Saint-Paul-lès-Dax,saint-paul-les-dax,40279,40990,40,nouvelle-aquitaine
5954780287,43.723781,-1.051954,distributeur_sacs,Saint-Paul-lès-Dax,saint-paul-les-dax,40279,40990,40,nouvelle-aquitaine
5954780289,43.724216,-1.05183,distributeur_sacs,Saint-Paul-lès-Dax,saint-paul-les-dax,40279,40990,40,nouvelle-aquitaine
6032423549,43.724228,-1.051974,distributeur_sacs,Saint-Paul-lès-Dax,saint-paul-les-dax,40279,40990,40,nouvelle-aquitaine
5954779883,43.724749,-1.054215,distributeur_sacs,Saint-Paul-lès-Dax,saint-paul-les-dax,40279,40990,40,nouvelle-aquitaine
5954779884,43.723146,-1.053672,distributeur_sacs,Saint-Paul-lès-Dax,saint-paul-les-dax,40279,40990,40,nouvelle-aquitaine
5954780288,43.723097,-1.05437,distributeur_sacs,Saint-Paul-lès-Dax,saint-paul-les-dax,40279,40990,40,nouvelle-aquitaine
5954779878,43.724415,-1.056565,distributeur_sacs,Saint-Paul-lès-Dax,saint-paul-les-dax,40279,40990,40,nouvelle-aquitaine
5954796364,43.72391,-1.059525,distributeur_sacs,Saint-Paul-lès-Dax,saint-paul-les-dax,40279,40990,40,nouvelle-aquitaine
5954796365,43.725344,-1.063869,distributeur_sacs,Saint-Paul-lès-Dax,saint-paul-les-dax,40279,40990,40,nouvelle-aquitaine
5954796369,43.732246,-1.072106,distributeur_sacs,Saint-Paul-lès-Dax,saint-paul-les-dax,40279,40990,40,nouvelle-aquitaine
5954796368,43.731429,-1.069806,distributeur_sacs,Saint-Paul-lès-Dax,saint-paul-les-dax,40279,40990,40,nouvelle-aquitaine
5954796367,43.729289,-1.067864,distributeur_sacs,Saint-Paul-lès-Dax,saint-paul-les-dax,40279,40990,40,nouvelle-aquitaine
5954796370,43.725811,-1.068297,distributeur_sacs,Saint-Paul-lès-Dax,saint-paul-les-dax,40279,40990,40,nouvelle-aquitaine
5966767006,43.727899,-1.064669,distributeur_sacs,Saint-Paul-lès-Dax,saint-paul-les-dax,40279,40990,40,nouvelle-aquitaine
5954796366,43.728396,-1.06479,distributeur_sacs,Saint-Paul-lès-Dax,saint-paul-les-dax,40279,40990,40,nouvelle-aquitaine
5954796363,43.729823,-1.061074,distributeur_sacs,Saint-Paul-lès-Dax,saint-paul-les-dax,40279,40990,40,nouvelle-aquitaine
5954796361,43.732326,-1.058077,distributeur_sacs,Saint-Paul-lès-Dax,saint-paul-les-dax,40279,40990,40,nouvelle-aquitaine
5954796362,43.730937,-1.060371,distributeur_sacs,Saint-Paul-lès-Dax,saint-paul-les-dax,40279,40990,40,nouvelle-aquitaine
5954779881,43.729056,-1.049829,distributeur_sacs,Saint-Paul-lès-Dax,saint-paul-les-dax,40279,40990,40,nouvelle-aquitaine
5954779882,43.727068,-1.049613,distributeur_sacs,Saint-Paul-lès-Dax,saint-paul-les-dax,40279,40990,40,nouvelle-aquitaine
5954779879,43.727628,-1.047467,distributeur_sacs,Saint-Paul-lès-Dax,saint-paul-les-dax,40279,40990,40,nouvelle-aquitaine
5954779880,43.729361,-1.047948,distributeur_sacs,Saint-Paul-lès-Dax,saint-paul-les-dax,40279,40990,40,nouvelle-aquitaine
5958600198,43.736339,-1.047777,distributeur_sacs,Saint-Paul-lès-Dax,saint-paul-les-dax,40279,40990,40,nouvelle-aquitaine
8761649997,43.758761,-1.337577,distributeur_sacs,Soustons,soustons,40310,40140,40,nouvelle-aquitaine
8761492833,43.752677,-1.327135,distributeur_sacs,Soustons,soustons,40310,40140,40,nouvelle-aquitaine
8761484680,43.755786,-1.327263,distributeur_sacs,Soustons,soustons,40310,40140,40,nouvelle-aquitaine
12376032339,43.54204,-1.483566,distributeur_sacs,Tarnos,tarnos,40312,40220,40,nouvelle-aquitaine
10959747775,43.552147,-1.489334,distributeur_sacs,Tarnos,tarnos,40312,40220,40,nouvelle-aquitaine
11877611742,43.525381,-1.455402,distributeur_sacs,Tarnos,tarnos,40312,40220,40,nouvelle-aquitaine
11883279708,43.52532,-1.456068,distributeur_sacs,Tarnos,tarnos,40312,40220,40,nouvelle-aquitaine
7652385673,43.529677,-1.458849,distributeur_sacs,Tarnos,tarnos,40312,40220,40,nouvelle-aquitaine
11132192907,43.527594,-1.45089,distributeur_sacs,Tarnos,tarnos,40312,40220,40,nouvelle-aquitaine
7652385667,43.52653,-1.450784,distributeur_sacs,Tarnos,tarnos,40312,40220,40,nouvelle-aquitaine
12907916501,47.587436,1.318766,distributeur_sacs,Blois,blois,41018,41000,41,centre-val-de-loire
12369385035,47.5803,1.339452,distributeur_sacs,Blois,blois,41018,41000,41,centre-val-de-loire
3711122045,47.589564,1.33416,distributeur_sacs,Blois,blois,41018,41000,41,centre-val-de-loire
13133945249,47.584328,1.339217,distributeur_sacs,Blois,blois,41018,41000,41,centre-val-de-loire
13133933252,47.584042,1.338861,distributeur_sacs,Blois,blois,41018,41000,41,centre-val-de-loire
13133941606,47.586831,1.33731,distributeur_sacs,Blois,blois,41018,41000,41,centre-val-de-loire
8042676737,47.587057,1.332149,poubelle_dejections,Blois,blois,41018,41000,41,centre-val-de-loire
7176465100,47.584934,1.328076,distributeur_sacs,Blois,blois,41018,41000,41,centre-val-de-loire
12367590165,47.585548,1.327369,distributeur_sacs,Blois,blois,41018,41000,41,centre-val-de-loire
11116179419,47.497566,1.263626,distributeur_sacs,Candé-sur-Beuvron,cande-sur-beuvron,41029,41120,41,centre-val-de-loire
12533740860,47.421322,1.429572,distributeur_sacs,Le Controis-en-Sologne,le-controis-en-sologne,41059,41700,41,centre-val-de-loire
12520991077,47.418331,1.431855,distributeur_sacs,Le Controis-en-Sologne,le-controis-en-sologne,41059,41700,41,centre-val-de-loire
12521001681,47.416972,1.432191,distributeur_sacs,Le Controis-en-Sologne,le-controis-en-sologne,41059,41700,41,centre-val-de-loire
12985330333,47.417795,1.427871,distributeur_sacs,Le Controis-en-Sologne,le-controis-en-sologne,41059,41700,41,centre-val-de-loire
8284310949,47.713612,1.543812,distributeur_sacs,Courbouzon,courbouzon,41066,41500,41,centre-val-de-loire
10282683171,47.910803,1.525497,distributeur_sacs,Beauce la Romaine,beauce-la-romaine,41173,41240,41,centre-val-de-loire
10282647938,47.911264,1.526372,distributeur_sacs,Beauce la Romaine,beauce-la-romaine,41173,41240,41,centre-val-de-loire
10282683172,47.91139,1.523311,distributeur_sacs,Beauce la Romaine,beauce-la-romaine,41173,41240,41,centre-val-de-loire
10287579553,47.910494,1.528456,distributeur_sacs,Beauce la Romaine,beauce-la-romaine,41173,41240,41,centre-val-de-loire
13192565528,47.399521,1.438481,distributeur_sacs,Sassay,sassay,41237,41700,41,centre-val-de-loire
12837357717,47.792934,1.065872,distributeur_sacs,Vendôme,vendome,41269,41100,41,centre-val-de-loire
12837363181,47.792947,1.065871,poubelle_dejections,Vendôme,vendome,41269,41100,41,centre-val-de-loire
12839649596,47.793616,1.069017,distributeur_sacs,Vendôme,vendome,41269,41100,41,centre-val-de-loire
12839640000,47.793616,1.068995,poubelle_dejections,Vendôme,vendome,41269,41100,41,centre-val-de-loire
12812327884,46.165302,4.340409,distributeur_sacs,Belmont-de-la-Loire,belmont-de-la-loire,42015,42670,42,auvergne-rhone-alpes
12817696222,46.165713,4.34658,distributeur_sacs,Belmont-de-la-Loire,belmont-de-la-loire,42015,42670,42,auvergne-rhone-alpes
10863452261,46.147211,4.085456,distributeur_sacs,Briennon,briennon,42026,42720,42,auvergne-rhone-alpes
7567011977,46.157047,4.170977,distributeur_sacs,Charlieu,charlieu,42052,42190,42,auvergne-rhone-alpes
12708269043,46.158356,4.169175,distributeur_sacs,Charlieu,charlieu,42052,42190,42,auvergne-rhone-alpes
11010163049,46.1596,4.169148,distributeur_sacs,Charlieu,charlieu,42052,42190,42,auvergne-rhone-alpes
7567023515,46.158634,4.17379,distributeur_sacs,Charlieu,charlieu,42052,42190,42,auvergne-rhone-alpes
6804961651,46.159131,4.172298,distributeur_sacs,Charlieu,charlieu,42052,42190,42,auvergne-rhone-alpes
6345469030,46.160017,4.173255,distributeur_sacs,Charlieu,charlieu,42052,42190,42,auvergne-rhone-alpes
5840698312,46.158141,4.174421,distributeur_sacs,Charlieu,charlieu,42052,42190,42,auvergne-rhone-alpes
5840698311,46.158141,4.174419,poubelle_dejections,Charlieu,charlieu,42052,42190,42,auvergne-rhone-alpes
7787711671,46.157931,4.177713,distributeur_sacs,Charlieu,charlieu,42052,42190,42,auvergne-rhone-alpes
6371257629,46.161655,4.17659,distributeur_sacs,Charlieu,charlieu,42052,42190,42,auvergne-rhone-alpes
8586536254,46.160922,4.175415,distributeur_sacs,Charlieu,charlieu,42052,42190,42,auvergne-rhone-alpes
8048199613,46.165213,4.164058,distributeur_sacs,Charlieu,charlieu,42052,42190,42,auvergne-rhone-alpes
8770111017,46.033038,4.083915,poubelle_dejections,Le Coteau,le-coteau,42071,42120,42,auvergne-rhone-alpes
12837171761,46.128783,4.267616,distributeur_sacs,Cuinzier,cuinzier,42079,42460,42,auvergne-rhone-alpes
10029425891,45.498327,4.563842,distributeur_sacs,La Grand-Croix,la-grand-croix,42103,42320,42,auvergne-rhone-alpes
10029426215,45.496465,4.561255,distributeur_sacs,La Grand-Croix,la-grand-croix,42103,42320,42,auvergne-rhone-alpes
12165405480,45.606701,4.060892,distributeur_sacs,Montbrison,montbrison,42147,42600,42,auvergne-rhone-alpes
12165401788,45.606699,4.060887,distributeur_sacs,Montbrison,montbrison,42147,42600,42,auvergne-rhone-alpes
12165450683,45.606233,4.064359,distributeur_sacs,Montbrison,montbrison,42147,42600,42,auvergne-rhone-alpes
12218961474,45.644134,4.228082,distributeur_sacs,Montrond-les-Bains,montrond-les-bains,42149,42210,42,auvergne-rhone-alpes
8766028121,46.146646,4.106401,distributeur_sacs,Pouilly-sous-Charlieu,pouilly-sous-charlieu,42177,42720,42,auvergne-rhone-alpes
9696337842,46.146515,4.10954,distributeur_sacs,Pouilly-sous-Charlieu,pouilly-sous-charlieu,42177,42720,42,auvergne-rhone-alpes
13063314494,46.144025,4.109357,distributeur_sacs,Pouilly-sous-Charlieu,pouilly-sous-charlieu,42177,42720,42,auvergne-rhone-alpes
9575291644,46.143663,4.113168,distributeur_sacs,Pouilly-sous-Charlieu,pouilly-sous-charlieu,42177,42720,42,auvergne-rhone-alpes
10272878837,46.048245,4.036306,distributeur_sacs,Riorges,riorges,42184,42153,42,auvergne-rhone-alpes
9704966828,46.039375,4.059532,distributeur_sacs,Roanne,roanne,42187,42300,42,auvergne-rhone-alpes
10005404139,45.46455,4.506682,distributeur_sacs,Saint-Chamond,saint-chamond,42207,42400,42,auvergne-rhone-alpes
10005404156,45.464,4.505926,distributeur_sacs,Saint-Chamond,saint-chamond,42207,42400,42,auvergne-rhone-alpes
10005371882,45.46663,4.505902,distributeur_sacs,Saint-Chamond,saint-chamond,42207,42400,42,auvergne-rhone-alpes
10005335993,45.471923,4.507003,distributeur_sacs,Saint-Chamond,saint-chamond,42207,42400,42,auvergne-rhone-alpes
10005368251,45.469707,4.506356,distributeur_sacs,Saint-Chamond,saint-chamond,42207,42400,42,auvergne-rhone-alpes
12229384373,45.47182,4.516027,distributeur_sacs,Saint-Chamond,saint-chamond,42207,42400,42,auvergne-rhone-alpes
10032543938,45.475141,4.517692,distributeur_sacs,Saint-Chamond,saint-chamond,42207,42400,42,auvergne-rhone-alpes
10032543883,45.475369,4.516889,distributeur_sacs,Saint-Chamond,saint-chamond,42207,42400,42,auvergne-rhone-alpes
7335279134,45.462228,4.518819,distributeur_sacs,Saint-Chamond,saint-chamond,42207,42400,42,auvergne-rhone-alpes
10037554426,45.466474,4.517643,distributeur_sacs,Saint-Chamond,saint-chamond,42207,42400,42,auvergne-rhone-alpes
10065549958,45.470553,4.533025,distributeur_sacs,Saint-Chamond,saint-chamond,42207,42400,42,auvergne-rhone-alpes
10065549957,45.469864,4.534377,distributeur_sacs,Saint-Chamond,saint-chamond,42207,42400,42,auvergne-rhone-alpes
10061969293,45.473407,4.529412,distributeur_sacs,Saint-Chamond,saint-chamond,42207,42400,42,auvergne-rhone-alpes
10062528590,45.474728,4.533536,distributeur_sacs,Saint-Chamond,saint-chamond,42207,42400,42,auvergne-rhone-alpes
13344469777,45.441628,4.415488,distributeur_sacs,Saint-Étienne,saint-etienne,42218,42000/42100/42230,42,auvergne-rhone-alpes
11736782756,45.46629,4.379266,poubelle_dejections,Saint-Étienne,saint-etienne,42218,42000/42100/42230,42,auvergne-rhone-alpes
11665955293,45.444139,4.380127,distributeur_sacs,Saint-Étienne,saint-etienne,42218,42000/42100/42230,42,auvergne-rhone-alpes
11665752234,45.442417,4.380438,distributeur_sacs,Saint-Étienne,saint-etienne,42218,42000/42100/42230,42,auvergne-rhone-alpes
11508623791,45.442113,4.38172,distributeur_sacs,Saint-Étienne,saint-etienne,42218,42000/42100/42230,42,auvergne-rhone-alpes
12177268161,45.437515,4.390337,distributeur_sacs,Saint-Étienne,saint-etienne,42218,42000/42100/42230,42,auvergne-rhone-alpes
12177268160,45.437909,4.388956,distributeur_sacs,Saint-Étienne,saint-etienne,42218,42000/42100/42230,42,auvergne-rhone-alpes
11748255820,45.438623,4.389298,distributeur_sacs,Saint-Étienne,saint-etienne,42218,42000/42100/42230,42,auvergne-rhone-alpes
11769394361,45.438795,4.388091,distributeur_sacs,Saint-Étienne,saint-etienne,42218,42000/42100/42230,42,auvergne-rhone-alpes
11769447198,45.441916,4.386584,distributeur_sacs,Saint-Étienne,saint-etienne,42218,42000/42100/42230,42,auvergne-rhone-alpes
11716811333,45.439317,4.385903,distributeur_sacs,Saint-Étienne,saint-etienne,42218,42000/42100/42230,42,auvergne-rhone-alpes
11774052950,45.440454,4.385097,distributeur_sacs,Saint-Étienne,saint-etienne,42218,42000/42100/42230,42,auvergne-rhone-alpes
11745314458,45.43982,4.384985,distributeur_sacs,Saint-Étienne,saint-etienne,42218,42000/42100/42230,42,auvergne-rhone-alpes
11508623796,45.439116,4.384331,distributeur_sacs,Saint-Étienne,saint-etienne,42218,42000/42100/42230,42,auvergne-rhone-alpes
11731208407,45.441328,4.385307,distributeur_sacs,Saint-Étienne,saint-etienne,42218,42000/42100/42230,42,auvergne-rhone-alpes
11731375810,45.441584,4.383616,distributeur_sacs,Saint-Étienne,saint-etienne,42218,42000/42100/42230,42,auvergne-rhone-alpes
11508623790,45.441276,4.382292,distributeur_sacs,Saint-Étienne,saint-etienne,42218,42000/42100/42230,42,auvergne-rhone-alpes
11508623792,45.441311,4.381486,distributeur_sacs,Saint-Étienne,saint-etienne,42218,42000/42100/42230,42,auvergne-rhone-alpes
11508623793,45.441129,4.380566,distributeur_sacs,Saint-Étienne,saint-etienne,42218,42000/42100/42230,42,auvergne-rhone-alpes
11508623794,45.440201,4.380911,distributeur_sacs,Saint-Étienne,saint-etienne,42218,42000/42100/42230,42,auvergne-rhone-alpes
11508623795,45.439016,4.382933,distributeur_sacs,Saint-Étienne,saint-etienne,42218,42000/42100/42230,42,auvergne-rhone-alpes
11704077722,45.437283,4.381788,distributeur_sacs,Saint-Étienne,saint-etienne,42218,42000/42100/42230,42,auvergne-rhone-alpes
11774009870,45.437203,4.379329,distributeur_sacs,Saint-Étienne,saint-etienne,42218,42000/42100/42230,42,auvergne-rhone-alpes
11704578849,45.43815,4.386236,distributeur_sacs,Saint-Étienne,saint-etienne,42218,42000/42100/42230,42,auvergne-rhone-alpes
13160605763,45.434858,4.382343,distributeur_sacs,Saint-Étienne,saint-etienne,42218,42000/42100/42230,42,auvergne-rhone-alpes
11795041528,45.433429,4.392295,poubelle_dejections,Saint-Étienne,saint-etienne,42218,42000/42100/42230,42,auvergne-rhone-alpes
11725687241,45.432001,4.394983,poubelle_dejections,Saint-Étienne,saint-etienne,42218,42000/42100/42230,42,auvergne-rhone-alpes
13142231935,45.430029,4.393589,distributeur_sacs,Saint-Étienne,saint-etienne,42218,42000/42100/42230,42,auvergne-rhone-alpes
13071401320,45.430277,4.401147,distributeur_sacs,Saint-Étienne,saint-etienne,42218,42000/42100/42230,42,auvergne-rhone-alpes
11832238583,45.433368,4.400921,distributeur_sacs,Saint-Étienne,saint-etienne,42218,42000/42100/42230,42,auvergne-rhone-alpes
1013129357,45.438844,4.399438,distributeur_sacs,Saint-Étienne,saint-etienne,42218,42000/42100/42230,42,auvergne-rhone-alpes
11805253546,45.441139,4.398269,poubelle_dejections,Saint-Étienne,saint-etienne,42218,42000/42100/42230,42,auvergne-rhone-alpes
12813522883,45.431965,4.408992,distributeur_sacs,Saint-Étienne,saint-etienne,42218,42000/42100/42230,42,auvergne-rhone-alpes
11769275118,45.428294,4.404733,distributeur_sacs,Saint-Étienne,saint-etienne,42218,42000/42100/42230,42,auvergne-rhone-alpes
13483609805,45.42679,4.402848,distributeur_sacs,Saint-Étienne,saint-etienne,42218,42000/42100/42230,42,auvergne-rhone-alpes
13468393671,45.426875,4.39857,distributeur_sacs,Saint-Étienne,saint-etienne,42218,42000/42100/42230,42,auvergne-rhone-alpes
13428673240,45.426579,4.397166,distributeur_sacs,Saint-Étienne,saint-etienne,42218,42000/42100/42230,42,auvergne-rhone-alpes
13495777285,45.424799,4.402137,distributeur_sacs,Saint-Étienne,saint-etienne,42218,42000/42100/42230,42,auvergne-rhone-alpes
13032022422,45.419652,4.413698,distributeur_sacs,Saint-Étienne,saint-etienne,42218,42000/42100/42230,42,auvergne-rhone-alpes
11508623798,45.434534,4.377402,distributeur_sacs,Saint-Étienne,saint-etienne,42218,42000/42100/42230,42,auvergne-rhone-alpes
11508623797,45.439554,4.37831,distributeur_sacs,Saint-Étienne,saint-etienne,42218,42000/42100/42230,42,auvergne-rhone-alpes
11665752237,45.44201,4.377093,distributeur_sacs,Saint-Étienne,saint-etienne,42218,42000/42100/42230,42,auvergne-rhone-alpes
11716699406,45.441068,4.375949,distributeur_sacs,Saint-Étienne,saint-etienne,42218,42000/42100/42230,42,auvergne-rhone-alpes
11665752236,45.443486,4.371434,distributeur_sacs,Saint-Étienne,saint-etienne,42218,42000/42100/42230,42,auvergne-rhone-alpes
11665752235,45.442903,4.377516,distributeur_sacs,Saint-Étienne,saint-etienne,42218,42000/42100/42230,42,auvergne-rhone-alpes
13376014234,45.504854,4.263944,distributeur_sacs,Saint-Just-Saint-Rambert,saint-just-saint-rambert,42279,42170,42,auvergne-rhone-alpes
12630507376,45.502487,4.260715,distributeur_sacs,Saint-Just-Saint-Rambert,saint-just-saint-rambert,42279,42170,42,auvergne-rhone-alpes
9864261826,45.854413,3.810712,distributeur_sacs,Les Salles,les-salles,42295,42440,42,auvergne-rhone-alpes
9801743236,45.852583,4.355661,poubelle_dejections,Violay,violay,42334,42780,42,auvergne-rhone-alpes
9954447117,45.048781,3.884022,distributeur_sacs,Aiguilhe,aiguilhe,43002,43000,43,auvergne-rhone-alpes
13437770781,45.033405,3.886411,distributeur_sacs,Le Puy-en-Velay,le-puy-en-velay,43157,43000,43,auvergne-rhone-alpes
13439628197,45.032532,3.884941,distributeur_sacs,Le Puy-en-Velay,le-puy-en-velay,43157,43000,43,auvergne-rhone-alpes
13190349901,45.036126,3.883653,distributeur_sacs,Le Puy-en-Velay,le-puy-en-velay,43157,43000,43,auvergne-rhone-alpes
13190349903,45.037561,3.884121,distributeur_sacs,Le Puy-en-Velay,le-puy-en-velay,43157,43000,43,auvergne-rhone-alpes
13528912946,45.043914,3.891832,distributeur_sacs,Le Puy-en-Velay,le-puy-en-velay,43157,43000,43,auvergne-rhone-alpes
13190274986,45.043817,3.887198,distributeur_sacs,Le Puy-en-Velay,le-puy-en-velay,43157,43000,43,auvergne-rhone-alpes
13536291876,45.044298,3.890246,distributeur_sacs,Le Puy-en-Velay,le-puy-en-velay,43157,43000,43,auvergne-rhone-alpes
12170088700,45.045585,3.883575,distributeur_sacs,Le Puy-en-Velay,le-puy-en-velay,43157,43000,43,auvergne-rhone-alpes
9954570718,45.047003,3.887657,distributeur_sacs,Le Puy-en-Velay,le-puy-en-velay,43157,43000,43,auvergne-rhone-alpes
12170088664,45.045315,3.881271,distributeur_sacs,Le Puy-en-Velay,le-puy-en-velay,43157,43000,43,auvergne-rhone-alpes
10997220802,45.044312,3.881495,distributeur_sacs,Le Puy-en-Velay,le-puy-en-velay,43157,43000,43,auvergne-rhone-alpes
12444638621,47.652743,-1.989614,distributeur_sacs,Avessac,avessac,44007,44460,44,pays-de-la-loire
12444638607,47.653828,-1.989338,distributeur_sacs,Avessac,avessac,44007,44460,44,pays-de-la-loire
11722339161,47.278128,-2.494107,distributeur_sacs,Batz-sur-Mer,batz-sur-mer,44010,44740,44,pays-de-la-loire
11722339162,47.278572,-2.492485,distributeur_sacs,Batz-sur-Mer,batz-sur-mer,44010,44740,44,pays-de-la-loire
13240369389,47.274744,-2.485681,distributeur_sacs,Batz-sur-Mer,batz-sur-mer,44010,44740,44,pays-de-la-loire
13240432308,47.275338,-2.487504,distributeur_sacs,Batz-sur-Mer,batz-sur-mer,44010,44740,44,pays-de-la-loire
11722325511,47.275474,-2.477482,distributeur_sacs,Batz-sur-Mer,batz-sur-mer,44010,44740,44,pays-de-la-loire
11722268240,47.27409,-2.481364,distributeur_sacs,Batz-sur-Mer,batz-sur-mer,44010,44740,44,pays-de-la-loire
10877637565,47.143784,-1.682793,distributeur_sacs,Bouaye,bouaye,44018,44830,44,pays-de-la-loire
5636085212,47.181752,-1.590416,distributeur_sacs,Bouguenais,bouguenais,44020,44340,44,pays-de-la-loire
10568822021,47.270667,-1.485097,distributeur_sacs,Carquefou,carquefou,44026,44470,44,pays-de-la-loire
9180348856,47.717914,-1.374802,distributeur_sacs,Châteaubriant,chateaubriant,44036,44110,44,pays-de-la-loire
9180348894,47.720183,-1.377835,distributeur_sacs,Châteaubriant,chateaubriant,44036,44110,44,pays-de-la-loire
9812397630,47.089613,-1.278861,distributeur_sacs,Clisson,clisson,44043,44190,44,pays-de-la-loire
9893842235,47.088544,-1.283984,distributeur_sacs,Clisson,clisson,44043,44190,44,pays-de-la-loire
8287630372,47.085513,-1.279242,distributeur_sacs,Clisson,clisson,44043,44190,44,pays-de-la-loire
13037773227,47.088825,-1.276007,distributeur_sacs,Clisson,clisson,44043,44190,44,pays-de-la-loire
8287630370,47.082988,-1.274028,distributeur_sacs,Clisson,clisson,44043,44190,44,pays-de-la-loire
12690979577,47.282744,-1.884367,distributeur_sacs,Cordemais,cordemais,44045,44360,44,pays-de-la-loire
11282311011,47.209563,-1.730719,distributeur_sacs,Couëron,coueron,44047,44220,44,pays-de-la-loire
2993460753,47.299716,-2.518787,distributeur_sacs,Le Croisic,le-croisic,44049,44490,44,pays-de-la-loire
13012065476,47.2939,-2.511416,poubelle_dejections,Le Croisic,le-croisic,44049,44490,44,pays-de-la-loire
12053777323,47.273919,-2.356489,distributeur_sacs,La Baule-Escoublac,la-baule-escoublac,44055,44500,44,pays-de-la-loire
12053777322,47.275219,-2.35677,distributeur_sacs,La Baule-Escoublac,la-baule-escoublac,44055,44500,44,pays-de-la-loire
9237094685,47.283258,-2.39075,distributeur_sacs,La Baule-Escoublac,la-baule-escoublac,44055,44500,44,pays-de-la-loire
12140011299,47.287639,-2.389122,distributeur_sacs,La Baule-Escoublac,la-baule-escoublac,44055,44500,44,pays-de-la-loire
8244011681,47.07595,-1.249848,distributeur_sacs,Gétigné,getigne,44063,44190,44,pays-de-la-loire
12997676310,47.327577,-2.429976,distributeur_sacs,Guérande,guerande,44069,44350,44,pays-de-la-loire
12041420604,47.337538,-2.432131,distributeur_sacs,Guérande,guerande,44069,44350,44,pays-de-la-loire
9208448615,47.356529,-2.369603,distributeur_sacs,Guérande,guerande,44069,44350,44,pays-de-la-loire
13535299745,46.889404,-1.590876,distributeur_sacs,Legé,lege,44081,44650,44,pays-de-la-loire
8915741051,47.007347,-1.818,distributeur_sacs,Machecoul-Saint-Même,machecoul-saint-meme,44087,44270,44,pays-de-la-loire
8915741107,47.006822,-1.822855,distributeur_sacs,Machecoul-Saint-Même,machecoul-saint-meme,44087,44270,44,pays-de-la-loire
13065933504,47.406054,-2.481505,distributeur_sacs,Mesquer,mesquer,44097,44420,44,pays-de-la-loire
11510881152,47.30672,-2.179808,distributeur_sacs,Montoir-de-Bretagne,montoir-de-bretagne,44103,44550,44,pays-de-la-loire
9397835170,47.14012,-1.282098,distributeur_sacs,Mouzillon,mouzillon,44108,44330,44,pays-de-la-loire
4852317114,47.260726,-1.572187,distributeur_sacs,Nantes,nantes,44109,44000/44100/44200/44300,44,pays-de-la-loire
8528282769,47.236615,-1.585008,distributeur_sacs,Nantes,nantes,44109,44000/44100/44200/44300,44,pays-de-la-loire
6814125009,47.234991,-1.571069,distributeur_sacs,Nantes,nantes,44109,44000/44100/44200/44300,44,pays-de-la-loire
6661542193,47.233388,-1.565705,distributeur_sacs,Nantes,nantes,44109,44000/44100/44200/44300,44,pays-de-la-loire
6661542386,47.240378,-1.558704,distributeur_sacs,Nantes,nantes,44109,44000/44100/44200/44300,44,pays-de-la-loire
4906440344,47.235601,-1.549499,distributeur_sacs,Nantes,nantes,44109,44000/44100/44200/44300,44,pays-de-la-loire
4906440355,47.233718,-1.547649,distributeur_sacs,Nantes,nantes,44109,44000/44100/44200/44300,44,pays-de-la-loire
8312570597,47.233391,-1.542418,distributeur_sacs,Nantes,nantes,44109,44000/44100/44200/44300,44,pays-de-la-loire
6015646987,47.232961,-1.536587,distributeur_sacs,Nantes,nantes,44109,44000/44100/44200/44300,44,pays-de-la-loire
10303356540,47.23421,-1.537873,distributeur_sacs,Nantes,nantes,44109,44000/44100/44200/44300,44,pays-de-la-loire
8237268690,47.23859,-1.544839,poubelle_dejections,Nantes,nantes,44109,44000/44100/44200/44300,44,pays-de-la-loire
10249361500,47.24381,-1.528715,distributeur_sacs,Nantes,nantes,44109,44000/44100/44200/44300,44,pays-de-la-loire
6666524888,47.233375,-1.533132,distributeur_sacs,Nantes,nantes,44109,44000/44100/44200/44300,44,pays-de-la-loire
6537704685,47.234313,-1.520786,distributeur_sacs,Nantes,nantes,44109,44000/44100/44200/44300,44,pays-de-la-loire
6537887090,47.240442,-1.511616,distributeur_sacs,Nantes,nantes,44109,44000/44100/44200/44300,44,pays-de-la-loire
6537924891,47.239397,-1.509356,distributeur_sacs,Nantes,nantes,44109,44000/44100/44200/44300,44,pays-de-la-loire
12862880310,47.245808,-1.516362,distributeur_sacs,Nantes,nantes,44109,44000/44100/44200/44300,44,pays-de-la-loire
13247761712,47.254474,-1.518045,distributeur_sacs,Nantes,nantes,44109,44000/44100/44200/44300,44,pays-de-la-loire
12309613230,47.252712,-1.535213,poubelle_dejections,Nantes,nantes,44109,44000/44100/44200/44300,44,pays-de-la-loire
12309596870,47.252712,-1.535213,distributeur_sacs,Nantes,nantes,44109,44000/44100/44200/44300,44,pays-de-la-loire
11755463403,47.247498,-1.491904,distributeur_sacs,Nantes,nantes,44109,44000/44100/44200/44300,44,pays-de-la-loire
6666591386,47.225421,-1.522226,distributeur_sacs,Nantes,nantes,44109,44000/44100/44200/44300,44,pays-de-la-loire
12809864811,47.23006,-1.521194,distributeur_sacs,Nantes,nantes,44109,44000/44100/44200/44300,44,pays-de-la-loire
12809850656,47.229897,-1.520654,distributeur_sacs,Nantes,nantes,44109,44000/44100/44200/44300,44,pays-de-la-loire
12685226334,47.23254,-1.526555,distributeur_sacs,Nantes,nantes,44109,44000/44100/44200/44300,44,pays-de-la-loire
10249477507,47.229312,-1.531286,distributeur_sacs,Nantes,nantes,44109,44000/44100/44200/44300,44,pays-de-la-loire
6015646986,47.2325,-1.537118,distributeur_sacs,Nantes,nantes,44109,44000/44100/44200/44300,44,pays-de-la-loire
6015699086,47.231946,-1.537923,distributeur_sacs,Nantes,nantes,44109,44000/44100/44200/44300,44,pays-de-la-loire
4770294615,47.227309,-1.544833,distributeur_sacs,Nantes,nantes,44109,44000/44100/44200/44300,44,pays-de-la-loire
6015406191,47.225345,-1.538005,distributeur_sacs,Nantes,nantes,44109,44000/44100/44200/44300,44,pays-de-la-loire
6015412487,47.223535,-1.536541,distributeur_sacs,Nantes,nantes,44109,44000/44100/44200/44300,44,pays-de-la-loire
4514359585,47.220744,-1.53336,distributeur_sacs,Nantes,nantes,44109,44000/44100/44200/44300,44,pays-de-la-loire
5966939289,47.22328,-1.53306,distributeur_sacs,Nantes,nantes,44109,44000/44100/44200/44300,44,pays-de-la-loire
8357747545,47.222647,-1.534294,distributeur_sacs,Nantes,nantes,44109,44000/44100/44200/44300,44,pays-de-la-loire
13069573651,47.226489,-1.534665,distributeur_sacs,Nantes,nantes,44109,44000/44100/44200/44300,44,pays-de-la-loire
12467304836,47.225799,-1.52705,distributeur_sacs,Nantes,nantes,44109,44000/44100/44200/44300,44,pays-de-la-loire
8534139875,47.224942,-1.527539,distributeur_sacs,Nantes,nantes,44109,44000/44100/44200/44300,44,pays-de-la-loire
6537448285,47.224981,-1.529309,distributeur_sacs,Nantes,nantes,44109,44000/44100/44200/44300,44,pays-de-la-loire
8534139874,47.223902,-1.52837,distributeur_sacs,Nantes,nantes,44109,44000/44100/44200/44300,44,pays-de-la-loire
8534139869,47.222546,-1.527822,distributeur_sacs,Nantes,nantes,44109,44000/44100/44200/44300,44,pays-de-la-loire
11476464023,47.220764,-1.530183,distributeur_sacs,Nantes,nantes,44109,44000/44100/44200/44300,44,pays-de-la-loire
13326624961,47.221737,-1.527211,distributeur_sacs,Nantes,nantes,44109,44000/44100/44200/44300,44,pays-de-la-loire
12687607491,47.215112,-1.527817,distributeur_sacs,Nantes,nantes,44109,44000/44100/44200/44300,44,pays-de-la-loire
3528296573,47.214851,-1.534972,distributeur_sacs,Nantes,nantes,44109,44000/44100/44200/44300,44,pays-de-la-loire
6074504386,47.21967,-1.537286,distributeur_sacs,Nantes,nantes,44109,44000/44100/44200/44300,44,pays-de-la-loire
10596732859,47.220052,-1.538782,distributeur_sacs,Nantes,nantes,44109,44000/44100/44200/44300,44,pays-de-la-loire
3768212663,47.219405,-1.54105,distributeur_sacs,Nantes,nantes,44109,44000/44100/44200/44300,44,pays-de-la-loire
3768212664,47.219408,-1.541163,distributeur_sacs,Nantes,nantes,44109,44000/44100/44200/44300,44,pays-de-la-loire
3768107101,47.220198,-1.544583,distributeur_sacs,Nantes,nantes,44109,44000/44100/44200/44300,44,pays-de-la-loire
13028018258,47.218318,-1.542155,distributeur_sacs,Nantes,nantes,44109,44000/44100/44200/44300,44,pays-de-la-loire
10679134114,47.214407,-1.536838,distributeur_sacs,Nantes,nantes,44109,44000/44100/44200/44300,44,pays-de-la-loire
4050308116,47.212617,-1.541473,distributeur_sacs,Nantes,nantes,44109,44000/44100/44200/44300,44,pays-de-la-loire
10202550294,47.211612,-1.545223,distributeur_sacs,Nantes,nantes,44109,44000/44100/44200/44300,44,pays-de-la-loire
6670660334,47.210602,-1.54388,distributeur_sacs,Nantes,nantes,44109,44000/44100/44200/44300,44,pays-de-la-loire
13296985039,47.209353,-1.540855,distributeur_sacs,Nantes,nantes,44109,44000/44100/44200/44300,44,pays-de-la-loire
10679134207,47.21399,-1.535378,distributeur_sacs,Nantes,nantes,44109,44000/44100/44200/44300,44,pays-de-la-loire
10913966760,47.212972,-1.533267,poubelle_dejections,Nantes,nantes,44109,44000/44100/44200/44300,44,pays-de-la-loire
12687489991,47.213969,-1.532601,distributeur_sacs,Nantes,nantes,44109,44000/44100/44200/44300,44,pays-de-la-loire
5981562585,47.211203,-1.530516,distributeur_sacs,Nantes,nantes,44109,44000/44100/44200/44300,44,pays-de-la-loire
4049259636,47.211618,-1.527603,distributeur_sacs,Nantes,nantes,44109,44000/44100/44200/44300,44,pays-de-la-loire
8776508987,47.207979,-1.527922,distributeur_sacs,Nantes,nantes,44109,44000/44100/44200/44300,44,pays-de-la-loire
11584410574,47.209701,-1.525469,distributeur_sacs,Nantes,nantes,44109,44000/44100/44200/44300,44,pays-de-la-loire
11584451874,47.209371,-1.524289,distributeur_sacs,Nantes,nantes,44109,44000/44100/44200/44300,44,pays-de-la-loire
6769988893,47.210882,-1.523767,distributeur_sacs,Nantes,nantes,44109,44000/44100/44200/44300,44,pays-de-la-loire
4218098522,47.210186,-1.52235,distributeur_sacs,Nantes,nantes,44109,44000/44100/44200/44300,44,pays-de-la-loire
6769988892,47.207017,-1.526331,distributeur_sacs,Nantes,nantes,44109,44000/44100/44200/44300,44,pays-de-la-loire
11584609496,47.207581,-1.525348,distributeur_sacs,Nantes,nantes,44109,44000/44100/44200/44300,44,pays-de-la-loire
10596732861,47.206639,-1.542273,distributeur_sacs,Nantes,nantes,44109,44000/44100/44200/44300,44,pays-de-la-loire
7931674818,47.207349,-1.542369,distributeur_sacs,Nantes,nantes,44109,44000/44100/44200/44300,44,pays-de-la-loire
12178488811,47.195515,-1.53842,distributeur_sacs,Nantes,nantes,44109,44000/44100/44200/44300,44,pays-de-la-loire
3745576753,47.194117,-1.527576,poubelle_dejections,Nantes,nantes,44109,44000/44100/44200/44300,44,pays-de-la-loire
3745576763,47.194439,-1.528607,poubelle_dejections,Nantes,nantes,44109,44000/44100/44200/44300,44,pays-de-la-loire
4117435672,47.189444,-1.532132,distributeur_sacs,Nantes,nantes,44109,44000/44100/44200/44300,44,pays-de-la-loire
10678952216,47.194804,-1.533325,distributeur_sacs,Nantes,nantes,44109,44000/44100/44200/44300,44,pays-de-la-loire
10229318024,47.188448,-1.522116,poubelle_dejections,Nantes,nantes,44109,44000/44100/44200/44300,44,pays-de-la-loire
10197768639,47.200648,-1.598297,distributeur_sacs,Nantes,nantes,44109,44000/44100/44200/44300,44,pays-de-la-loire
3788807657,47.199323,-1.58374,distributeur_sacs,Nantes,nantes,44109,44000/44100/44200/44300,44,pays-de-la-loire
13291041542,47.198252,-1.583864,distributeur_sacs,Nantes,nantes,44109,44000/44100/44200/44300,44,pays-de-la-loire
12003077798,47.199739,-1.547592,distributeur_sacs,Nantes,nantes,44109,44000/44100/44200/44300,44,pays-de-la-loire
11780612226,47.202154,-1.547676,poubelle_dejections,Nantes,nantes,44109,44000/44100/44200/44300,44,pays-de-la-loire
12003125611,47.202694,-1.54664,distributeur_sacs,Nantes,nantes,44109,44000/44100/44200/44300,44,pays-de-la-loire
12600411517,47.207312,-1.558557,distributeur_sacs,Nantes,nantes,44109,44000/44100/44200/44300,44,pays-de-la-loire
12600290031,47.205041,-1.55547,distributeur_sacs,Nantes,nantes,44109,44000/44100/44200/44300,44,pays-de-la-loire
8904552877,47.203812,-1.5699,distributeur_sacs,Nantes,nantes,44109,44000/44100/44200/44300,44,pays-de-la-loire
6764600458,47.199734,-1.574428,distributeur_sacs,Nantes,nantes,44109,44000/44100/44200/44300,44,pays-de-la-loire
3788720841,47.201616,-1.580427,distributeur_sacs,Nantes,nantes,44109,44000/44100/44200/44300,44,pays-de-la-loire
12229750545,47.207686,-1.578724,distributeur_sacs,Nantes,nantes,44109,44000/44100/44200/44300,44,pays-de-la-loire
12229688449,47.209495,-1.580114,distributeur_sacs,Nantes,nantes,44109,44000/44100/44200/44300,44,pays-de-la-loire
12229620081,47.209315,-1.5751,distributeur_sacs,Nantes,nantes,44109,44000/44100/44200/44300,44,pays-de-la-loire
12229605812,47.209816,-1.573424,distributeur_sacs,Nantes,nantes,44109,44000/44100/44200/44300,44,pays-de-la-loire
13237995129,47.211707,-1.576011,distributeur_sacs,Nantes,nantes,44109,44000/44100/44200/44300,44,pays-de-la-loire
10241129234,47.212818,-1.577293,distributeur_sacs,Nantes,nantes,44109,44000/44100/44200/44300,44,pays-de-la-loire
12053407515,47.211343,-1.581932,distributeur_sacs,Nantes,nantes,44109,44000/44100/44200/44300,44,pays-de-la-loire
12078494620,47.214393,-1.579741,distributeur_sacs,Nantes,nantes,44109,44000/44100/44200/44300,44,pays-de-la-loire
4735290253,47.214453,-1.578368,distributeur_sacs,Nantes,nantes,44109,44000/44100/44200/44300,44,pays-de-la-loire
11452079465,47.214249,-1.574342,distributeur_sacs,Nantes,nantes,44109,44000/44100/44200/44300,44,pays-de-la-loire
10241151999,47.214398,-1.572329,distributeur_sacs,Nantes,nantes,44109,44000/44100/44200/44300,44,pays-de-la-loire
2827140103,47.209362,-1.567275,distributeur_sacs,Nantes,nantes,44109,44000/44100/44200/44300,44,pays-de-la-loire
10284957743,47.208064,-1.559928,distributeur_sacs,Nantes,nantes,44109,44000/44100/44200/44300,44,pays-de-la-loire
10604427490,47.209872,-1.563804,distributeur_sacs,Nantes,nantes,44109,44000/44100/44200/44300,44,pays-de-la-loire
4039182091,47.212508,-1.562379,distributeur_sacs,Nantes,nantes,44109,44000/44100/44200/44300,44,pays-de-la-loire
8521617058,47.210262,-1.557397,distributeur_sacs,Nantes,nantes,44109,44000/44100/44200/44300,44,pays-de-la-loire
10596732864,47.21046,-1.55106,distributeur_sacs,Nantes,nantes,44109,44000/44100/44200/44300,44,pays-de-la-loire
13072757800,47.211627,-1.548386,distributeur_sacs,Nantes,nantes,44109,44000/44100/44200/44300,44,pays-de-la-loire
12726439745,47.213089,-1.545512,distributeur_sacs,Nantes,nantes,44109,44000/44100/44200/44300,44,pays-de-la-loire
13072717994,47.213267,-1.548,distributeur_sacs,Nantes,nantes,44109,44000/44100/44200/44300,44,pays-de-la-loire
10677034444,47.214329,-1.54924,distributeur_sacs,Nantes,nantes,44109,44000/44100/44200/44300,44,pays-de-la-loire
5387411337,47.217784,-1.549751,distributeur_sacs,Nantes,nantes,44109,44000/44100/44200/44300,44,pays-de-la-loire
10596732860,47.218562,-1.548706,distributeur_sacs,Nantes,nantes,44109,44000/44100/44200/44300,44,pays-de-la-loire
8746671503,47.219355,-1.546501,distributeur_sacs,Nantes,nantes,44109,44000/44100/44200/44300,44,pays-de-la-loire
6685044185,47.219905,-1.549481,distributeur_sacs,Nantes,nantes,44109,44000/44100/44200/44300,44,pays-de-la-loire
11280388092,47.217714,-1.550644,distributeur_sacs,Nantes,nantes,44109,44000/44100/44200/44300,44,pays-de-la-loire
12731628819,47.218649,-1.552449,distributeur_sacs,Nantes,nantes,44109,44000/44100/44200/44300,44,pays-de-la-loire
6540031585,47.217717,-1.554038,distributeur_sacs,Nantes,nantes,44109,44000/44100/44200/44300,44,pays-de-la-loire
7096000210,47.220143,-1.559193,distributeur_sacs,Nantes,nantes,44109,44000/44100/44200/44300,44,pays-de-la-loire
12312599102,47.215986,-1.563417,poubelle_dejections,Nantes,nantes,44109,44000/44100/44200/44300,44,pays-de-la-loire
12312599101,47.215984,-1.563426,distributeur_sacs,Nantes,nantes,44109,44000/44100/44200/44300,44,pays-de-la-loire
8728517532,47.224866,-1.561933,distributeur_sacs,Nantes,nantes,44109,44000/44100/44200/44300,44,pays-de-la-loire
5846318487,47.224856,-1.562907,distributeur_sacs,Nantes,nantes,44109,44000/44100/44200/44300,44,pays-de-la-loire
13136579709,47.225347,-1.563393,distributeur_sacs,Nantes,nantes,44109,44000/44100/44200/44300,44,pays-de-la-loire
5846318521,47.223826,-1.561369,distributeur_sacs,Nantes,nantes,44109,44000/44100/44200/44300,44,pays-de-la-loire
6684935287,47.226121,-1.555857,distributeur_sacs,Nantes,nantes,44109,44000/44100/44200/44300,44,pays-de-la-loire
10633159256,47.22277,-1.553373,distributeur_sacs,Nantes,nantes,44109,44000/44100/44200/44300,44,pays-de-la-loire
11299946653,47.223202,-1.552592,distributeur_sacs,Nantes,nantes,44109,44000/44100/44200/44300,44,pays-de-la-loire
6685004487,47.222624,-1.551703,distributeur_sacs,Nantes,nantes,44109,44000/44100/44200/44300,44,pays-de-la-loire
4879494417,47.222422,-1.552065,distributeur_sacs,Nantes,nantes,44109,44000/44100/44200/44300,44,pays-de-la-loire
4906440342,47.2206,-1.545501,distributeur_sacs,Nantes,nantes,44109,44000/44100/44200/44300,44,pays-de-la-loire
10248545330,47.222728,-1.548522,distributeur_sacs,Nantes,nantes,44109,44000/44100/44200/44300,44,pays-de-la-loire
12228151308,47.222186,-1.548816,distributeur_sacs,Nantes,nantes,44109,44000/44100/44200/44300,44,pays-de-la-loire
6121836590,47.228173,-1.55383,distributeur_sacs,Nantes,nantes,44109,44000/44100/44200/44300,44,pays-de-la-loire
4770243640,47.228249,-1.551412,distributeur_sacs,Nantes,nantes,44109,44000/44100/44200/44300,44,pays-de-la-loire
4906440350,47.228397,-1.551536,distributeur_sacs,Nantes,nantes,44109,44000/44100/44200/44300,44,pays-de-la-loire
4906440356,47.231269,-1.549775,distributeur_sacs,Nantes,nantes,44109,44000/44100/44200/44300,44,pays-de-la-loire
9685262508,47.231669,-1.555403,distributeur_sacs,Nantes,nantes,44109,44000/44100/44200/44300,44,pays-de-la-loire
8522383289,47.227366,-1.558025,distributeur_sacs,Nantes,nantes,44109,44000/44100/44200/44300,44,pays-de-la-loire
6661662185,47.227283,-1.569964,distributeur_sacs,Nantes,nantes,44109,44000/44100/44200/44300,44,pays-de-la-loire
12694079594,47.225754,-1.570642,distributeur_sacs,Nantes,nantes,44109,44000/44100/44200/44300,44,pays-de-la-loire
10247574679,47.225868,-1.575822,distributeur_sacs,Nantes,nantes,44109,44000/44100/44200/44300,44,pays-de-la-loire
10247574646,47.224335,-1.576576,distributeur_sacs,Nantes,nantes,44109,44000/44100/44200/44300,44,pays-de-la-loire
8529599569,47.232203,-1.577185,distributeur_sacs,Nantes,nantes,44109,44000/44100/44200/44300,44,pays-de-la-loire
3887742079,47.23094,-1.585362,distributeur_sacs,Nantes,nantes,44109,44000/44100/44200/44300,44,pays-de-la-loire
12229821402,47.20917,-1.583583,distributeur_sacs,Nantes,nantes,44109,44000/44100/44200/44300,44,pays-de-la-loire
12053354655,47.209111,-1.58641,distributeur_sacs,Nantes,nantes,44109,44000/44100/44200/44300,44,pays-de-la-loire
8890622518,47.217219,-1.595963,distributeur_sacs,Nantes,nantes,44109,44000/44100/44200/44300,44,pays-de-la-loire
10181204327,47.431832,-1.496732,distributeur_sacs,Nort-sur-Erdre,nort-sur-erdre,44110,44390,44,pays-de-la-loire
11104552667,47.436438,-1.500351,distributeur_sacs,Nort-sur-Erdre,nort-sur-erdre,44110,44390,44,pays-de-la-loire
7114232582,47.439198,-1.50081,distributeur_sacs,Nort-sur-Erdre,nort-sur-erdre,44110,44390,44,pays-de-la-loire
13109017008,47.252166,-1.595033,distributeur_sacs,Orvault,orvault,44114,44700,44,pays-de-la-loire
10574608660,47.289717,-2.028841,distributeur_sacs,Paimbœuf,paimboeuf,44116,44560,44,pays-de-la-loire
7199773695,47.202819,-1.754382,distributeur_sacs,Le Pellerin,le-pellerin,44120,44640,44,pays-de-la-loire
4945547847,47.437116,-2.088681,distributeur_sacs,Pontchâteau,pontchateau,44129,44160,44,pays-de-la-loire
4945608377,47.436659,-2.091327,distributeur_sacs,Pontchâteau,pontchateau,44129,44160,44,pays-de-la-loire
10568404211,47.43568,-2.089961,distributeur_sacs,Pontchâteau,pontchateau,44129,44160,44,pays-de-la-loire
13042928737,47.112843,-2.130644,distributeur_sacs,Pornic,pornic,44131,44210,44,pays-de-la-loire
11243722374,47.111975,-2.129923,distributeur_sacs,Pornic,pornic,44131,44210,44,pays-de-la-loire
11773947370,47.113175,-2.106931,poubelle_dejections,Pornic,pornic,44131,44210,44,pays-de-la-loire
12117192227,47.114486,-2.107048,distributeur_sacs,Pornic,pornic,44131,44210,44,pays-de-la-loire
12134049402,47.114557,-2.104442,distributeur_sacs,Pornic,pornic,44131,44210,44,pays-de-la-loire
12133965952,47.114407,-2.098025,distributeur_sacs,Pornic,pornic,44131,44210,44,pays-de-la-loire
11088961848,47.112454,-2.098073,distributeur_sacs,Pornic,pornic,44131,44210,44,pays-de-la-loire
11235768394,47.112641,-2.103812,distributeur_sacs,Pornic,pornic,44131,44210,44,pays-de-la-loire
11228106006,47.114197,-2.146844,distributeur_sacs,Pornic,pornic,44131,44210,44,pays-de-la-loire
8719027674,47.265223,-2.343584,distributeur_sacs,Pornichet,pornichet,44132,44380,44,pays-de-la-loire
9040509747,47.261037,-2.337998,poubelle_dejections,Pornichet,pornichet,44132,44380,44,pays-de-la-loire
11505439324,47.264779,-2.332704,distributeur_sacs,Pornichet,pornichet,44132,44380,44,pays-de-la-loire
8979440802,47.256296,-2.340775,distributeur_sacs,Pornichet,pornichet,44132,44380,44,pays-de-la-loire
1854672061,47.272504,-2.425991,distributeur_sacs,Le Pouliguen,le-pouliguen,44135,44510,44,pays-de-la-loire
1854672116,47.275159,-2.427721,distributeur_sacs,Le Pouliguen,le-pouliguen,44135,44510,44,pays-de-la-loire
4030638094,47.182905,-1.531567,distributeur_sacs,Rezé,reze,44143,44400,44,pays-de-la-loire
7791734370,47.16367,-1.538343,distributeur_sacs,Rezé,reze,44143,44400,44,pays-de-la-loire
4227299278,47.163765,-1.541542,distributeur_sacs,Rezé,reze,44143,44400,44,pays-de-la-loire
4227300207,47.165433,-1.542078,distributeur_sacs,Rezé,reze,44143,44400,44,pays-de-la-loire
10229361943,47.180613,-1.540699,poubelle_dejections,Rezé,reze,44143,44400,44,pays-de-la-loire
8959780689,47.190906,-1.565481,distributeur_sacs,Rezé,reze,44143,44400,44,pays-de-la-loire
10229442919,47.185955,-1.556215,distributeur_sacs,Rezé,reze,44143,44400,44,pays-de-la-loire
3952816197,47.185659,-1.549594,distributeur_sacs,Rezé,reze,44143,44400,44,pays-de-la-loire
4185611083,47.188192,-1.548956,distributeur_sacs,Rezé,reze,44143,44400,44,pays-de-la-loire
12945048898,47.189287,-1.552336,distributeur_sacs,Rezé,reze,44143,44400,44,pays-de-la-loire
9998191623,47.517771,-1.292036,distributeur_sacs,Riaillé,riaille,44144,44440,44,pays-de-la-loire
13527155029,47.783367,-1.449164,poubelle_dejections,Rougé,rouge,44146,44660,44,pays-de-la-loire
13526137986,47.782198,-1.445973,poubelle_dejections,Rougé,rouge,44146,44660,44,pays-de-la-loire
11248322853,47.244279,-2.170266,distributeur_sacs,Saint-Brevin-les-Pins,saint-brevin-les-pins,44154,44250,44,pays-de-la-loire
13072944030,47.218595,-1.60704,distributeur_sacs,Saint-Herblain,saint-herblain,44162,44800,44,pays-de-la-loire
12330964638,47.217855,-1.615987,distributeur_sacs,Saint-Herblain,saint-herblain,44162,44800,44,pays-de-la-loire
11494134522,47.210454,-1.648506,distributeur_sacs,Saint-Herblain,saint-herblain,44162,44800,44,pays-de-la-loire
11494134523,47.210524,-1.648745,distributeur_sacs,Saint-Herblain,saint-herblain,44162,44800,44,pays-de-la-loire
13058401475,47.25443,-1.464455,distributeur_sacs,Sainte-Luce-sur-Loire,sainte-luce-sur-loire,44172,44980,44,pays-de-la-loire
13153428915,47.255674,-1.465804,distributeur_sacs,Sainte-Luce-sur-Loire,sainte-luce-sur-loire,44172,44980,44,pays-de-la-loire
13058410626,47.254748,-1.467925,distributeur_sacs,Sainte-Luce-sur-Loire,sainte-luce-sur-loire,44172,44980,44,pays-de-la-loire
11774252662,47.24641,-1.485431,distributeur_sacs,Sainte-Luce-sur-Loire,sainte-luce-sur-loire,44172,44980,44,pays-de-la-loire
11773464001,47.247073,-1.489584,distributeur_sacs,Sainte-Luce-sur-Loire,sainte-luce-sur-loire,44172,44980,44,pays-de-la-loire
10222062983,47.249461,-1.488234,distributeur_sacs,Sainte-Luce-sur-Loire,sainte-luce-sur-loire,44172,44980,44,pays-de-la-loire
11773463722,47.248662,-1.488188,distributeur_sacs,Sainte-Luce-sur-Loire,sainte-luce-sur-loire,44172,44980,44,pays-de-la-loire
10222062979,47.249608,-1.487745,distributeur_sacs,Sainte-Luce-sur-Loire,sainte-luce-sur-loire,44172,44980,44,pays-de-la-loire
12983026948,47.291274,-2.194242,distributeur_sacs,Saint-Nazaire,saint-nazaire,44184,44600,44,pays-de-la-loire
12982956037,47.289949,-2.192901,distributeur_sacs,Saint-Nazaire,saint-nazaire,44184,44600,44,pays-de-la-loire
12983024131,47.293986,-2.19144,distributeur_sacs,Saint-Nazaire,saint-nazaire,44184,44600,44,pays-de-la-loire
12977887296,47.289791,-2.200003,distributeur_sacs,Saint-Nazaire,saint-nazaire,44184,44600,44,pays-de-la-loire
12982956055,47.297128,-2.194899,distributeur_sacs,Saint-Nazaire,saint-nazaire,44184,44600,44,pays-de-la-loire
9413429163,47.238227,-2.281174,poubelle_dejections,Saint-Nazaire,saint-nazaire,44184,44600,44,pays-de-la-loire
5733517303,47.24182,-2.267867,distributeur_sacs,Saint-Nazaire,saint-nazaire,44184,44600,44,pays-de-la-loire
9911341472,47.255764,-2.261902,distributeur_sacs,Saint-Nazaire,saint-nazaire,44184,44600,44,pays-de-la-loire
7264083766,47.272225,-2.218756,poubelle_dejections,Saint-Nazaire,saint-nazaire,44184,44600,44,pays-de-la-loire
10210655205,47.27183,-2.212411,distributeur_sacs,Saint-Nazaire,saint-nazaire,44184,44600,44,pays-de-la-loire
13448293449,47.271883,-2.216064,distributeur_sacs,Saint-Nazaire,saint-nazaire,44184,44600,44,pays-de-la-loire
13448281139,47.270993,-2.216912,distributeur_sacs,Saint-Nazaire,saint-nazaire,44184,44600,44,pays-de-la-loire
11264573373,47.264572,-2.225224,distributeur_sacs,Saint-Nazaire,saint-nazaire,44184,44600,44,pays-de-la-loire
4077311048,47.210231,-1.502461,distributeur_sacs,Saint-Sébastien-sur-Loire,saint-sebastien-sur-loire,44190,44230,44,pays-de-la-loire
4076478034,47.208183,-1.515209,distributeur_sacs,Saint-Sébastien-sur-Loire,saint-sebastien-sur-loire,44190,44230,44,pays-de-la-loire
8627115636,47.199305,-1.510739,distributeur_sacs,Saint-Sébastien-sur-Loire,saint-sebastien-sur-loire,44190,44230,44,pays-de-la-loire
8828201470,47.206735,-1.520106,distributeur_sacs,Saint-Sébastien-sur-Loire,saint-sebastien-sur-loire,44190,44230,44,pays-de-la-loire
11494458330,47.203101,-1.489084,distributeur_sacs,Saint-Sébastien-sur-Loire,saint-sebastien-sur-loire,44190,44230,44,pays-de-la-loire
12339970715,47.260074,-1.673213,distributeur_sacs,Sautron,sautron,44194,44880,44,pays-de-la-loire
13121312269,47.262688,-1.673402,distributeur_sacs,Sautron,sautron,44194,44880,44,pays-de-la-loire
12118465951,47.3654,-1.937428,distributeur_sacs,Savenay,savenay,44195,44260,44,pays-de-la-loire
12207054342,47.36329,-1.942365,distributeur_sacs,Savenay,savenay,44195,44260,44,pays-de-la-loire
12118396196,47.362106,-1.944217,distributeur_sacs,Savenay,savenay,44195,44260,44,pays-de-la-loire
12150003122,47.358998,-1.945232,distributeur_sacs,Savenay,savenay,44195,44260,44,pays-de-la-loire
12116774078,47.35991,-1.944745,distributeur_sacs,Savenay,savenay,44195,44260,44,pays-de-la-loire
12291937836,47.360483,-1.942441,distributeur_sacs,Savenay,savenay,44195,44260,44,pays-de-la-loire
12116941707,47.35922,-1.941249,distributeur_sacs,Savenay,savenay,44195,44260,44,pays-de-la-loire
12266046647,47.358027,-1.941266,distributeur_sacs,Savenay,savenay,44195,44260,44,pays-de-la-loire
12116923084,47.36044,-1.939793,distributeur_sacs,Savenay,savenay,44195,44260,44,pays-de-la-loire
12118477087,47.362389,-1.938635,distributeur_sacs,Savenay,savenay,44195,44260,44,pays-de-la-loire
10149152828,47.328858,-1.621587,distributeur_sacs,Treillières,treillieres,44209,44119,44,pays-de-la-loire
10149152837,47.328452,-1.621527,distributeur_sacs,Treillières,treillieres,44209,44119,44,pays-de-la-loire
11508634514,47.319465,-2.189258,distributeur_sacs,Trignac,trignac,44210,44570,44,pays-de-la-loire
11510454074,47.318133,-2.191928,distributeur_sacs,Trignac,trignac,44210,44570,44,pays-de-la-loire
9221452937,47.158193,-1.261836,distributeur_sacs,Vallet,vallet,44212,44330,44,pays-de-la-loire
9221452936,47.157636,-1.261958,distributeur_sacs,Vallet,vallet,44212,44330,44,pays-de-la-loire
8626441302,47.440219,-0.983162,poubelle_dejections,Loireauxence,loireauxence,44213,44370,44,pays-de-la-loire
8626441303,47.440223,-0.983144,distributeur_sacs,Loireauxence,loireauxence,44213,44370,44,pays-de-la-loire
6983125951,47.385366,-1.029748,distributeur_sacs,Loireauxence,loireauxence,44213,44370,44,pays-de-la-loire
8851406953,47.385679,-1.030739,poubelle_dejections,Loireauxence,loireauxence,44213,44370,44,pays-de-la-loire
8851406954,47.385677,-1.030723,distributeur_sacs,Loireauxence,loireauxence,44213,44370,44,pays-de-la-loire
12690993127,47.842872,1.652053,distributeur_sacs,Le Bardon,le-bardon,45020,45130,45,centre-val-de-loire
3412523268,47.819937,2.845819,poubelle_dejections,Châtillon-Coligny,chatillon-coligny,45085,45230,45,centre-val-de-loire
12389969607,47.819439,1.755456,distributeur_sacs,Cléry-Saint-André,clery-saint-andre,45098,45370,45,centre-val-de-loire
11769548566,47.930119,2.140015,distributeur_sacs,Fay-aux-Loges,fay-aux-loges,45142,45450,45,centre-val-de-loire
5820122196,47.711673,1.939291,distributeur_sacs,La Ferté-Saint-Aubin,la-ferte-saint-aubin,45146,45240,45,centre-val-de-loire
7900264537,47.927053,1.924013,distributeur_sacs,Fleury-les-Aubrais,fleury-les-aubrais,45147,45400,45,centre-val-de-loire
7879060566,47.925806,1.918809,distributeur_sacs,Fleury-les-Aubrais,fleury-les-aubrais,45147,45400,45,centre-val-de-loire
7900268392,47.926574,1.918783,distributeur_sacs,Fleury-les-Aubrais,fleury-les-aubrais,45147,45400,45,centre-val-de-loire
7900241582,47.927157,1.917702,distributeur_sacs,Fleury-les-Aubrais,fleury-les-aubrais,45147,45400,45,centre-val-de-loire
7418804551,47.927555,1.91427,distributeur_sacs,Fleury-les-Aubrais,fleury-les-aubrais,45147,45400,45,centre-val-de-loire
7418817823,47.925662,1.913509,distributeur_sacs,Fleury-les-Aubrais,fleury-les-aubrais,45147,45400,45,centre-val-de-loire
7908259757,47.921534,1.918917,distributeur_sacs,Fleury-les-Aubrais,fleury-les-aubrais,45147,45400,45,centre-val-de-loire
7475872474,47.933465,1.910417,distributeur_sacs,Fleury-les-Aubrais,fleury-les-aubrais,45147,45400,45,centre-val-de-loire
8015867946,47.934574,1.905272,distributeur_sacs,Fleury-les-Aubrais,fleury-les-aubrais,45147,45400,45,centre-val-de-loire
7908311445,47.941561,1.931235,distributeur_sacs,Fleury-les-Aubrais,fleury-les-aubrais,45147,45400,45,centre-val-de-loire
7908311448,47.940173,1.931331,distributeur_sacs,Fleury-les-Aubrais,fleury-les-aubrais,45147,45400,45,centre-val-de-loire
7879038719,47.92895,1.918888,distributeur_sacs,Fleury-les-Aubrais,fleury-les-aubrais,45147,45400,45,centre-val-de-loire
7879009314,47.929984,1.921095,distributeur_sacs,Fleury-les-Aubrais,fleury-les-aubrais,45147,45400,45,centre-val-de-loire
8024558863,47.932598,1.928672,distributeur_sacs,Fleury-les-Aubrais,fleury-les-aubrais,45147,45400,45,centre-val-de-loire
7879086895,47.930769,1.929675,distributeur_sacs,Fleury-les-Aubrais,fleury-les-aubrais,45147,45400,45,centre-val-de-loire
7879004344,47.931778,1.932116,distributeur_sacs,Fleury-les-Aubrais,fleury-les-aubrais,45147,45400,45,centre-val-de-loire
12104663059,47.922739,1.828113,distributeur_sacs,Ingré,ingre,45169,45140,45,centre-val-de-loire
11235274588,47.684349,1.783288,distributeur_sacs,Ligny-le-Ribault,ligny-le-ribault,45182,45240,45,centre-val-de-loire
9624526150,47.682896,1.783057,poubelle_dejections,Ligny-le-Ribault,ligny-le-ribault,45182,45240,45,centre-val-de-loire
11906506872,47.682897,1.78306,distributeur_sacs,Ligny-le-Ribault,ligny-le-ribault,45182,45240,45,centre-val-de-loire
2386610561,47.856174,1.925756,distributeur_sacs,Olivet,olivet,45232,45160,45,centre-val-de-loire
7705810993,47.870228,1.872569,distributeur_sacs,Olivet,olivet,45232,45160,45,centre-val-de-loire
6195560255,47.918365,1.933754,distributeur_sacs,Orléans,orleans,45234,45000/45100,45,centre-val-de-loire
6195562231,47.918859,1.935241,poubelle_dejections,Orléans,orleans,45234,45000/45100,45,centre-val-de-loire
6195560257,47.918733,1.925621,distributeur_sacs,Orléans,orleans,45234,45000/45100,45,centre-val-de-loire
6195560228,47.919445,1.928149,distributeur_sacs,Orléans,orleans,45234,45000/45100,45,centre-val-de-loire
6195560268,47.909578,1.916449,distributeur_sacs,Orléans,orleans,45234,45000/45100,45,centre-val-de-loire
6195560242,47.908766,1.918431,distributeur_sacs,Orléans,orleans,45234,45000/45100,45,centre-val-de-loire
6195560235,47.907388,1.91601,distributeur_sacs,Orléans,orleans,45234,45000/45100,45,centre-val-de-loire
7879535490,47.904095,1.915383,distributeur_sacs,Orléans,orleans,45234,45000/45100,45,centre-val-de-loire
6195561695,47.904124,1.915221,poubelle_dejections,Orléans,orleans,45234,45000/45100,45,centre-val-de-loire
7944821710,47.903842,1.914349,distributeur_sacs,Orléans,orleans,45234,45000/45100,45,centre-val-de-loire
6195560238,47.90617,1.923291,distributeur_sacs,Orléans,orleans,45234,45000/45100,45,centre-val-de-loire
6195560250,47.900526,1.930769,distributeur_sacs,Orléans,orleans,45234,45000/45100,45,centre-val-de-loire
6195560233,47.899555,1.924943,distributeur_sacs,Orléans,orleans,45234,45000/45100,45,centre-val-de-loire
7878634720,47.900008,1.918369,distributeur_sacs,Orléans,orleans,45234,45000/45100,45,centre-val-de-loire
7944829586,47.901138,1.914904,distributeur_sacs,Orléans,orleans,45234,45000/45100,45,centre-val-de-loire
7878347438,47.900963,1.914204,distributeur_sacs,Orléans,orleans,45234,45000/45100,45,centre-val-de-loire
7878282774,47.900772,1.916644,distributeur_sacs,Orléans,orleans,45234,45000/45100,45,centre-val-de-loire
11217312739,47.899233,1.917662,distributeur_sacs,Orléans,orleans,45234,45000/45100,45,centre-val-de-loire
7879547589,47.899788,1.913601,distributeur_sacs,Orléans,orleans,45234,45000/45100,45,centre-val-de-loire
7900191827,47.898938,1.913702,distributeur_sacs,Orléans,orleans,45234,45000/45100,45,centre-val-de-loire
6195560270,47.898812,1.921013,distributeur_sacs,Orléans,orleans,45234,45000/45100,45,centre-val-de-loire
12805846917,47.829761,1.920617,distributeur_sacs,Orléans,orleans,45234,45000/45100,45,centre-val-de-loire
12805843192,47.829111,1.92427,distributeur_sacs,Orléans,orleans,45234,45000/45100,45,centre-val-de-loire
6195561896,47.835512,1.936924,poubelle_dejections,Orléans,orleans,45234,45000/45100,45,centre-val-de-loire
11480593310,47.822851,1.924524,distributeur_sacs,Orléans,orleans,45234,45000/45100,45,centre-val-de-loire
7902371420,47.877268,1.906419,distributeur_sacs,Orléans,orleans,45234,45000/45100,45,centre-val-de-loire
6195561897,47.884009,1.903922,poubelle_dejections,Orléans,orleans,45234,45000/45100,45,centre-val-de-loire
6195561696,47.889585,1.908372,poubelle_dejections,Orléans,orleans,45234,45000/45100,45,centre-val-de-loire
6195564277,47.889521,1.901817,poubelle_dejections,Orléans,orleans,45234,45000/45100,45,centre-val-de-loire
7086313012,47.884826,1.902314,distributeur_sacs,Orléans,orleans,45234,45000/45100,45,centre-val-de-loire
6195561836,47.894566,1.899414,poubelle_dejections,Orléans,orleans,45234,45000/45100,45,centre-val-de-loire
11500292747,47.89478,1.900959,distributeur_sacs,Orléans,orleans,45234,45000/45100,45,centre-val-de-loire
9634580025,47.89414,1.911889,distributeur_sacs,Orléans,orleans,45234,45000/45100,45,centre-val-de-loire
9634580020,47.894663,1.906269,distributeur_sacs,Orléans,orleans,45234,45000/45100,45,centre-val-de-loire
7877856361,47.899035,1.90887,distributeur_sacs,Orléans,orleans,45234,45000/45100,45,centre-val-de-loire
12994718069,47.900323,1.911859,distributeur_sacs,Orléans,orleans,45234,45000/45100,45,centre-val-de-loire
7878252063,47.902074,1.911492,distributeur_sacs,Orléans,orleans,45234,45000/45100,45,centre-val-de-loire
7900187220,47.902003,1.913289,distributeur_sacs,Orléans,orleans,45234,45000/45100,45,centre-val-de-loire
6195561835,47.902542,1.91066,poubelle_dejections,Orléans,orleans,45234,45000/45100,45,centre-val-de-loire
7878280889,47.902255,1.910037,distributeur_sacs,Orléans,orleans,45234,45000/45100,45,centre-val-de-loire
6195560247,47.90064,1.90764,distributeur_sacs,Orléans,orleans,45234,45000/45100,45,centre-val-de-loire
7944780138,47.900844,1.906095,distributeur_sacs,Orléans,orleans,45234,45000/45100,45,centre-val-de-loire
7545527675,47.900995,1.905089,distributeur_sacs,Orléans,orleans,45234,45000/45100,45,centre-val-de-loire
7922142504,47.90082,1.901369,distributeur_sacs,Orléans,orleans,45234,45000/45100,45,centre-val-de-loire
6195562737,47.90033,1.900661,poubelle_dejections,Orléans,orleans,45234,45000/45100,45,centre-val-de-loire
7878796809,47.900486,1.902453,distributeur_sacs,Orléans,orleans,45234,45000/45100,45,centre-val-de-loire
7879195598,47.899975,1.902941,distributeur_sacs,Orléans,orleans,45234,45000/45100,45,centre-val-de-loire
7922088654,47.898826,1.901995,distributeur_sacs,Orléans,orleans,45234,45000/45100,45,centre-val-de-loire
6195563073,47.898812,1.902858,poubelle_dejections,Orléans,orleans,45234,45000/45100,45,centre-val-de-loire
12151348662,47.899119,1.903857,distributeur_sacs,Orléans,orleans,45234,45000/45100,45,centre-val-de-loire
7158916692,47.898074,1.901799,distributeur_sacs,Orléans,orleans,45234,45000/45100,45,centre-val-de-loire
7158899260,47.897998,1.900578,distributeur_sacs,Orléans,orleans,45234,45000/45100,45,centre-val-de-loire
7922084574,47.898287,1.899323,distributeur_sacs,Orléans,orleans,45234,45000/45100,45,centre-val-de-loire
6195560237,47.89784,1.897945,distributeur_sacs,Orléans,orleans,45234,45000/45100,45,centre-val-de-loire
6195560254,47.897764,1.896469,distributeur_sacs,Orléans,orleans,45234,45000/45100,45,centre-val-de-loire
6195560239,47.900102,1.88575,distributeur_sacs,Orléans,orleans,45234,45000/45100,45,centre-val-de-loire
6195560248,47.901098,1.888169,distributeur_sacs,Orléans,orleans,45234,45000/45100,45,centre-val-de-loire
6195560261,47.899352,1.886158,distributeur_sacs,Orléans,orleans,45234,45000/45100,45,centre-val-de-loire
6195560252,47.899077,1.892028,distributeur_sacs,Orléans,orleans,45234,45000/45100,45,centre-val-de-loire
6195563695,47.898961,1.891692,poubelle_dejections,Orléans,orleans,45234,45000/45100,45,centre-val-de-loire
7878079260,47.897859,1.893522,distributeur_sacs,Orléans,orleans,45234,45000/45100,45,centre-val-de-loire
6195560243,47.899052,1.879484,distributeur_sacs,Orléans,orleans,45234,45000/45100,45,centre-val-de-loire
6195560262,47.899419,1.87962,distributeur_sacs,Orléans,orleans,45234,45000/45100,45,centre-val-de-loire
6195563079,47.898746,1.880848,poubelle_dejections,Orléans,orleans,45234,45000/45100,45,centre-val-de-loire
6195560249,47.900348,1.884318,distributeur_sacs,Orléans,orleans,45234,45000/45100,45,centre-val-de-loire
6195560229,47.901188,1.877571,distributeur_sacs,Orléans,orleans,45234,45000/45100,45,centre-val-de-loire
6195560278,47.909487,1.889301,distributeur_sacs,Orléans,orleans,45234,45000/45100,45,centre-val-de-loire
6195560231,47.90999,1.890265,distributeur_sacs,Orléans,orleans,45234,45000/45100,45,centre-val-de-loire
10696750672,47.909697,1.889312,distributeur_sacs,Orléans,orleans,45234,45000/45100,45,centre-val-de-loire
6195560269,47.910108,1.889588,distributeur_sacs,Orléans,orleans,45234,45000/45100,45,centre-val-de-loire
6195560230,47.913603,1.892391,distributeur_sacs,Orléans,orleans,45234,45000/45100,45,centre-val-de-loire
6195560277,47.910078,1.892642,distributeur_sacs,Orléans,orleans,45234,45000/45100,45,centre-val-de-loire
6195560259,47.908944,1.889822,distributeur_sacs,Orléans,orleans,45234,45000/45100,45,centre-val-de-loire
6195560253,47.908985,1.889077,distributeur_sacs,Orléans,orleans,45234,45000/45100,45,centre-val-de-loire
12151595693,47.903435,1.895426,distributeur_sacs,Orléans,orleans,45234,45000/45100,45,centre-val-de-loire
6195561693,47.905321,1.897577,poubelle_dejections,Orléans,orleans,45234,45000/45100,45,centre-val-de-loire
6195563006,47.906271,1.899486,poubelle_dejections,Orléans,orleans,45234,45000/45100,45,centre-val-de-loire
6195560275,47.908556,1.901173,distributeur_sacs,Orléans,orleans,45234,45000/45100,45,centre-val-de-loire
7944801185,47.904201,1.901548,distributeur_sacs,Orléans,orleans,45234,45000/45100,45,centre-val-de-loire
7879195390,47.903565,1.903217,distributeur_sacs,Orléans,orleans,45234,45000/45100,45,centre-val-de-loire
7878317245,47.903091,1.911668,distributeur_sacs,Orléans,orleans,45234,45000/45100,45,centre-val-de-loire
6195560234,47.906186,1.906458,distributeur_sacs,Orléans,orleans,45234,45000/45100,45,centre-val-de-loire
6195560227,47.910469,1.905665,distributeur_sacs,Orléans,orleans,45234,45000/45100,45,centre-val-de-loire
7944897696,47.911858,1.90617,distributeur_sacs,Orléans,orleans,45234,45000/45100,45,centre-val-de-loire
6195560274,47.912416,1.909051,distributeur_sacs,Orléans,orleans,45234,45000/45100,45,centre-val-de-loire
7944867448,47.912455,1.906682,distributeur_sacs,Orléans,orleans,45234,45000/45100,45,centre-val-de-loire
7944888335,47.913092,1.906847,distributeur_sacs,Orléans,orleans,45234,45000/45100,45,centre-val-de-loire
6195560232,47.914978,1.901228,distributeur_sacs,Orléans,orleans,45234,45000/45100,45,centre-val-de-loire
6195560276,47.912713,1.903602,distributeur_sacs,Orléans,orleans,45234,45000/45100,45,centre-val-de-loire
6195564249,47.911385,1.903231,poubelle_dejections,Orléans,orleans,45234,45000/45100,45,centre-val-de-loire
10648061479,47.911386,1.903235,distributeur_sacs,Orléans,orleans,45234,45000/45100,45,centre-val-de-loire
6195564247,47.911726,1.901583,poubelle_dejections,Orléans,orleans,45234,45000/45100,45,centre-val-de-loire
6195560258,47.909734,1.896489,distributeur_sacs,Orléans,orleans,45234,45000/45100,45,centre-val-de-loire
6195560271,47.910591,1.895284,distributeur_sacs,Orléans,orleans,45234,45000/45100,45,centre-val-de-loire
6195560272,47.911917,1.896977,distributeur_sacs,Orléans,orleans,45234,45000/45100,45,centre-val-de-loire
6195560240,47.913111,1.896475,distributeur_sacs,Orléans,orleans,45234,45000/45100,45,centre-val-de-loire
6195560241,47.918878,1.895703,distributeur_sacs,Orléans,orleans,45234,45000/45100,45,centre-val-de-loire
6195560265,47.915968,1.901317,distributeur_sacs,Orléans,orleans,45234,45000/45100,45,centre-val-de-loire
6195560260,47.915732,1.904784,distributeur_sacs,Orléans,orleans,45234,45000/45100,45,centre-val-de-loire
6195561767,47.924828,1.895264,poubelle_dejections,Orléans,orleans,45234,45000/45100,45,centre-val-de-loire
6195560266,47.926966,1.896221,distributeur_sacs,Orléans,orleans,45234,45000/45100,45,centre-val-de-loire
6195560244,47.92662,1.89474,distributeur_sacs,Orléans,orleans,45234,45000/45100,45,centre-val-de-loire
6195560263,47.925306,1.893485,distributeur_sacs,Orléans,orleans,45234,45000/45100,45,centre-val-de-loire
6195560264,47.925687,1.889427,distributeur_sacs,Orléans,orleans,45234,45000/45100,45,centre-val-de-loire
6195564661,47.922885,1.89414,poubelle_dejections,Orléans,orleans,45234,45000/45100,45,centre-val-de-loire
6195561694,47.921329,1.894858,poubelle_dejections,Orléans,orleans,45234,45000/45100,45,centre-val-de-loire
7416804132,47.930163,1.934705,distributeur_sacs,Orléans,orleans,45234,45000/45100,45,centre-val-de-loire
6195560246,47.928464,1.93451,distributeur_sacs,Orléans,orleans,45234,45000/45100,45,centre-val-de-loire
11333709341,47.864772,1.833377,distributeur_sacs,Saint-Hilaire-Saint-Mesmin,saint-hilaire-saint-mesmin,45282,45160,45,centre-val-de-loire
8044070366,47.892665,1.916487,distributeur_sacs,Saint-Jean-le-Blanc,saint-jean-le-blanc,45286,45650,45,centre-val-de-loire
9634580044,47.893063,1.915843,distributeur_sacs,Saint-Jean-le-Blanc,saint-jean-le-blanc,45286,45650,45,centre-val-de-loire
7697604412,47.89145,1.917879,distributeur_sacs,Saint-Jean-le-Blanc,saint-jean-le-blanc,45286,45650,45,centre-val-de-loire
8044064086,47.890349,1.916954,distributeur_sacs,Saint-Jean-le-Blanc,saint-jean-le-blanc,45286,45650,45,centre-val-de-loire
11478545290,47.888289,1.912926,distributeur_sacs,Saint-Jean-le-Blanc,saint-jean-le-blanc,45286,45650,45,centre-val-de-loire
10777382490,47.930584,1.884675,distributeur_sacs,Saran,saran,45302,45770,45,centre-val-de-loire
13078260235,47.947613,1.876776,distributeur_sacs,Saran,saran,45302,45770,45,centre-val-de-loire
7086680936,47.94824,1.880321,distributeur_sacs,Saran,saran,45302,45770,45,centre-val-de-loire
12458837043,44.577809,2.071973,distributeur_sacs,Capdenac,capdenac,46055,46100,46,occitanie
12459078632,44.579527,2.072833,distributeur_sacs,Capdenac,capdenac,46055,46100,46,occitanie
12422759127,44.581499,2.070295,distributeur_sacs,Capdenac,capdenac,46055,46100,46,occitanie
12108595876,44.609714,2.034683,distributeur_sacs,Figeac,figeac,46102,46100,46,occitanie
4900270340,44.60736,2.034884,poubelle_dejections,Figeac,figeac,46102,46100,46,occitanie
12212205383,44.610548,2.032188,distributeur_sacs,Figeac,figeac,46102,46100,46,occitanie
12212221934,44.610441,2.033549,distributeur_sacs,Figeac,figeac,46102,46100,46,occitanie
9876047023,44.112771,0.530176,poubelle_dejections,Laplume,laplume,47137,47310,47,nouvelle-aquitaine
11234166142,44.206771,0.602165,distributeur_sacs,Le Passage,le-passage,47201,47520,47,nouvelle-aquitaine
11293377259,44.206817,0.600785,distributeur_sacs,Le Passage,le-passage,47201,47520,47,nouvelle-aquitaine
11295783605,44.19137,0.590937,distributeur_sacs,Le Passage,le-passage,47201,47520,47,nouvelle-aquitaine
11295783602,44.190555,0.591836,distributeur_sacs,Le Passage,le-passage,47201,47520,47,nouvelle-aquitaine
11295783600,44.190114,0.592439,distributeur_sacs,Le Passage,le-passage,47201,47520,47,nouvelle-aquitaine
11295783598,44.189557,0.593128,distributeur_sacs,Le Passage,le-passage,47201,47520,47,nouvelle-aquitaine
11295783595,44.187336,0.595309,distributeur_sacs,Le Passage,le-passage,47201,47520,47,nouvelle-aquitaine
8090639921,44.399253,0.706491,poubelle_dejections,Villeneuve-sur-Lot,villeneuve-sur-lot,47323,47300,47,nouvelle-aquitaine
13063000910,44.30188,3.320128,distributeur_sacs,La Malène,la-malene,48088,48210,48,occitanie
13062272990,44.301201,3.320393,distributeur_sacs,La Malène,la-malene,48088,48210,48,occitanie
10177883421,44.55365,3.288857,distributeur_sacs,Marvejols,marvejols,48092,48100,48,occitanie
12031996794,47.494925,-0.574789,poubelle_dejections,Angers,angers,49007,49000/49100,49,pays-de-la-loire
11920427860,47.483299,-0.57009,distributeur_sacs,Angers,angers,49007,49000/49100,49,pays-de-la-loire
12696334845,47.474644,-0.529012,distributeur_sacs,Angers,angers,49007,49000/49100,49,pays-de-la-loire
12400169670,47.471376,-0.529809,distributeur_sacs,Angers,angers,49007,49000/49100,49,pays-de-la-loire
12299719912,47.47144,-0.531709,distributeur_sacs,Angers,angers,49007,49000/49100,49,pays-de-la-loire
12323708973,47.47048,-0.53016,distributeur_sacs,Angers,angers,49007,49000/49100,49,pays-de-la-loire
12323708952,47.470773,-0.529061,distributeur_sacs,Angers,angers,49007,49000/49100,49,pays-de-la-loire
12323704943,47.470634,-0.527161,distributeur_sacs,Angers,angers,49007,49000/49100,49,pays-de-la-loire
12323696798,47.470936,-0.526208,distributeur_sacs,Angers,angers,49007,49000/49100,49,pays-de-la-loire
12662746852,47.473877,-0.521174,distributeur_sacs,Angers,angers,49007,49000/49100,49,pays-de-la-loire
12253230665,47.460052,-0.524214,distributeur_sacs,Angers,angers,49007,49000/49100,49,pays-de-la-loire
13255806843,47.468147,-0.531964,distributeur_sacs,Angers,angers,49007,49000/49100,49,pays-de-la-loire
12231226373,47.466616,-0.534427,distributeur_sacs,Angers,angers,49007,49000/49100,49,pays-de-la-loire
12231222361,47.467013,-0.536553,distributeur_sacs,Angers,angers,49007,49000/49100,49,pays-de-la-loire
7006354190,47.467269,-0.536625,distributeur_sacs,Angers,angers,49007,49000/49100,49,pays-de-la-loire
12207062662,47.467691,-0.537874,distributeur_sacs,Angers,angers,49007,49000/49100,49,pays-de-la-loire
12207034337,47.468267,-0.540205,distributeur_sacs,Angers,angers,49007,49000/49100,49,pays-de-la-loire
12207052059,47.468537,-0.540371,distributeur_sacs,Angers,angers,49007,49000/49100,49,pays-de-la-loire
12097436804,47.469343,-0.542722,distributeur_sacs,Angers,angers,49007,49000/49100,49,pays-de-la-loire
12097405928,47.468598,-0.541149,distributeur_sacs,Angers,angers,49007,49000/49100,49,pays-de-la-loire
13301292394,47.463008,-0.53765,distributeur_sacs,Angers,angers,49007,49000/49100,49,pays-de-la-loire
12084541626,47.459153,-0.539443,distributeur_sacs,Angers,angers,49007,49000/49100,49,pays-de-la-loire
5789854839,47.458276,-0.55088,distributeur_sacs,Angers,angers,49007,49000/49100,49,pays-de-la-loire
12211940092,47.458577,-0.551864,distributeur_sacs,Angers,angers,49007,49000/49100,49,pays-de-la-loire
11960819878,47.465226,-0.550557,distributeur_sacs,Angers,angers,49007,49000/49100,49,pays-de-la-loire
12254685749,47.465708,-0.549631,distributeur_sacs,Angers,angers,49007,49000/49100,49,pays-de-la-loire
12057295291,47.465359,-0.545419,distributeur_sacs,Angers,angers,49007,49000/49100,49,pays-de-la-loire
12057251355,47.466072,-0.546847,distributeur_sacs,Angers,angers,49007,49000/49100,49,pays-de-la-loire
12207049514,47.469575,-0.544087,distributeur_sacs,Angers,angers,49007,49000/49100,49,pays-de-la-loire
13361338234,47.471427,-0.54741,distributeur_sacs,Angers,angers,49007,49000/49100,49,pays-de-la-loire
12207082181,47.472138,-0.548593,distributeur_sacs,Angers,angers,49007,49000/49100,49,pays-de-la-loire
13450663865,47.474205,-0.550179,distributeur_sacs,Angers,angers,49007,49000/49100,49,pays-de-la-loire
13301365765,47.473297,-0.548021,distributeur_sacs,Angers,angers,49007,49000/49100,49,pays-de-la-loire
12309840223,47.473235,-0.547403,distributeur_sacs,Angers,angers,49007,49000/49100,49,pays-de-la-loire
12415952819,47.47529,-0.544843,distributeur_sacs,Angers,angers,49007,49000/49100,49,pays-de-la-loire
12206973074,47.470236,-0.546747,distributeur_sacs,Angers,angers,49007,49000/49100,49,pays-de-la-loire
10974336761,47.478748,-0.544018,distributeur_sacs,Angers,angers,49007,49000/49100,49,pays-de-la-loire
11932782889,47.477471,-0.557368,distributeur_sacs,Angers,angers,49007,49000/49100,49,pays-de-la-loire
13450617741,47.472231,-0.557726,distributeur_sacs,Angers,angers,49007,49000/49100,49,pays-de-la-loire
11990634209,47.470845,-0.558934,distributeur_sacs,Angers,angers,49007,49000/49100,49,pays-de-la-loire
13299546581,47.474548,-0.562289,distributeur_sacs,Angers,angers,49007,49000/49100,49,pays-de-la-loire
12486473807,47.473696,-0.56534,distributeur_sacs,Angers,angers,49007,49000/49100,49,pays-de-la-loire
12241316577,47.472893,-0.561943,distributeur_sacs,Angers,angers,49007,49000/49100,49,pays-de-la-loire
12078760844,47.470111,-0.561619,distributeur_sacs,Angers,angers,49007,49000/49100,49,pays-de-la-loire
12879202741,47.480438,-0.566395,distributeur_sacs,Angers,angers,49007,49000/49100,49,pays-de-la-loire
12486387882,47.473897,-0.576565,distributeur_sacs,Angers,angers,49007,49000/49100,49,pays-de-la-loire
8334430673,47.469292,-0.570591,poubelle_dejections,Angers,angers,49007,49000/49100,49,pays-de-la-loire
11934683659,47.46492,-0.588319,distributeur_sacs,Angers,angers,49007,49000/49100,49,pays-de-la-loire
11989989346,47.462043,-0.561501,distributeur_sacs,Angers,angers,49007,49000/49100,49,pays-de-la-loire
12043873860,47.468678,-0.563003,distributeur_sacs,Angers,angers,49007,49000/49100,49,pays-de-la-loire
13299567212,47.466348,-0.562687,distributeur_sacs,Angers,angers,49007,49000/49100,49,pays-de-la-loire
12330825847,47.46744,-0.559179,distributeur_sacs,Angers,angers,49007,49000/49100,49,pays-de-la-loire
11950365855,47.468229,-0.555827,distributeur_sacs,Angers,angers,49007,49000/49100,49,pays-de-la-loire
11929044014,47.468906,-0.553372,distributeur_sacs,Angers,angers,49007,49000/49100,49,pays-de-la-loire
12263128804,47.462196,-0.553625,distributeur_sacs,Angers,angers,49007,49000/49100,49,pays-de-la-loire
12043951021,47.463341,-0.559141,distributeur_sacs,Angers,angers,49007,49000/49100,49,pays-de-la-loire
11898537415,47.46292,-0.559354,distributeur_sacs,Angers,angers,49007,49000/49100,49,pays-de-la-loire
13542751013,47.461889,-0.558978,distributeur_sacs,Angers,angers,49007,49000/49100,49,pays-de-la-loire
11961096528,47.460045,-0.558591,distributeur_sacs,Angers,angers,49007,49000/49100,49,pays-de-la-loire
12229775509,47.453392,-0.556753,distributeur_sacs,Angers,angers,49007,49000/49100,49,pays-de-la-loire
12079615703,47.449572,-0.55279,distributeur_sacs,Angers,angers,49007,49000/49100,49,pays-de-la-loire
12079784704,47.448133,-0.556182,distributeur_sacs,Angers,angers,49007,49000/49100,49,pays-de-la-loire
8262161731,47.446315,-0.552174,distributeur_sacs,Angers,angers,49007,49000/49100,49,pays-de-la-loire
12095427530,47.448172,-0.560166,distributeur_sacs,Angers,angers,49007,49000/49100,49,pays-de-la-loire
12079785884,47.448586,-0.556921,distributeur_sacs,Angers,angers,49007,49000/49100,49,pays-de-la-loire
12218312092,47.446876,-0.561975,distributeur_sacs,Angers,angers,49007,49000/49100,49,pays-de-la-loire
12965769261,47.448018,-0.547869,distributeur_sacs,Angers,angers,49007,49000/49100,49,pays-de-la-loire
11906878743,47.452203,-0.547388,distributeur_sacs,Angers,angers,49007,49000/49100,49,pays-de-la-loire
12084609283,47.45367,-0.54492,distributeur_sacs,Angers,angers,49007,49000/49100,49,pays-de-la-loire
11966166064,47.451099,-0.544581,distributeur_sacs,Angers,angers,49007,49000/49100,49,pays-de-la-loire
12059156434,47.455636,-0.53792,distributeur_sacs,Angers,angers,49007,49000/49100,49,pays-de-la-loire
12281698250,47.452784,-0.534174,distributeur_sacs,Angers,angers,49007,49000/49100,49,pays-de-la-loire
11953718545,47.449729,-0.536719,distributeur_sacs,Angers,angers,49007,49000/49100,49,pays-de-la-loire
11966105185,47.450863,-0.53995,distributeur_sacs,Angers,angers,49007,49000/49100,49,pays-de-la-loire
12041608105,47.45035,-0.528124,distributeur_sacs,Angers,angers,49007,49000/49100,49,pays-de-la-loire
11992100173,47.456454,-0.524644,distributeur_sacs,Angers,angers,49007,49000/49100,49,pays-de-la-loire
13261610665,47.452704,-0.524657,distributeur_sacs,Angers,angers,49007,49000/49100,49,pays-de-la-loire
11927948323,47.453443,-0.526014,distributeur_sacs,Angers,angers,49007,49000/49100,49,pays-de-la-loire
12255065368,47.452827,-0.528293,distributeur_sacs,Angers,angers,49007,49000/49100,49,pays-de-la-loire
12244057798,47.451255,-0.528237,distributeur_sacs,Angers,angers,49007,49000/49100,49,pays-de-la-loire
12088835136,47.449988,-0.514163,distributeur_sacs,Angers,angers,49007,49000/49100,49,pays-de-la-loire
1559184690,47.460904,-0.613906,distributeur_sacs,Angers,angers,49007,49000/49100,49,pays-de-la-loire
12078532364,47.50875,-0.587587,distributeur_sacs,Avrillé,avrille,49015,49240,49,pays-de-la-loire
12402079568,47.50812,-0.586729,distributeur_sacs,Avrillé,avrille,49015,49240,49,pays-de-la-loire
12402107761,47.506964,-0.585152,distributeur_sacs,Avrillé,avrille,49015,49240,49,pays-de-la-loire
12346232223,47.512991,-0.592196,distributeur_sacs,Avrillé,avrille,49015,49240,49,pays-de-la-loire
13278170366,47.543626,-0.100618,distributeur_sacs,Baugé-en-Anjou,bauge-en-anjou,49018,49150,49,pays-de-la-loire
10291501757,47.440363,-0.214656,distributeur_sacs,Beaufort-en-Anjou,beaufort-en-anjou,49021,49250,49,pays-de-la-loire
10291579464,47.43937,-0.218808,distributeur_sacs,Beaufort-en-Anjou,beaufort-en-anjou,49021,49250,49,pays-de-la-loire
13375485856,47.355442,-0.449335,distributeur_sacs,Brissac Loire Aubance,brissac-loire-aubance,49050,49320,49,pays-de-la-loire
13357881704,47.35446,-0.448521,distributeur_sacs,Brissac Loire Aubance,brissac-loire-aubance,49050,49320,49,pays-de-la-loire
13306902939,47.353084,-0.447005,distributeur_sacs,Brissac Loire Aubance,brissac-loire-aubance,49050,49320,49,pays-de-la-loire
13111856109,47.132488,-0.156404,distributeur_sacs,Montreuil-Bellay,montreuil-bellay,49215,49260,49,pays-de-la-loire
13111824880,47.130747,-0.155539,distributeur_sacs,Montreuil-Bellay,montreuil-bellay,49215,49260,49,pays-de-la-loire
12145955749,47.130529,-0.1538,distributeur_sacs,Montreuil-Bellay,montreuil-bellay,49215,49260,49,pays-de-la-loire
13104219863,47.132335,-0.158562,distributeur_sacs,Montreuil-Bellay,montreuil-bellay,49215,49260,49,pays-de-la-loire
13149786977,47.509497,0.114542,poubelle_dejections,Noyant-Villages,noyant-villages,49228,49490,49,pays-de-la-loire
12009681066,47.448898,-0.520891,distributeur_sacs,Les Ponts-de-Cé,les-ponts-de-ce,49246,49130,49,pays-de-la-loire
12957513831,47.438304,-0.520865,distributeur_sacs,Les Ponts-de-Cé,les-ponts-de-ce,49246,49130,49,pays-de-la-loire
12009744525,47.441331,-0.504188,distributeur_sacs,Les Ponts-de-Cé,les-ponts-de-ce,49246,49130,49,pays-de-la-loire
12965732298,47.431045,-0.530642,distributeur_sacs,Les Ponts-de-Cé,les-ponts-de-ce,49246,49130,49,pays-de-la-loire
13040899083,47.427452,-0.529009,distributeur_sacs,Les Ponts-de-Cé,les-ponts-de-ce,49246,49130,49,pays-de-la-loire
13421814307,47.428832,-0.525848,distributeur_sacs,Les Ponts-de-Cé,les-ponts-de-ce,49246,49130,49,pays-de-la-loire
12133606700,47.424515,-0.527098,distributeur_sacs,Les Ponts-de-Cé,les-ponts-de-ce,49246,49130,49,pays-de-la-loire
13410929016,47.355262,-0.655246,distributeur_sacs,Rochefort-sur-Loire,rochefort-sur-loire,49259,49190,49,pays-de-la-loire
13376112723,47.360834,-0.655707,distributeur_sacs,Rochefort-sur-Loire,rochefort-sur-loire,49259,49190,49,pays-de-la-loire
13410937035,47.358839,-0.655293,distributeur_sacs,Rochefort-sur-Loire,rochefort-sur-loire,49259,49190,49,pays-de-la-loire
13410887978,47.357971,-0.656028,distributeur_sacs,Rochefort-sur-Loire,rochefort-sur-loire,49259,49190,49,pays-de-la-loire
12857410040,47.474293,-0.515928,distributeur_sacs,Saint-Barthélemy-d'Anjou,saint-barthelemy-danjou,49267,49124,49,pays-de-la-loire
6919815403,47.464722,-0.498683,poubelle_dejections,Saint-Barthélemy-d'Anjou,saint-barthelemy-danjou,49267,49124,49,pays-de-la-loire
7944803216,47.466714,-0.49766,poubelle_dejections,Saint-Barthélemy-d'Anjou,saint-barthelemy-danjou,49267,49124,49,pays-de-la-loire
7141333280,47.468046,-0.504987,poubelle_dejections,Saint-Barthélemy-d'Anjou,saint-barthelemy-danjou,49267,49124,49,pays-de-la-loire
6924326394,47.468538,-0.494638,poubelle_dejections,Saint-Barthélemy-d'Anjou,saint-barthelemy-danjou,49267,49124,49,pays-de-la-loire
9871777699,47.122802,-0.997183,distributeur_sacs,Sèvremoine,sevremoine,49301,49450,49,pays-de-la-loire
9871774615,47.124383,-0.996287,distributeur_sacs,Sèvremoine,sevremoine,49301,49450,49,pays-de-la-loire
11916439402,47.25688,-0.074749,distributeur_sacs,Saumur,saumur,49328,49400,49,pays-de-la-loire
13092884722,47.258578,-0.081306,distributeur_sacs,Saumur,saumur,49328,49400,49,pays-de-la-loire
11916420405,47.257807,-0.076072,distributeur_sacs,Saumur,saumur,49328,49400,49,pays-de-la-loire
13110148179,47.261958,-0.072528,distributeur_sacs,Saumur,saumur,49328,49400,49,pays-de-la-loire
7877819302,47.685007,-0.874101,poubelle_dejections,Segré-en-Anjou Bleu,segre-en-anjou-bleu,49331,49500,49,pays-de-la-loire
12367684349,47.443448,-0.478769,distributeur_sacs,Trélazé,trelaze,49353,49800,49,pays-de-la-loire
12083247473,47.443186,-0.48444,distributeur_sacs,Trélazé,trelaze,49353,49800,49,pays-de-la-loire
12063039539,47.446118,-0.505024,distributeur_sacs,Trélazé,trelaze,49353,49800,49,pays-de-la-loire
12723469537,47.450758,-0.508948,distributeur_sacs,Trélazé,trelaze,49353,49800,49,pays-de-la-loire
11928195782,47.448161,-0.506577,distributeur_sacs,Trélazé,trelaze,49353,49800,49,pays-de-la-loire
11942232114,47.452752,-0.507983,distributeur_sacs,Trélazé,trelaze,49353,49800,49,pays-de-la-loire
12243930091,47.453347,-0.508721,distributeur_sacs,Trélazé,trelaze,49353,49800,49,pays-de-la-loire
13426938737,47.445838,-0.462112,distributeur_sacs,Trélazé,trelaze,49353,49800,49,pays-de-la-loire
13426943830,47.445975,-0.460588,distributeur_sacs,Trélazé,trelaze,49353,49800,49,pays-de-la-loire
12188741335,47.223052,-0.066514,distributeur_sacs,Varrains,varrains,49362,49400,49,pays-de-la-loire
8108535590,47.117137,-0.361233,poubelle_dejections,Lys-Haut-Layon,lys-haut-layon,49373,49310,49,pays-de-la-loire
12049742107,49.667899,-1.261941,distributeur_sacs,Barfleur,barfleur,50030,50760,50,normandie
11910773096,49.662456,-1.838804,distributeur_sacs,La Hague,la-hague,50041,50440,50,normandie
12995420549,48.596224,-1.514218,distributeur_sacs,Beauvoir,beauvoir,50042,50170,50,normandie
12441815004,48.770839,-1.570021,distributeur_sacs,Jullouville,jullouville,50066,50610,50,normandie
4872479304,48.725163,-1.168805,distributeur_sacs,Brécey,brecey,50074,50370,50,normandie
4872479306,48.725163,-1.168803,poubelle_dejections,Brécey,brecey,50074,50370,50,normandie
9538777907,48.909035,-1.566821,distributeur_sacs,Bréhal,brehal,50076,50290,50,normandie
9906999086,49.470284,-1.634174,distributeur_sacs,Bricquebec-en-Cotentin,bricquebec-en-cotentin,50082,50260,50,normandie
11175001398,49.197793,-0.93223,distributeur_sacs,Cerisy-la-Forêt,cerisy-la-foret,50110,50680,50,normandie
11109389512,48.793817,-1.394051,distributeur_sacs,La Haye-Pesnel,la-haye-pesnel,50237,50320,50,normandie
9958995568,49.166985,-1.598364,distributeur_sacs,Pirou,pirou,50403,50770,50,normandie
9711630902,48.577302,-1.093499,distributeur_sacs,Saint-Hilaire-du-Harcouët,saint-hilaire-du-harcouet,50484,50600,50,normandie
12099240533,48.575568,-1.08952,poubelle_dejections,Saint-Hilaire-du-Harcouët,saint-hilaire-du-harcouet,50484,50600,50,normandie
12099240515,48.573623,-1.088058,poubelle_dejections,Saint-Hilaire-du-Harcouët,saint-hilaire-du-harcouet,50484,50600,50,normandie
9711441116,48.576796,-1.090799,distributeur_sacs,Saint-Hilaire-du-Harcouët,saint-hilaire-du-harcouet,50484,50600,50,normandie
9555919599,48.575504,-1.083399,distributeur_sacs,Saint-Hilaire-du-Harcouët,saint-hilaire-du-harcouet,50484,50600,50,normandie
12896886511,49.51076,-1.471941,poubelle_dejections,Valognes,valognes,50615,50700,50,normandie
9927961778,49.506098,-1.470789,distributeur_sacs,Valognes,valognes,50615,50700,50,normandie
11373960756,49.507461,-1.47039,distributeur_sacs,Valognes,valognes,50615,50700,50,normandie
13136633346,49.508242,-1.471001,distributeur_sacs,Valognes,valognes,50615,50700,50,normandie
11767365430,49.266836,3.970401,distributeur_sacs,Champigny,champigny,51118,51370,51,grand-est
3967915962,48.699379,4.590846,distributeur_sacs,Frignicourt,frignicourt,51262,51300,51,grand-est
7424654261,49.259436,4.050573,distributeur_sacs,Reims,reims,51454,51100,51,grand-est
9779831457,49.267764,4.012799,distributeur_sacs,Reims,reims,51454,51100,51,grand-est
7289478769,49.2706,4.026613,distributeur_sacs,Reims,reims,51454,51100,51,grand-est
7374432327,49.269628,4.020136,distributeur_sacs,Reims,reims,51454,51100,51,grand-est
7309407097,49.24816,3.979697,distributeur_sacs,Tinqueux,tinqueux,51573,51430,51,grand-est
7306489490,49.242729,3.996693,distributeur_sacs,Tinqueux,tinqueux,51573,51430,51,grand-est
10984464071,48.033736,4.921658,distributeur_sacs,Châteauvillain,chateauvillain,52114,52120,52,grand-est
5081977201,47.865326,5.336974,distributeur_sacs,Langres,langres,52269,52200,52,grand-est
12304030823,47.863879,5.33671,distributeur_sacs,Langres,langres,52269,52200,52,grand-est
12304014157,47.859183,5.333306,distributeur_sacs,Langres,langres,52269,52200,52,grand-est
8829785214,48.082384,-0.700494,distributeur_sacs,Bonchamp-lès-Laval,bonchamp-les-laval,53034,53960,53,pays-de-la-loire
13042807927,47.824207,-0.703841,distributeur_sacs,Château-Gontier-sur-Mayenne,chateau-gontier-sur-mayenne,53062,53200,53,pays-de-la-loire
11034458302,48.024376,-0.769448,distributeur_sacs,L'Huisserie,lhuisserie,53119,53970,53,pays-de-la-loire
3784935307,48.078423,-0.769692,distributeur_sacs,Laval,laval,53130,53000,53,pays-de-la-loire
5841743380,48.066053,-0.770211,distributeur_sacs,Laval,laval,53130,53000,53,pays-de-la-loire
11295841604,48.067248,-0.771276,distributeur_sacs,Laval,laval,53130,53000,53,pays-de-la-loire
12995617149,48.067838,-0.77025,distributeur_sacs,Laval,laval,53130,53000,53,pays-de-la-loire
5939587686,48.068948,-0.766481,distributeur_sacs,Laval,laval,53130,53000,53,pays-de-la-loire
11391767809,48.073256,-0.755214,distributeur_sacs,Laval,laval,53130,53000,53,pays-de-la-loire
8592578536,48.073717,-0.762423,distributeur_sacs,Laval,laval,53130,53000,53,pays-de-la-loire
6753297086,48.074558,-0.761755,distributeur_sacs,Laval,laval,53130,53000,53,pays-de-la-loire
12840296330,48.072236,-0.766701,distributeur_sacs,Laval,laval,53130,53000,53,pays-de-la-loire
6753699198,48.069591,-0.771747,distributeur_sacs,Laval,laval,53130,53000,53,pays-de-la-loire
3886036319,48.073397,-0.771282,distributeur_sacs,Laval,laval,53130,53000,53,pays-de-la-loire
4786789751,48.070214,-0.773454,distributeur_sacs,Laval,laval,53130,53000,53,pays-de-la-loire
11193173489,48.302884,-0.618476,distributeur_sacs,Mayenne,mayenne,53147,53100,53,pays-de-la-loire
4784420717,48.655256,6.268306,distributeur_sacs,Art-sur-Meurthe,art-sur-meurthe,54025,54510,54,grand-est
8568900002,48.656478,6.266055,poubelle_dejections,Art-sur-Meurthe,art-sur-meurthe,54025,54510,54,grand-est
11449676564,49.299809,5.90512,poubelle_dejections,Bettainvillers,bettainvillers,54066,54640,54,grand-est
13200459218,49.298523,5.904958,poubelle_dejections,Bettainvillers,bettainvillers,54066,54640,54,grand-est
12917363874,48.56503,6.411831,distributeur_sacs,Blainville-sur-l'Eau,blainville-sur-leau,54076,54360,54,grand-est
13021698528,48.551096,6.412348,poubelle_dejections,Blainville-sur-l'Eau,blainville-sur-leau,54076,54360,54,grand-est
13021698516,48.552115,6.414111,poubelle_dejections,Blainville-sur-l'Eau,blainville-sur-leau,54076,54360,54,grand-est
13026211205,48.557052,6.41518,poubelle_dejections,Blainville-sur-l'Eau,blainville-sur-leau,54076,54360,54,grand-est
13021698548,48.554061,6.404925,poubelle_dejections,Blainville-sur-l'Eau,blainville-sur-leau,54076,54360,54,grand-est
12915388275,48.563486,6.40666,distributeur_sacs,Blainville-sur-l'Eau,blainville-sur-leau,54076,54360,54,grand-est
13026211290,48.555683,6.395635,poubelle_dejections,Blainville-sur-l'Eau,blainville-sur-leau,54076,54360,54,grand-est
12982858158,48.549735,6.393842,poubelle_dejections,Blainville-sur-l'Eau,blainville-sur-leau,54076,54360,54,grand-est
10918463978,48.878553,6.056638,distributeur_sacs,Blénod-lès-Pont-à-Mousson,blenod-les-pont-a-mousson,54079,54700,54,grand-est
10889682717,48.890138,6.044614,distributeur_sacs,Blénod-lès-Pont-à-Mousson,blenod-les-pont-a-mousson,54079,54700,54,grand-est
7194832584,48.725677,6.149624,distributeur_sacs,Champigneulles,champigneulles,54115,54250,54,grand-est
7289192130,48.733751,6.162547,distributeur_sacs,Champigneulles,champigneulles,54115,54250,54,grand-est
7167435390,48.733667,6.164789,distributeur_sacs,Champigneulles,champigneulles,54115,54250,54,grand-est
7160013389,48.73188,6.168871,distributeur_sacs,Champigneulles,champigneulles,54115,54250,54,grand-est
10181413364,48.626942,6.122621,distributeur_sacs,Chavigny,chavigny,54123,54230,54,grand-est
10181413410,48.627164,6.125525,distributeur_sacs,Chavigny,chavigny,54123,54230,54,grand-est
10215489198,48.628956,6.121738,distributeur_sacs,Chavigny,chavigny,54123,54230,54,grand-est
10181413465,48.629138,6.125901,distributeur_sacs,Chavigny,chavigny,54123,54230,54,grand-est
7085926898,48.529768,5.895004,distributeur_sacs,Colombey-les-Belles,colombey-les-belles,54135,54170,54,grand-est
12982858152,48.549406,6.390679,poubelle_dejections,Damelevières,damelevieres,54152,54360,54,grand-est
10891253202,48.83322,6.071949,distributeur_sacs,Dieulouard,dieulouard,54157,54380,54,grand-est
10677835014,48.839885,6.063883,distributeur_sacs,Dieulouard,dieulouard,54157,54380,54,grand-est
10725157318,48.840537,6.06995,poubelle_dejections,Dieulouard,dieulouard,54157,54380,54,grand-est
10678831215,48.842129,6.068055,distributeur_sacs,Dieulouard,dieulouard,54157,54380,54,grand-est
10959784504,48.843503,6.06791,distributeur_sacs,Dieulouard,dieulouard,54157,54380,54,grand-est
2130520130,48.671282,5.901054,distributeur_sacs,Dommartin-lès-Toul,dommartin-les-toul,54167,54200,54,grand-est
1819456467,48.671388,5.900028,distributeur_sacs,Dommartin-lès-Toul,dommartin-les-toul,54167,54200,54,grand-est
1741947158,48.669367,5.906512,distributeur_sacs,Dommartin-lès-Toul,dommartin-les-toul,54167,54200,54,grand-est
1741947211,48.670352,5.911853,distributeur_sacs,Dommartin-lès-Toul,dommartin-les-toul,54167,54200,54,grand-est
5613781147,48.715577,6.222221,distributeur_sacs,Essey-lès-Nancy,essey-les-nancy,54184,54270,54,grand-est
5613719228,48.713976,6.221395,distributeur_sacs,Essey-lès-Nancy,essey-les-nancy,54184,54270,54,grand-est
5012979366,48.709978,6.238376,distributeur_sacs,Essey-lès-Nancy,essey-les-nancy,54184,54270,54,grand-est
2649834510,48.708862,6.236089,distributeur_sacs,Essey-lès-Nancy,essey-les-nancy,54184,54270,54,grand-est
3413435441,48.706723,6.233546,distributeur_sacs,Essey-lès-Nancy,essey-les-nancy,54184,54270,54,grand-est
2649834461,48.707065,6.231682,distributeur_sacs,Essey-lès-Nancy,essey-les-nancy,54184,54270,54,grand-est
3413435434,48.705582,6.227538,distributeur_sacs,Essey-lès-Nancy,essey-les-nancy,54184,54270,54,grand-est
4435059362,48.709977,6.22126,distributeur_sacs,Essey-lès-Nancy,essey-les-nancy,54184,54270,54,grand-est
5629274777,48.708959,6.22088,distributeur_sacs,Essey-lès-Nancy,essey-les-nancy,54184,54270,54,grand-est
4434690807,48.705538,6.21909,distributeur_sacs,Essey-lès-Nancy,essey-les-nancy,54184,54270,54,grand-est
2649481677,48.705928,6.221744,distributeur_sacs,Essey-lès-Nancy,essey-les-nancy,54184,54270,54,grand-est
2649481662,48.705315,6.22224,distributeur_sacs,Essey-lès-Nancy,essey-les-nancy,54184,54270,54,grand-est
2649481679,48.705999,6.223207,distributeur_sacs,Essey-lès-Nancy,essey-les-nancy,54184,54270,54,grand-est
4459625396,48.705006,6.225297,distributeur_sacs,Essey-lès-Nancy,essey-les-nancy,54184,54270,54,grand-est
2648772477,48.703951,6.227313,distributeur_sacs,Essey-lès-Nancy,essey-les-nancy,54184,54270,54,grand-est
2648772435,48.702889,6.225944,distributeur_sacs,Essey-lès-Nancy,essey-les-nancy,54184,54270,54,grand-est
2649481599,48.703871,6.223964,distributeur_sacs,Essey-lès-Nancy,essey-les-nancy,54184,54270,54,grand-est
4459624144,48.704239,6.224992,distributeur_sacs,Essey-lès-Nancy,essey-les-nancy,54184,54270,54,grand-est
2649481609,48.704367,6.222945,distributeur_sacs,Essey-lès-Nancy,essey-les-nancy,54184,54270,54,grand-est
3413377826,48.703554,6.218572,distributeur_sacs,Essey-lès-Nancy,essey-les-nancy,54184,54270,54,grand-est
4459341420,48.703545,6.21965,distributeur_sacs,Essey-lès-Nancy,essey-les-nancy,54184,54270,54,grand-est
2646390580,48.701802,6.22127,distributeur_sacs,Essey-lès-Nancy,essey-les-nancy,54184,54270,54,grand-est
2646324985,48.70086,6.220692,distributeur_sacs,Essey-lès-Nancy,essey-les-nancy,54184,54270,54,grand-est
2646390572,48.701429,6.218531,distributeur_sacs,Essey-lès-Nancy,essey-les-nancy,54184,54270,54,grand-est
5630515953,48.700123,6.220203,distributeur_sacs,Essey-lès-Nancy,essey-les-nancy,54184,54270,54,grand-est
2646324895,48.699325,6.220393,distributeur_sacs,Essey-lès-Nancy,essey-les-nancy,54184,54270,54,grand-est
2646324833,48.698574,6.221579,distributeur_sacs,Essey-lès-Nancy,essey-les-nancy,54184,54270,54,grand-est
2652665836,48.698864,6.223102,distributeur_sacs,Essey-lès-Nancy,essey-les-nancy,54184,54270,54,grand-est
2652665863,48.699087,6.224387,distributeur_sacs,Essey-lès-Nancy,essey-les-nancy,54184,54270,54,grand-est
4459642888,48.700283,6.224725,distributeur_sacs,Essey-lès-Nancy,essey-les-nancy,54184,54270,54,grand-est
5012979341,48.700243,6.226382,distributeur_sacs,Essey-lès-Nancy,essey-les-nancy,54184,54270,54,grand-est
2652665852,48.69892,6.226124,distributeur_sacs,Essey-lès-Nancy,essey-les-nancy,54184,54270,54,grand-est
5012979346,48.701219,6.230504,distributeur_sacs,Essey-lès-Nancy,essey-les-nancy,54184,54270,54,grand-est
5629470475,48.702513,6.229231,distributeur_sacs,Essey-lès-Nancy,essey-les-nancy,54184,54270,54,grand-est
4459624141,48.704191,6.228829,distributeur_sacs,Essey-lès-Nancy,essey-les-nancy,54184,54270,54,grand-est
4459624186,48.704618,6.230265,distributeur_sacs,Essey-lès-Nancy,essey-les-nancy,54184,54270,54,grand-est
2646390549,48.699736,6.217335,distributeur_sacs,Essey-lès-Nancy,essey-les-nancy,54184,54270,54,grand-est
2646390568,48.701218,6.216832,distributeur_sacs,Essey-lès-Nancy,essey-les-nancy,54184,54270,54,grand-est
4434690811,48.705554,6.216835,distributeur_sacs,Essey-lès-Nancy,essey-les-nancy,54184,54270,54,grand-est
4434809161,48.707098,6.217571,distributeur_sacs,Essey-lès-Nancy,essey-les-nancy,54184,54270,54,grand-est
2629274810,48.708752,6.215679,distributeur_sacs,Essey-lès-Nancy,essey-les-nancy,54184,54270,54,grand-est
10875826568,48.567555,6.188749,distributeur_sacs,Flavigny-sur-Moselle,flavigny-sur-moselle,54196,54630,54,grand-est
4808428005,48.623189,6.194007,distributeur_sacs,Fléville-devant-Nancy,fleville-devant-nancy,54197,54710,54,grand-est
2516684986,48.623092,6.199536,distributeur_sacs,Fléville-devant-Nancy,fleville-devant-nancy,54197,54710,54,grand-est
4808428017,48.621811,6.19925,distributeur_sacs,Fléville-devant-Nancy,fleville-devant-nancy,54197,54710,54,grand-est
4808315371,48.625273,6.204811,distributeur_sacs,Fléville-devant-Nancy,fleville-devant-nancy,54197,54710,54,grand-est
4808315391,48.624073,6.207256,distributeur_sacs,Fléville-devant-Nancy,fleville-devant-nancy,54197,54710,54,grand-est
4808315374,48.623842,6.204486,distributeur_sacs,Fléville-devant-Nancy,fleville-devant-nancy,54197,54710,54,grand-est
4808274747,48.626551,6.21116,distributeur_sacs,Fléville-devant-Nancy,fleville-devant-nancy,54197,54710,54,grand-est
2514175367,48.644584,6.209886,distributeur_sacs,Fléville-devant-Nancy,fleville-devant-nancy,54197,54710,54,grand-est
2516318650,48.641571,6.210304,distributeur_sacs,Fléville-devant-Nancy,fleville-devant-nancy,54197,54710,54,grand-est
2516318658,48.642941,6.210482,distributeur_sacs,Fléville-devant-Nancy,fleville-devant-nancy,54197,54710,54,grand-est
2169474050,48.683318,5.788996,distributeur_sacs,Foug,foug,54205,54570,54,grand-est
2169474051,48.684501,5.788367,distributeur_sacs,Foug,foug,54205,54570,54,grand-est
2627371547,48.686214,5.78598,distributeur_sacs,Foug,foug,54205,54570,54,grand-est
10029834142,48.690681,5.960035,distributeur_sacs,Gondreville,gondreville,54232,54840,54,grand-est
2508889389,48.64805,6.196408,distributeur_sacs,Heillecourt,heillecourt,54257,54180,54,grand-est
3269278371,48.650349,6.195964,distributeur_sacs,Heillecourt,heillecourt,54257,54180,54,grand-est
3075699328,48.652975,6.195509,distributeur_sacs,Heillecourt,heillecourt,54257,54180,54,grand-est
3075483146,48.650861,6.200437,distributeur_sacs,Heillecourt,heillecourt,54257,54180,54,grand-est
4447905935,48.651841,6.201061,distributeur_sacs,Heillecourt,heillecourt,54257,54180,54,grand-est
3269278422,48.650513,6.202999,distributeur_sacs,Heillecourt,heillecourt,54257,54180,54,grand-est
4691411625,48.650204,6.17491,distributeur_sacs,Houdemont,houdemont,54265,54180,54,grand-est
3052644676,48.647471,6.170958,distributeur_sacs,Houdemont,houdemont,54265,54180,54,grand-est
10148187803,48.645149,6.173263,distributeur_sacs,Houdemont,houdemont,54265,54180,54,grand-est
3386259478,48.646577,6.176598,distributeur_sacs,Houdemont,houdemont,54265,54180,54,grand-est
3123036364,48.649015,6.175611,distributeur_sacs,Houdemont,houdemont,54265,54180,54,grand-est
3236476381,48.647987,6.178315,distributeur_sacs,Houdemont,houdemont,54265,54180,54,grand-est
3123036380,48.649676,6.179033,distributeur_sacs,Houdemont,houdemont,54265,54180,54,grand-est
3386712555,48.641518,6.177034,distributeur_sacs,Houdemont,houdemont,54265,54180,54,grand-est
10971526385,48.642521,6.178667,distributeur_sacs,Houdemont,houdemont,54265,54180,54,grand-est
3386712571,48.643183,6.178678,distributeur_sacs,Houdemont,houdemont,54265,54180,54,grand-est
3386712546,48.639785,6.175224,distributeur_sacs,Houdemont,houdemont,54265,54180,54,grand-est
3386712547,48.640566,6.175625,distributeur_sacs,Houdemont,houdemont,54265,54180,54,grand-est
3386712537,48.638306,6.177615,distributeur_sacs,Houdemont,houdemont,54265,54180,54,grand-est
10971526386,48.639721,6.178199,distributeur_sacs,Houdemont,houdemont,54265,54180,54,grand-est
10971526387,48.636668,6.179434,distributeur_sacs,Houdemont,houdemont,54265,54180,54,grand-est
3386712526,48.636681,6.179238,distributeur_sacs,Houdemont,houdemont,54265,54180,54,grand-est
3122865511,48.66127,6.193454,distributeur_sacs,Jarville-la-Malgrange,jarville-la-malgrange,54274,54140,54,grand-est
4417304903,48.674374,6.201752,distributeur_sacs,Jarville-la-Malgrange,jarville-la-malgrange,54274,54140,54,grand-est
2620332423,48.663716,6.211885,distributeur_sacs,Jarville-la-Malgrange,jarville-la-malgrange,54274,54140,54,grand-est
2508067239,48.663957,6.207834,distributeur_sacs,Jarville-la-Malgrange,jarville-la-malgrange,54274,54140,54,grand-est
3122866046,48.664272,6.200517,distributeur_sacs,Jarville-la-Malgrange,jarville-la-malgrange,54274,54140,54,grand-est
3126242169,48.667631,6.202323,distributeur_sacs,Jarville-la-Malgrange,jarville-la-malgrange,54274,54140,54,grand-est
7856926883,48.668591,6.207819,distributeur_sacs,Jarville-la-Malgrange,jarville-la-malgrange,54274,54140,54,grand-est
2620332766,48.670093,6.206182,distributeur_sacs,Jarville-la-Malgrange,jarville-la-malgrange,54274,54140,54,grand-est
3162471073,48.671272,6.205215,distributeur_sacs,Jarville-la-Malgrange,jarville-la-malgrange,54274,54140,54,grand-est
6537416410,48.671871,6.205033,distributeur_sacs,Jarville-la-Malgrange,jarville-la-malgrange,54274,54140,54,grand-est
4784318821,48.673362,6.207128,distributeur_sacs,Jarville-la-Malgrange,jarville-la-malgrange,54274,54140,54,grand-est
11898517108,48.873777,6.050935,distributeur_sacs,Jezainville,jezainville,54279,54700,54,grand-est
2707767511,48.660146,6.218184,distributeur_sacs,Laneuveville-devant-Nancy,laneuveville-devant-nancy,54300,54410,54,grand-est
2509335049,48.657294,6.21767,distributeur_sacs,Laneuveville-devant-Nancy,laneuveville-devant-nancy,54300,54410,54,grand-est
2510864810,48.655027,6.214054,distributeur_sacs,Laneuveville-devant-Nancy,laneuveville-devant-nancy,54300,54410,54,grand-est
2708683459,48.653263,6.225876,distributeur_sacs,Laneuveville-devant-Nancy,laneuveville-devant-nancy,54300,54410,54,grand-est
4868623872,48.65427,6.219382,distributeur_sacs,Laneuveville-devant-Nancy,laneuveville-devant-nancy,54300,54410,54,grand-est
2707767420,48.658387,6.226571,distributeur_sacs,Laneuveville-devant-Nancy,laneuveville-devant-nancy,54300,54410,54,grand-est
2708503835,48.656325,6.232102,distributeur_sacs,Laneuveville-devant-Nancy,laneuveville-devant-nancy,54300,54410,54,grand-est
2708503838,48.65697,6.23075,distributeur_sacs,Laneuveville-devant-Nancy,laneuveville-devant-nancy,54300,54410,54,grand-est
2708683477,48.654838,6.230554,distributeur_sacs,Laneuveville-devant-Nancy,laneuveville-devant-nancy,54300,54410,54,grand-est
4922738760,48.641781,6.260182,distributeur_sacs,Laneuveville-devant-Nancy,laneuveville-devant-nancy,54300,54410,54,grand-est
2509512812,48.665499,6.215922,distributeur_sacs,Laneuveville-devant-Nancy,laneuveville-devant-nancy,54300,54410,54,grand-est
7319434013,48.687364,6.150974,distributeur_sacs,Laxou,laxou,54304,54520,54,grand-est
2733733216,48.686949,6.144771,distributeur_sacs,Laxou,laxou,54304,54520,54,grand-est
2501913077,48.696191,6.126248,distributeur_sacs,Laxou,laxou,54304,54520,54,grand-est
7309301644,48.686588,6.139344,distributeur_sacs,Laxou,laxou,54304,54520,54,grand-est
2722036437,48.685254,6.142633,distributeur_sacs,Laxou,laxou,54304,54520,54,grand-est
7315323130,48.68631,6.137176,distributeur_sacs,Laxou,laxou,54304,54520,54,grand-est
7211561324,48.68334,6.143318,distributeur_sacs,Laxou,laxou,54304,54520,54,grand-est
6703924756,48.678656,6.144038,distributeur_sacs,Laxou,laxou,54304,54520,54,grand-est
3022987093,48.678265,6.147583,distributeur_sacs,Laxou,laxou,54304,54520,54,grand-est
7206322900,48.67931,6.14475,distributeur_sacs,Laxou,laxou,54304,54520,54,grand-est
2571993459,48.682423,6.146969,distributeur_sacs,Laxou,laxou,54304,54520,54,grand-est
7315246179,48.683956,6.149097,distributeur_sacs,Laxou,laxou,54304,54520,54,grand-est
7319264993,48.685259,6.151594,distributeur_sacs,Laxou,laxou,54304,54520,54,grand-est
7316557046,48.684513,6.153918,distributeur_sacs,Laxou,laxou,54304,54520,54,grand-est
4380978812,48.680698,6.153382,distributeur_sacs,Laxou,laxou,54304,54520,54,grand-est
6707877432,48.680643,6.154887,distributeur_sacs,Laxou,laxou,54304,54520,54,grand-est
7316557047,48.682155,6.155683,distributeur_sacs,Laxou,laxou,54304,54520,54,grand-est
2464613327,48.684917,6.155209,distributeur_sacs,Laxou,laxou,54304,54520,54,grand-est
4767509094,48.683908,6.159614,distributeur_sacs,Laxou,laxou,54304,54520,54,grand-est
7132816551,48.681563,6.161058,distributeur_sacs,Laxou,laxou,54304,54520,54,grand-est
7132816552,48.681566,6.16106,poubelle_dejections,Laxou,laxou,54304,54520,54,grand-est
7115188522,48.679435,6.15829,distributeur_sacs,Laxou,laxou,54304,54520,54,grand-est
8199298069,48.755255,6.084064,distributeur_sacs,Liverdun,liverdun,54318,54460,54,grand-est
8264408356,48.75349,6.063727,distributeur_sacs,Liverdun,liverdun,54318,54460,54,grand-est
9216893239,48.753244,6.061394,distributeur_sacs,Liverdun,liverdun,54318,54460,54,grand-est
8264492251,48.749735,6.060176,distributeur_sacs,Liverdun,liverdun,54318,54460,54,grand-est
8264400809,48.749354,6.061985,distributeur_sacs,Liverdun,liverdun,54318,54460,54,grand-est
8264408322,48.75106,6.062661,distributeur_sacs,Liverdun,liverdun,54318,54460,54,grand-est
9592488773,48.766277,6.05193,distributeur_sacs,Liverdun,liverdun,54318,54460,54,grand-est
12104189437,48.770743,6.061202,distributeur_sacs,Liverdun,liverdun,54318,54460,54,grand-est
4915608393,48.625554,6.175514,distributeur_sacs,Ludres,ludres,54328,54710,54,grand-est
9167829240,48.61602,6.16884,poubelle_dejections,Ludres,ludres,54328,54710,54,grand-est
4915474055,48.619739,6.166681,distributeur_sacs,Ludres,ludres,54328,54710,54,grand-est
4915474054,48.619108,6.162687,distributeur_sacs,Ludres,ludres,54328,54710,54,grand-est
4909590361,48.613765,6.163115,distributeur_sacs,Ludres,ludres,54328,54710,54,grand-est
4915588239,48.629675,6.154029,distributeur_sacs,Ludres,ludres,54328,54710,54,grand-est
10959246264,48.902734,6.040296,distributeur_sacs,Maidières,maidieres,54332,54700,54,grand-est
2821764164,48.714241,6.180951,distributeur_sacs,Malzéville,malzeville,54339,54220,54,grand-est
2821764137,48.713433,6.18173,distributeur_sacs,Malzéville,malzeville,54339,54220,54,grand-est
3200715884,48.710798,6.186028,distributeur_sacs,Malzéville,malzeville,54339,54220,54,grand-est
2569491838,48.715435,6.184998,distributeur_sacs,Malzéville,malzeville,54339,54220,54,grand-est
5826807813,48.709496,6.197826,distributeur_sacs,Malzéville,malzeville,54339,54220,54,grand-est
5826807823,48.709422,6.19977,distributeur_sacs,Malzéville,malzeville,54339,54220,54,grand-est
4970902438,48.704258,6.194996,distributeur_sacs,Malzéville,malzeville,54339,54220,54,grand-est
2823452764,48.707168,6.184881,distributeur_sacs,Malzéville,malzeville,54339,54220,54,grand-est
2628824668,48.705894,6.184437,distributeur_sacs,Malzéville,malzeville,54339,54220,54,grand-est
2568942887,48.709736,6.187208,distributeur_sacs,Malzéville,malzeville,54339,54220,54,grand-est
3200013837,48.710334,6.18434,distributeur_sacs,Malzéville,malzeville,54339,54220,54,grand-est
4969139368,48.707861,6.183909,distributeur_sacs,Malzéville,malzeville,54339,54220,54,grand-est
3200013795,48.70806,6.182824,distributeur_sacs,Malzéville,malzeville,54339,54220,54,grand-est
3200013832,48.709973,6.183632,distributeur_sacs,Malzéville,malzeville,54339,54220,54,grand-est
2821144011,48.709463,6.18034,distributeur_sacs,Malzéville,malzeville,54339,54220,54,grand-est
9459993121,48.713242,6.157668,distributeur_sacs,Maxéville,maxeville,54357,54320,54,grand-est
3442998597,48.711074,6.161878,distributeur_sacs,Maxéville,maxeville,54357,54320,54,grand-est
5307217776,48.712197,6.16117,distributeur_sacs,Maxéville,maxeville,54357,54320,54,grand-est
2544249424,48.712898,6.161411,distributeur_sacs,Maxéville,maxeville,54357,54320,54,grand-est
10965505991,48.713743,6.161648,distributeur_sacs,Maxéville,maxeville,54357,54320,54,grand-est
4497529032,48.720338,6.170396,distributeur_sacs,Maxéville,maxeville,54357,54320,54,grand-est
4497529026,48.713858,6.163968,distributeur_sacs,Maxéville,maxeville,54357,54320,54,grand-est
4497529074,48.714042,6.167164,distributeur_sacs,Maxéville,maxeville,54357,54320,54,grand-est
4498603398,48.711784,6.168211,distributeur_sacs,Maxéville,maxeville,54357,54320,54,grand-est
2820225210,48.712655,6.169424,distributeur_sacs,Maxéville,maxeville,54357,54320,54,grand-est
2819396233,48.706624,6.172838,distributeur_sacs,Maxéville,maxeville,54357,54320,54,grand-est
2526286579,48.708802,6.161969,distributeur_sacs,Maxéville,maxeville,54357,54320,54,grand-est
2544124735,48.707946,6.147933,distributeur_sacs,Maxéville,maxeville,54357,54320,54,grand-est
2501913135,48.701267,6.130261,distributeur_sacs,Maxéville,maxeville,54357,54320,54,grand-est
5209258318,48.699877,6.12554,distributeur_sacs,Maxéville,maxeville,54357,54320,54,grand-est
8750950182,48.816054,6.12709,distributeur_sacs,Millery,millery,54369,54670,54,grand-est
8750950176,48.817481,6.127368,distributeur_sacs,Millery,millery,54369,54670,54,grand-est
10974073514,48.904818,6.077544,distributeur_sacs,Mousson,mousson,54390,54700,54,grand-est
10974073510,48.906154,6.080414,distributeur_sacs,Mousson,mousson,54390,54700,54,grand-est
4641788643,48.686372,6.206075,distributeur_sacs,Nancy,nancy,54395,54000,54,grand-est
2698859533,48.675697,6.182246,distributeur_sacs,Nancy,nancy,54395,54000,54,grand-est
2518691627,48.677483,6.186559,distributeur_sacs,Nancy,nancy,54395,54000,54,grand-est
2611247989,48.678427,6.188139,distributeur_sacs,Nancy,nancy,54395,54000,54,grand-est
2611248007,48.679693,6.186797,distributeur_sacs,Nancy,nancy,54395,54000,54,grand-est
2518658186,48.680213,6.188084,distributeur_sacs,Nancy,nancy,54395,54000,54,grand-est
2459773855,48.679193,6.189455,distributeur_sacs,Nancy,nancy,54395,54000,54,grand-est
2787856386,48.680042,6.18939,distributeur_sacs,Nancy,nancy,54395,54000,54,grand-est
4395840557,48.676312,6.190215,distributeur_sacs,Nancy,nancy,54395,54000,54,grand-est
3400273526,48.676274,6.186273,distributeur_sacs,Nancy,nancy,54395,54000,54,grand-est
2944541907,48.676593,6.195081,distributeur_sacs,Nancy,nancy,54395,54000,54,grand-est
2488870927,48.677031,6.198972,distributeur_sacs,Nancy,nancy,54395,54000,54,grand-est
2306890846,48.676814,6.197723,distributeur_sacs,Nancy,nancy,54395,54000,54,grand-est
2466665917,48.677479,6.197094,distributeur_sacs,Nancy,nancy,54395,54000,54,grand-est
5125246417,48.680048,6.199632,distributeur_sacs,Nancy,nancy,54395,54000,54,grand-est
2466665920,48.679624,6.193461,distributeur_sacs,Nancy,nancy,54395,54000,54,grand-est
2944541917,48.678222,6.193156,distributeur_sacs,Nancy,nancy,54395,54000,54,grand-est
2944541930,48.678517,6.19148,distributeur_sacs,Nancy,nancy,54395,54000,54,grand-est
2944543047,48.679004,6.192815,distributeur_sacs,Nancy,nancy,54395,54000,54,grand-est
2590138988,48.680462,6.192465,distributeur_sacs,Nancy,nancy,54395,54000,54,grand-est
2475338786,48.68195,6.192776,distributeur_sacs,Nancy,nancy,54395,54000,54,grand-est
2940988323,48.681603,6.197584,distributeur_sacs,Nancy,nancy,54395,54000,54,grand-est
2940988317,48.681012,6.196789,distributeur_sacs,Nancy,nancy,54395,54000,54,grand-est
2475338829,48.682206,6.195445,distributeur_sacs,Nancy,nancy,54395,54000,54,grand-est
2475338889,48.683243,6.196409,distributeur_sacs,Nancy,nancy,54395,54000,54,grand-est
2470472681,48.68593,6.197875,distributeur_sacs,Nancy,nancy,54395,54000,54,grand-est
2590139003,48.685826,6.197336,distributeur_sacs,Nancy,nancy,54395,54000,54,grand-est
2475338892,48.685473,6.196033,distributeur_sacs,Nancy,nancy,54395,54000,54,grand-est
2470472684,48.685979,6.192282,distributeur_sacs,Nancy,nancy,54395,54000,54,grand-est
2787856416,48.685705,6.186352,distributeur_sacs,Nancy,nancy,54395,54000,54,grand-est
3730401985,48.683922,6.188118,distributeur_sacs,Nancy,nancy,54395,54000,54,grand-est
4377771809,48.683289,6.189986,distributeur_sacs,Nancy,nancy,54395,54000,54,grand-est
8567999262,48.682059,6.186394,poubelle_dejections,Nancy,nancy,54395,54000,54,grand-est
2466009732,48.683057,6.186709,distributeur_sacs,Nancy,nancy,54395,54000,54,grand-est
2518658188,48.681798,6.185629,distributeur_sacs,Nancy,nancy,54395,54000,54,grand-est
2463212904,48.683535,6.18487,distributeur_sacs,Nancy,nancy,54395,54000,54,grand-est
4394080377,48.687359,6.183504,distributeur_sacs,Nancy,nancy,54395,54000,54,grand-est
2772269369,48.688017,6.182233,distributeur_sacs,Nancy,nancy,54395,54000,54,grand-est
2788346554,48.687992,6.185639,distributeur_sacs,Nancy,nancy,54395,54000,54,grand-est
2788671540,48.689155,6.189136,distributeur_sacs,Nancy,nancy,54395,54000,54,grand-est
2327963776,48.68955,6.18719,distributeur_sacs,Nancy,nancy,54395,54000,54,grand-est
2703334883,48.689889,6.186196,distributeur_sacs,Nancy,nancy,54395,54000,54,grand-est
2327963777,48.690488,6.18675,distributeur_sacs,Nancy,nancy,54395,54000,54,grand-est
2328092524,48.690664,6.187384,distributeur_sacs,Nancy,nancy,54395,54000,54,grand-est
4560381362,48.690203,6.190695,distributeur_sacs,Nancy,nancy,54395,54000,54,grand-est
2628255672,48.692176,6.190115,distributeur_sacs,Nancy,nancy,54395,54000,54,grand-est
2789304816,48.692128,6.187728,distributeur_sacs,Nancy,nancy,54395,54000,54,grand-est
9646773532,48.691054,6.186673,distributeur_sacs,Nancy,nancy,54395,54000,54,grand-est
4290492352,48.692721,6.183941,distributeur_sacs,Nancy,nancy,54395,54000,54,grand-est
5028187165,48.695271,6.183406,distributeur_sacs,Nancy,nancy,54395,54000,54,grand-est
2701971959,48.697087,6.188768,distributeur_sacs,Nancy,nancy,54395,54000,54,grand-est
3443364817,48.698218,6.190292,distributeur_sacs,Nancy,nancy,54395,54000,54,grand-est
3199768703,48.697158,6.190447,distributeur_sacs,Nancy,nancy,54395,54000,54,grand-est
4947252941,48.694179,6.187964,distributeur_sacs,Nancy,nancy,54395,54000,54,grand-est
2789173171,48.693963,6.186195,distributeur_sacs,Nancy,nancy,54395,54000,54,grand-est
3399978593,48.692742,6.194051,distributeur_sacs,Nancy,nancy,54395,54000,54,grand-est
2628356084,48.695863,6.191906,distributeur_sacs,Nancy,nancy,54395,54000,54,grand-est
4428077259,48.697431,6.195797,distributeur_sacs,Nancy,nancy,54395,54000,54,grand-est
2698584320,48.697157,6.196593,distributeur_sacs,Nancy,nancy,54395,54000,54,grand-est
3201835364,48.698032,6.198043,distributeur_sacs,Nancy,nancy,54395,54000,54,grand-est
4970108818,48.697931,6.199057,distributeur_sacs,Nancy,nancy,54395,54000,54,grand-est
12037922142,48.694822,6.195666,distributeur_sacs,Nancy,nancy,54395,54000,54,grand-est
2470472834,48.694377,6.19728,distributeur_sacs,Nancy,nancy,54395,54000,54,grand-est
2590139044,48.691238,6.195049,distributeur_sacs,Nancy,nancy,54395,54000,54,grand-est
5062006973,48.691482,6.192172,distributeur_sacs,Nancy,nancy,54395,54000,54,grand-est
4560381360,48.690349,6.191145,distributeur_sacs,Nancy,nancy,54395,54000,54,grand-est
4551520968,48.688834,6.191297,distributeur_sacs,Nancy,nancy,54395,54000,54,grand-est
2470472686,48.686851,6.195387,distributeur_sacs,Nancy,nancy,54395,54000,54,grand-est
3201177288,48.686505,6.197007,distributeur_sacs,Nancy,nancy,54395,54000,54,grand-est
2590139006,48.686827,6.197307,distributeur_sacs,Nancy,nancy,54395,54000,54,grand-est
3201576162,48.689137,6.197928,distributeur_sacs,Nancy,nancy,54395,54000,54,grand-est
7217263532,48.688642,6.199872,distributeur_sacs,Nancy,nancy,54395,54000,54,grand-est
7220706040,48.688541,6.199843,distributeur_sacs,Nancy,nancy,54395,54000,54,grand-est
6743834707,48.688275,6.199481,distributeur_sacs,Nancy,nancy,54395,54000,54,grand-est
2472512594,48.686579,6.200648,distributeur_sacs,Nancy,nancy,54395,54000,54,grand-est
6743834708,48.689282,6.200888,distributeur_sacs,Nancy,nancy,54395,54000,54,grand-est
2698584395,48.699791,6.20171,distributeur_sacs,Nancy,nancy,54395,54000,54,grand-est
2698584366,48.699385,6.202012,distributeur_sacs,Nancy,nancy,54395,54000,54,grand-est
2698584342,48.698875,6.197194,distributeur_sacs,Nancy,nancy,54395,54000,54,grand-est
2823452746,48.698968,6.193258,distributeur_sacs,Nancy,nancy,54395,54000,54,grand-est
2823452758,48.703955,6.188338,distributeur_sacs,Nancy,nancy,54395,54000,54,grand-est
2628770210,48.701384,6.188485,distributeur_sacs,Nancy,nancy,54395,54000,54,grand-est
2628770179,48.699172,6.189909,distributeur_sacs,Nancy,nancy,54395,54000,54,grand-est
3199768704,48.699769,6.188198,distributeur_sacs,Nancy,nancy,54395,54000,54,grand-est
4433419109,48.701255,6.184014,distributeur_sacs,Nancy,nancy,54395,54000,54,grand-est
4715801051,48.700129,6.183903,distributeur_sacs,Nancy,nancy,54395,54000,54,grand-est
2505301837,48.700713,6.182107,distributeur_sacs,Nancy,nancy,54395,54000,54,grand-est
10068046386,48.702273,6.182432,distributeur_sacs,Nancy,nancy,54395,54000,54,grand-est
2628770235,48.70335,6.181993,distributeur_sacs,Nancy,nancy,54395,54000,54,grand-est
2568833927,48.704108,6.182363,distributeur_sacs,Nancy,nancy,54395,54000,54,grand-est
2821143799,48.70757,6.180086,distributeur_sacs,Nancy,nancy,54395,54000,54,grand-est
5600439578,48.705227,6.180247,distributeur_sacs,Nancy,nancy,54395,54000,54,grand-est
2690533510,48.705897,6.175644,distributeur_sacs,Nancy,nancy,54395,54000,54,grand-est
2689103151,48.70403,6.172037,distributeur_sacs,Nancy,nancy,54395,54000,54,grand-est
4538325428,48.701903,6.167869,distributeur_sacs,Nancy,nancy,54395,54000,54,grand-est
3442980230,48.703174,6.165574,distributeur_sacs,Nancy,nancy,54395,54000,54,grand-est
3442980224,48.701007,6.166529,distributeur_sacs,Nancy,nancy,54395,54000,54,grand-est
3465670428,48.699147,6.165675,distributeur_sacs,Nancy,nancy,54395,54000,54,grand-est
2570663521,48.699069,6.168605,distributeur_sacs,Nancy,nancy,54395,54000,54,grand-est
3423895881,48.700127,6.16884,distributeur_sacs,Nancy,nancy,54395,54000,54,grand-est
3423895887,48.701308,6.170372,distributeur_sacs,Nancy,nancy,54395,54000,54,grand-est
5825775306,48.701202,6.171743,distributeur_sacs,Nancy,nancy,54395,54000,54,grand-est
2547504582,48.700909,6.17197,distributeur_sacs,Nancy,nancy,54395,54000,54,grand-est
2505301806,48.69938,6.175686,distributeur_sacs,Nancy,nancy,54395,54000,54,grand-est
2689081753,48.701593,6.174373,distributeur_sacs,Nancy,nancy,54395,54000,54,grand-est
2689081765,48.701967,6.173313,distributeur_sacs,Nancy,nancy,54395,54000,54,grand-est
4560851351,48.701935,6.173084,distributeur_sacs,Nancy,nancy,54395,54000,54,grand-est
2690533469,48.704173,6.175871,distributeur_sacs,Nancy,nancy,54395,54000,54,grand-est
4560851382,48.703081,6.176655,distributeur_sacs,Nancy,nancy,54395,54000,54,grand-est
2690533452,48.702865,6.175406,distributeur_sacs,Nancy,nancy,54395,54000,54,grand-est
4560851893,48.701938,6.175935,distributeur_sacs,Nancy,nancy,54395,54000,54,grand-est
4560851895,48.702105,6.177223,distributeur_sacs,Nancy,nancy,54395,54000,54,grand-est
2691723634,48.703769,6.179721,distributeur_sacs,Nancy,nancy,54395,54000,54,grand-est
2691723617,48.703153,6.181373,distributeur_sacs,Nancy,nancy,54395,54000,54,grand-est
2568833878,48.702279,6.179989,distributeur_sacs,Nancy,nancy,54395,54000,54,grand-est
4715801069,48.701563,6.179104,distributeur_sacs,Nancy,nancy,54395,54000,54,grand-est
2505301832,48.700339,6.178759,distributeur_sacs,Nancy,nancy,54395,54000,54,grand-est
2772127675,48.699106,6.180652,distributeur_sacs,Nancy,nancy,54395,54000,54,grand-est
2772127593,48.698136,6.181034,distributeur_sacs,Nancy,nancy,54395,54000,54,grand-est
2772127565,48.696339,6.18117,distributeur_sacs,Nancy,nancy,54395,54000,54,grand-est
7964526930,48.696401,6.180213,poubelle_dejections,Nancy,nancy,54395,54000,54,grand-est
2770859527,48.696288,6.178956,distributeur_sacs,Nancy,nancy,54395,54000,54,grand-est
4560912701,48.697567,6.179068,distributeur_sacs,Nancy,nancy,54395,54000,54,grand-est
2772127631,48.69853,6.178156,distributeur_sacs,Nancy,nancy,54395,54000,54,grand-est
2505344434,48.698507,6.177489,distributeur_sacs,Nancy,nancy,54395,54000,54,grand-est
2689060647,48.695312,6.175577,distributeur_sacs,Nancy,nancy,54395,54000,54,grand-est
2702942103,48.692804,6.17378,distributeur_sacs,Nancy,nancy,54395,54000,54,grand-est
4560912683,48.695278,6.178639,distributeur_sacs,Nancy,nancy,54395,54000,54,grand-est
2711629602,48.69422,6.180194,distributeur_sacs,Nancy,nancy,54395,54000,54,grand-est
2717993384,48.689634,6.178088,distributeur_sacs,Nancy,nancy,54395,54000,54,grand-est
4428225087,48.690304,6.179638,distributeur_sacs,Nancy,nancy,54395,54000,54,grand-est
3727954167,48.689425,6.179364,distributeur_sacs,Nancy,nancy,54395,54000,54,grand-est
2691934661,48.690447,6.172874,distributeur_sacs,Nancy,nancy,54395,54000,54,grand-est
12806400346,48.69174,6.172923,distributeur_sacs,Nancy,nancy,54395,54000,54,grand-est
2526286495,48.691038,6.170524,distributeur_sacs,Nancy,nancy,54395,54000,54,grand-est
3354331935,48.686904,6.172213,distributeur_sacs,Nancy,nancy,54395,54000,54,grand-est
2691934652,48.688385,6.166018,distributeur_sacs,Nancy,nancy,54395,54000,54,grand-est
2691934648,48.686871,6.166641,distributeur_sacs,Nancy,nancy,54395,54000,54,grand-est
4538208085,48.691895,6.166375,distributeur_sacs,Nancy,nancy,54395,54000,54,grand-est
2842123107,48.691713,6.165165,distributeur_sacs,Nancy,nancy,54395,54000,54,grand-est
2538609461,48.693259,6.165062,distributeur_sacs,Nancy,nancy,54395,54000,54,grand-est
4560917949,48.692638,6.167995,distributeur_sacs,Nancy,nancy,54395,54000,54,grand-est
3442908972,48.694435,6.167943,distributeur_sacs,Nancy,nancy,54395,54000,54,grand-est
3442908976,48.695411,6.168722,distributeur_sacs,Nancy,nancy,54395,54000,54,grand-est
2935959212,48.695967,6.170141,distributeur_sacs,Nancy,nancy,54395,54000,54,grand-est
2505301801,48.695835,6.171173,distributeur_sacs,Nancy,nancy,54395,54000,54,grand-est
4538253612,48.697934,6.164012,distributeur_sacs,Nancy,nancy,54395,54000,54,grand-est
3463621901,48.695844,6.159448,distributeur_sacs,Nancy,nancy,54395,54000,54,grand-est
2540575286,48.697066,6.158689,distributeur_sacs,Nancy,nancy,54395,54000,54,grand-est
3639914427,48.698376,6.154998,distributeur_sacs,Nancy,nancy,54395,54000,54,grand-est
3639914428,48.698397,6.154432,distributeur_sacs,Nancy,nancy,54395,54000,54,grand-est
12022984471,48.697101,6.155427,distributeur_sacs,Nancy,nancy,54395,54000,54,grand-est
4998167606,48.693037,6.15816,distributeur_sacs,Nancy,nancy,54395,54000,54,grand-est
2842122300,48.690643,6.1589,distributeur_sacs,Nancy,nancy,54395,54000,54,grand-est
2528196088,48.689707,6.159494,distributeur_sacs,Nancy,nancy,54395,54000,54,grand-est
2845989974,48.687662,6.162793,distributeur_sacs,Nancy,nancy,54395,54000,54,grand-est
4380180668,48.686577,6.160673,distributeur_sacs,Nancy,nancy,54395,54000,54,grand-est
2732793753,48.688537,6.154955,distributeur_sacs,Nancy,nancy,54395,54000,54,grand-est
4707459188,48.69088,6.154261,distributeur_sacs,Nancy,nancy,54395,54000,54,grand-est
4446147104,48.690643,6.154542,distributeur_sacs,Nancy,nancy,54395,54000,54,grand-est
3463624277,48.692205,6.156145,distributeur_sacs,Nancy,nancy,54395,54000,54,grand-est
4707467907,48.689867,6.149833,distributeur_sacs,Nancy,nancy,54395,54000,54,grand-est
4707467912,48.691356,6.147495,distributeur_sacs,Nancy,nancy,54395,54000,54,grand-est
4446268318,48.692042,6.148658,distributeur_sacs,Nancy,nancy,54395,54000,54,grand-est
3646273511,48.692159,6.146729,distributeur_sacs,Nancy,nancy,54395,54000,54,grand-est
3644525618,48.694481,6.146075,distributeur_sacs,Nancy,nancy,54395,54000,54,grand-est
3644525623,48.695068,6.149858,distributeur_sacs,Nancy,nancy,54395,54000,54,grand-est
2540575278,48.696602,6.146685,distributeur_sacs,Nancy,nancy,54395,54000,54,grand-est
4707234386,48.702669,6.146812,distributeur_sacs,Nancy,nancy,54395,54000,54,grand-est
12039716563,48.698581,6.156907,distributeur_sacs,Nancy,nancy,54395,54000,54,grand-est
4693806808,48.699179,6.162429,distributeur_sacs,Nancy,nancy,54395,54000,54,grand-est
4562256596,48.703444,6.162092,distributeur_sacs,Nancy,nancy,54395,54000,54,grand-est
4707008160,48.705861,6.155764,distributeur_sacs,Nancy,nancy,54395,54000,54,grand-est
2544124681,48.704803,6.149827,distributeur_sacs,Nancy,nancy,54395,54000,54,grand-est
2544124726,48.706368,6.148976,distributeur_sacs,Nancy,nancy,54395,54000,54,grand-est
2525784185,48.700032,6.14235,distributeur_sacs,Nancy,nancy,54395,54000,54,grand-est
4707272228,48.700201,6.138551,distributeur_sacs,Nancy,nancy,54395,54000,54,grand-est
2542012115,48.692942,6.138304,distributeur_sacs,Nancy,nancy,54395,54000,54,grand-est
4707408823,48.695027,6.139016,distributeur_sacs,Nancy,nancy,54395,54000,54,grand-est
4707408822,48.694696,6.141224,distributeur_sacs,Nancy,nancy,54395,54000,54,grand-est
2528196128,48.693143,6.140549,distributeur_sacs,Nancy,nancy,54395,54000,54,grand-est
3644561984,48.692676,6.14156,distributeur_sacs,Nancy,nancy,54395,54000,54,grand-est
2528196111,48.692775,6.143196,distributeur_sacs,Nancy,nancy,54395,54000,54,grand-est
3644561973,48.690251,6.141675,distributeur_sacs,Nancy,nancy,54395,54000,54,grand-est
2542012088,48.690721,6.13885,distributeur_sacs,Nancy,nancy,54395,54000,54,grand-est
4998379587,48.689954,6.139609,distributeur_sacs,Nancy,nancy,54395,54000,54,grand-est
2732688637,48.685511,6.16061,distributeur_sacs,Nancy,nancy,54395,54000,54,grand-est
2625279843,48.683863,6.16181,distributeur_sacs,Nancy,nancy,54395,54000,54,grand-est
2709913358,48.679346,6.161611,distributeur_sacs,Nancy,nancy,54395,54000,54,grand-est
2472821006,48.67466,6.164712,distributeur_sacs,Nancy,nancy,54395,54000,54,grand-est
5054211530,48.675269,6.16447,distributeur_sacs,Nancy,nancy,54395,54000,54,grand-est
2515251401,48.674915,6.172291,distributeur_sacs,Nancy,nancy,54395,54000,54,grand-est
4465186633,48.676491,6.171214,distributeur_sacs,Nancy,nancy,54395,54000,54,grand-est
2456019888,48.677413,6.170566,distributeur_sacs,Nancy,nancy,54395,54000,54,grand-est
2456019896,48.68017,6.169323,distributeur_sacs,Nancy,nancy,54395,54000,54,grand-est
4707429302,48.681203,6.166224,distributeur_sacs,Nancy,nancy,54395,54000,54,grand-est
3023339151,48.683379,6.167094,distributeur_sacs,Nancy,nancy,54395,54000,54,grand-est
2625387480,48.682792,6.163738,distributeur_sacs,Nancy,nancy,54395,54000,54,grand-est
2625279784,48.683582,6.163205,distributeur_sacs,Nancy,nancy,54395,54000,54,grand-est
2625387482,48.684915,6.164482,distributeur_sacs,Nancy,nancy,54395,54000,54,grand-est
2691934642,48.685642,6.166877,distributeur_sacs,Nancy,nancy,54395,54000,54,grand-est
3354434606,48.684688,6.16943,distributeur_sacs,Nancy,nancy,54395,54000,54,grand-est
4329957599,48.685003,6.170864,distributeur_sacs,Nancy,nancy,54395,54000,54,grand-est
4330002721,48.686349,6.170029,distributeur_sacs,Nancy,nancy,54395,54000,54,grand-est
7712960442,48.685431,6.171833,distributeur_sacs,Nancy,nancy,54395,54000,54,grand-est
7136092733,48.681605,6.16899,distributeur_sacs,Nancy,nancy,54395,54000,54,grand-est
7136092698,48.681495,6.171282,distributeur_sacs,Nancy,nancy,54395,54000,54,grand-est
2716169656,48.68184,6.176749,distributeur_sacs,Nancy,nancy,54395,54000,54,grand-est
2545622304,48.681978,6.174137,distributeur_sacs,Nancy,nancy,54395,54000,54,grand-est
2687549329,48.685164,6.173486,distributeur_sacs,Nancy,nancy,54395,54000,54,grand-est
3905066579,48.683775,6.174784,distributeur_sacs,Nancy,nancy,54395,54000,54,grand-est
9162020040,48.683566,6.178501,distributeur_sacs,Nancy,nancy,54395,54000,54,grand-est
2591830356,48.684241,6.180381,distributeur_sacs,Nancy,nancy,54395,54000,54,grand-est
1802120665,48.68475,6.179323,distributeur_sacs,Nancy,nancy,54395,54000,54,grand-est
2591830352,48.6828,6.179515,distributeur_sacs,Nancy,nancy,54395,54000,54,grand-est
3110690703,48.681748,6.179288,distributeur_sacs,Nancy,nancy,54395,54000,54,grand-est
2719495430,48.677642,6.18089,distributeur_sacs,Nancy,nancy,54395,54000,54,grand-est
2634476777,48.680236,6.177749,distributeur_sacs,Nancy,nancy,54395,54000,54,grand-est
2545622302,48.679912,6.172414,distributeur_sacs,Nancy,nancy,54395,54000,54,grand-est
2472821010,48.678933,6.172471,distributeur_sacs,Nancy,nancy,54395,54000,54,grand-est
2456019892,48.677633,6.17313,distributeur_sacs,Nancy,nancy,54395,54000,54,grand-est
2687093985,48.678106,6.175229,distributeur_sacs,Nancy,nancy,54395,54000,54,grand-est
2521247685,48.676398,6.174306,distributeur_sacs,Nancy,nancy,54395,54000,54,grand-est
2591830338,48.676764,6.178329,distributeur_sacs,Nancy,nancy,54395,54000,54,grand-est
4868186224,48.674409,6.17964,distributeur_sacs,Nancy,nancy,54395,54000,54,grand-est
2471524749,48.671824,6.174794,distributeur_sacs,Nancy,nancy,54395,54000,54,grand-est
2456019857,48.672999,6.175702,distributeur_sacs,Nancy,nancy,54395,54000,54,grand-est
2521247671,48.672913,6.176603,distributeur_sacs,Nancy,nancy,54395,54000,54,grand-est
2472821005,48.674057,6.174648,distributeur_sacs,Nancy,nancy,54395,54000,54,grand-est
2456019878,48.673606,6.171636,distributeur_sacs,Nancy,nancy,54395,54000,54,grand-est
4428093995,48.672832,6.170971,distributeur_sacs,Nancy,nancy,54395,54000,54,grand-est
4428093996,48.673091,6.169384,distributeur_sacs,Nancy,nancy,54395,54000,54,grand-est
2456019874,48.673845,6.16696,distributeur_sacs,Nancy,nancy,54395,54000,54,grand-est
2515251396,48.674214,6.163624,distributeur_sacs,Nancy,nancy,54395,54000,54,grand-est
2472821004,48.673475,6.165387,distributeur_sacs,Nancy,nancy,54395,54000,54,grand-est
2724046483,48.670198,6.163409,distributeur_sacs,Nancy,nancy,54395,54000,54,grand-est
5054211533,48.669919,6.163227,distributeur_sacs,Nancy,nancy,54395,54000,54,grand-est
4407058775,48.668993,6.163502,distributeur_sacs,Nancy,nancy,54395,54000,54,grand-est
3294268671,48.668501,6.164149,distributeur_sacs,Nancy,nancy,54395,54000,54,grand-est
2515251371,48.670672,6.168691,distributeur_sacs,Nancy,nancy,54395,54000,54,grand-est
10946617674,48.936362,6.029248,distributeur_sacs,Norroy-lès-Pont-à-Mousson,norroy-les-pont-a-mousson,54403,54700,54,grand-est
10895927276,48.935203,6.02591,distributeur_sacs,Norroy-lès-Pont-à-Mousson,norroy-les-pont-a-mousson,54403,54700,54,grand-est
10895927277,48.937223,6.026637,distributeur_sacs,Norroy-lès-Pont-à-Mousson,norroy-les-pont-a-mousson,54403,54700,54,grand-est
10873243612,48.933743,6.023939,distributeur_sacs,Norroy-lès-Pont-à-Mousson,norroy-les-pont-a-mousson,54403,54700,54,grand-est
6412664022,48.986999,6.013482,distributeur_sacs,Pagny-sur-Moselle,pagny-sur-moselle,54415,54530,54,grand-est
6434314745,48.983335,6.015604,distributeur_sacs,Pagny-sur-Moselle,pagny-sur-moselle,54415,54530,54,grand-est
6434314601,48.980401,6.011095,distributeur_sacs,Pagny-sur-Moselle,pagny-sur-moselle,54415,54530,54,grand-est
6434314607,48.981238,6.012677,distributeur_sacs,Pagny-sur-Moselle,pagny-sur-moselle,54415,54530,54,grand-est
6434314592,48.982981,6.012368,distributeur_sacs,Pagny-sur-Moselle,pagny-sur-moselle,54415,54530,54,grand-est
6434314712,48.979977,6.020364,distributeur_sacs,Pagny-sur-Moselle,pagny-sur-moselle,54415,54530,54,grand-est
6434314741,48.980004,6.023717,distributeur_sacs,Pagny-sur-Moselle,pagny-sur-moselle,54415,54530,54,grand-est
6412664059,48.981943,6.0244,distributeur_sacs,Pagny-sur-Moselle,pagny-sur-moselle,54415,54530,54,grand-est
6391785388,48.982003,6.021009,distributeur_sacs,Pagny-sur-Moselle,pagny-sur-moselle,54415,54530,54,grand-est
6412664025,48.982293,6.01679,distributeur_sacs,Pagny-sur-Moselle,pagny-sur-moselle,54415,54530,54,grand-est
6391785412,48.983685,6.019616,distributeur_sacs,Pagny-sur-Moselle,pagny-sur-moselle,54415,54530,54,grand-est
6389157753,48.985313,6.017573,distributeur_sacs,Pagny-sur-Moselle,pagny-sur-moselle,54415,54530,54,grand-est
6457391761,48.988276,6.023909,distributeur_sacs,Pagny-sur-Moselle,pagny-sur-moselle,54415,54530,54,grand-est
8346274793,48.984731,6.020646,distributeur_sacs,Pagny-sur-Moselle,pagny-sur-moselle,54415,54530,54,grand-est
8346274795,48.98446,6.022595,distributeur_sacs,Pagny-sur-Moselle,pagny-sur-moselle,54415,54530,54,grand-est
6462679339,48.98425,6.021439,distributeur_sacs,Pagny-sur-Moselle,pagny-sur-moselle,54415,54530,54,grand-est
6391785397,48.98314,6.021144,distributeur_sacs,Pagny-sur-Moselle,pagny-sur-moselle,54415,54530,54,grand-est
6276682255,48.983192,6.021777,distributeur_sacs,Pagny-sur-Moselle,pagny-sur-moselle,54415,54530,54,grand-est
6462679353,48.982171,6.026305,distributeur_sacs,Pagny-sur-Moselle,pagny-sur-moselle,54415,54530,54,grand-est
6531392825,48.981532,6.025888,distributeur_sacs,Pagny-sur-Moselle,pagny-sur-moselle,54415,54530,54,grand-est
6536413258,48.977923,6.026685,distributeur_sacs,Pagny-sur-Moselle,pagny-sur-moselle,54415,54530,54,grand-est
6503191540,48.977023,6.030411,distributeur_sacs,Pagny-sur-Moselle,pagny-sur-moselle,54415,54530,54,grand-est
6531392857,48.97625,6.025533,distributeur_sacs,Pagny-sur-Moselle,pagny-sur-moselle,54415,54530,54,grand-est
10965009574,48.909042,6.041204,distributeur_sacs,Pont-à-Mousson,pont-a-mousson,54431,54700,54,grand-est
11071369222,48.90688,6.04863,distributeur_sacs,Pont-à-Mousson,pont-a-mousson,54431,54700,54,grand-est
8758718536,48.908244,6.051287,distributeur_sacs,Pont-à-Mousson,pont-a-mousson,54431,54700,54,grand-est
10727323151,48.904798,6.0534,distributeur_sacs,Pont-à-Mousson,pont-a-mousson,54431,54700,54,grand-est
2522422668,48.904609,6.059594,distributeur_sacs,Pont-à-Mousson,pont-a-mousson,54431,54700,54,grand-est
2522422689,48.907347,6.057805,distributeur_sacs,Pont-à-Mousson,pont-a-mousson,54431,54700,54,grand-est
10120546475,48.906747,6.077165,distributeur_sacs,Pont-à-Mousson,pont-a-mousson,54431,54700,54,grand-est
7101018797,48.901903,6.062635,distributeur_sacs,Pont-à-Mousson,pont-a-mousson,54431,54700,54,grand-est
2522422666,48.904481,6.059098,distributeur_sacs,Pont-à-Mousson,pont-a-mousson,54431,54700,54,grand-est
8758718542,48.904033,6.056268,distributeur_sacs,Pont-à-Mousson,pont-a-mousson,54431,54700,54,grand-est
11264689868,48.899874,6.055579,distributeur_sacs,Pont-à-Mousson,pont-a-mousson,54431,54700,54,grand-est
10965009573,48.903324,6.042552,distributeur_sacs,Pont-à-Mousson,pont-a-mousson,54431,54700,54,grand-est
4474353123,48.710491,6.254713,distributeur_sacs,Pulnoy,pulnoy,54439,54425,54,grand-est
5012912071,48.699687,6.251112,distributeur_sacs,Pulnoy,pulnoy,54439,54425,54,grand-est
5012912076,48.702531,6.250481,distributeur_sacs,Pulnoy,pulnoy,54439,54425,54,grand-est
11148505897,48.600289,6.165173,distributeur_sacs,Richardménil,richardmenil,54459,54630,54,grand-est
13537764615,48.593994,6.337579,poubelle_dejections,Rosières-aux-Salines,rosieres-aux-salines,54462,54110,54,grand-est
13537764622,48.593634,6.332221,poubelle_dejections,Rosières-aux-Salines,rosieres-aux-salines,54462,54110,54,grand-est
2629171266,48.711603,6.20462,distributeur_sacs,Saint-Max,saint-max,54482,54130,54,grand-est
4459318495,48.700686,6.204002,distributeur_sacs,Saint-Max,saint-max,54482,54130,54,grand-est
3202348542,48.70108,6.203646,distributeur_sacs,Saint-Max,saint-max,54482,54130,54,grand-est
2589666649,48.703507,6.204736,distributeur_sacs,Saint-Max,saint-max,54482,54130,54,grand-est
4459318499,48.701467,6.206648,distributeur_sacs,Saint-Max,saint-max,54482,54130,54,grand-est
2475403577,48.699871,6.204605,distributeur_sacs,Saint-Max,saint-max,54482,54130,54,grand-est
4433796515,48.698591,6.207031,distributeur_sacs,Saint-Max,saint-max,54482,54130,54,grand-est
4520868093,48.699548,6.210905,distributeur_sacs,Saint-Max,saint-max,54482,54130,54,grand-est
3140676458,48.699558,6.21451,distributeur_sacs,Saint-Max,saint-max,54482,54130,54,grand-est
4433826985,48.702441,6.214055,distributeur_sacs,Saint-Max,saint-max,54482,54130,54,grand-est
4459318501,48.703735,6.209325,distributeur_sacs,Saint-Max,saint-max,54482,54130,54,grand-est
4434647775,48.70526,6.213052,distributeur_sacs,Saint-Max,saint-max,54482,54130,54,grand-est
2589666682,48.706757,6.206177,distributeur_sacs,Saint-Max,saint-max,54482,54130,54,grand-est
2589444212,48.70581,6.20343,distributeur_sacs,Saint-Max,saint-max,54482,54130,54,grand-est
2475769309,48.703863,6.199276,distributeur_sacs,Saint-Max,saint-max,54482,54130,54,grand-est
4971103250,48.703804,6.195708,distributeur_sacs,Saint-Max,saint-max,54482,54130,54,grand-est
2475639011,48.701591,6.19963,distributeur_sacs,Saint-Max,saint-max,54482,54130,54,grand-est
2216968630,48.791383,6.046303,distributeur_sacs,Saizerais,saizerais,54490,54380,54,grand-est
4474345419,48.71344,6.258934,distributeur_sacs,Seichamps,seichamps,54498,54280,54,grand-est
4474345613,48.714068,6.259192,distributeur_sacs,Seichamps,seichamps,54498,54280,54,grand-est
4474186957,48.715413,6.262649,distributeur_sacs,Seichamps,seichamps,54498,54280,54,grand-est
4472356087,48.712116,6.263006,distributeur_sacs,Seichamps,seichamps,54498,54280,54,grand-est
5630048023,48.697437,6.222173,distributeur_sacs,Tomblaine,tomblaine,54526,54510,54,grand-est
4460124622,48.696094,6.205613,distributeur_sacs,Tomblaine,tomblaine,54526,54510,54,grand-est
8033481984,48.69577,5.895513,distributeur_sacs,Toul,toul,54528,54200,54,grand-est
1762549510,48.691222,5.896052,distributeur_sacs,Toul,toul,54528,54200,54,grand-est
10061225877,48.690712,5.892322,distributeur_sacs,Toul,toul,54528,54200,54,grand-est
2974967472,48.682179,5.887968,distributeur_sacs,Toul,toul,54528,54200,54,grand-est
4311846274,48.680389,5.888601,distributeur_sacs,Toul,toul,54528,54200,54,grand-est
2148810834,48.676893,5.891397,distributeur_sacs,Toul,toul,54528,54200,54,grand-est
2319754343,48.675815,5.888647,distributeur_sacs,Toul,toul,54528,54200,54,grand-est
2169565806,48.67447,5.893568,distributeur_sacs,Toul,toul,54528,54200,54,grand-est
2169565802,48.67383,5.892031,distributeur_sacs,Toul,toul,54528,54200,54,grand-est
2684092216,48.673981,5.88899,distributeur_sacs,Toul,toul,54528,54200,54,grand-est
2790783342,48.673832,5.887983,distributeur_sacs,Toul,toul,54528,54200,54,grand-est
8112644555,48.67045,5.890521,distributeur_sacs,Toul,toul,54528,54200,54,grand-est
11079459985,48.668968,5.882502,distributeur_sacs,Toul,toul,54528,54200,54,grand-est
5973059767,48.671215,5.88347,distributeur_sacs,Toul,toul,54528,54200,54,grand-est
8112567898,48.671903,5.885681,distributeur_sacs,Toul,toul,54528,54200,54,grand-est
6427402612,48.676941,5.88524,distributeur_sacs,Toul,toul,54528,54200,54,grand-est
2790783466,48.677144,5.884363,distributeur_sacs,Toul,toul,54528,54200,54,grand-est
12064740209,48.658434,6.183108,distributeur_sacs,Vandœuvre-lès-Nancy,vandoeuvre-les-nancy,54547,54500,54,grand-est
2695627430,48.660776,6.183392,distributeur_sacs,Vandœuvre-lès-Nancy,vandoeuvre-les-nancy,54547,54500,54,grand-est
3008884468,48.661812,6.185402,distributeur_sacs,Vandœuvre-lès-Nancy,vandoeuvre-les-nancy,54547,54500,54,grand-est
9954220222,48.663761,6.18501,distributeur_sacs,Vandœuvre-lès-Nancy,vandoeuvre-les-nancy,54547,54500,54,grand-est
3009335757,48.663421,6.18611,distributeur_sacs,Vandœuvre-lès-Nancy,vandoeuvre-les-nancy,54547,54500,54,grand-est
7176083865,48.663894,6.183019,distributeur_sacs,Vandœuvre-lès-Nancy,vandoeuvre-les-nancy,54547,54500,54,grand-est
2695627508,48.664667,6.183115,distributeur_sacs,Vandœuvre-lès-Nancy,vandoeuvre-les-nancy,54547,54500,54,grand-est
7176083873,48.664727,6.181815,distributeur_sacs,Vandœuvre-lès-Nancy,vandoeuvre-les-nancy,54547,54500,54,grand-est
4903595008,48.666311,6.181741,distributeur_sacs,Vandœuvre-lès-Nancy,vandoeuvre-les-nancy,54547,54500,54,grand-est
2695627516,48.666158,6.182653,distributeur_sacs,Vandœuvre-lès-Nancy,vandoeuvre-les-nancy,54547,54500,54,grand-est
2695627511,48.665303,6.182937,distributeur_sacs,Vandœuvre-lès-Nancy,vandoeuvre-les-nancy,54547,54500,54,grand-est
10746625384,48.668435,6.183405,distributeur_sacs,Vandœuvre-lès-Nancy,vandoeuvre-les-nancy,54547,54500,54,grand-est
10746625385,48.668432,6.183402,poubelle_dejections,Vandœuvre-lès-Nancy,vandoeuvre-les-nancy,54547,54500,54,grand-est
8875286094,48.67027,6.185364,distributeur_sacs,Vandœuvre-lès-Nancy,vandoeuvre-les-nancy,54547,54500,54,grand-est
4293330959,48.669611,6.186561,distributeur_sacs,Vandœuvre-lès-Nancy,vandoeuvre-les-nancy,54547,54500,54,grand-est
2495272689,48.673702,6.183191,distributeur_sacs,Vandœuvre-lès-Nancy,vandoeuvre-les-nancy,54547,54500,54,grand-est
3400273519,48.675016,6.185059,distributeur_sacs,Vandœuvre-lès-Nancy,vandoeuvre-les-nancy,54547,54500,54,grand-est
4167867602,48.673702,6.181433,distributeur_sacs,Vandœuvre-lès-Nancy,vandoeuvre-les-nancy,54547,54500,54,grand-est
3544036393,48.671347,6.180426,distributeur_sacs,Vandœuvre-lès-Nancy,vandoeuvre-les-nancy,54547,54500,54,grand-est
2494271545,48.670758,6.181452,distributeur_sacs,Vandœuvre-lès-Nancy,vandoeuvre-les-nancy,54547,54500,54,grand-est
2456019844,48.670419,6.178474,distributeur_sacs,Vandœuvre-lès-Nancy,vandoeuvre-les-nancy,54547,54500,54,grand-est
2456019838,48.669196,6.176305,distributeur_sacs,Vandœuvre-lès-Nancy,vandoeuvre-les-nancy,54547,54500,54,grand-est
2456019836,48.669173,6.176241,distributeur_sacs,Vandœuvre-lès-Nancy,vandoeuvre-les-nancy,54547,54500,54,grand-est
2466221637,48.66821,6.172889,distributeur_sacs,Vandœuvre-lès-Nancy,vandoeuvre-les-nancy,54547,54500,54,grand-est
2796757171,48.67076,6.17338,distributeur_sacs,Vandœuvre-lès-Nancy,vandoeuvre-les-nancy,54547,54500,54,grand-est
2463710354,48.667474,6.170044,distributeur_sacs,Vandœuvre-lès-Nancy,vandoeuvre-les-nancy,54547,54500,54,grand-est
7160729265,48.663601,6.174071,distributeur_sacs,Vandœuvre-lès-Nancy,vandoeuvre-les-nancy,54547,54500,54,grand-est
4610240477,48.66308,6.176151,distributeur_sacs,Vandœuvre-lès-Nancy,vandoeuvre-les-nancy,54547,54500,54,grand-est
4577704587,48.667833,6.174344,distributeur_sacs,Vandœuvre-lès-Nancy,vandoeuvre-les-nancy,54547,54500,54,grand-est
7176890013,48.665551,6.175754,distributeur_sacs,Vandœuvre-lès-Nancy,vandoeuvre-les-nancy,54547,54500,54,grand-est
5834534757,48.666541,6.178048,distributeur_sacs,Vandœuvre-lès-Nancy,vandoeuvre-les-nancy,54547,54500,54,grand-est
13417809938,48.666425,6.177559,distributeur_sacs,Vandœuvre-lès-Nancy,vandoeuvre-les-nancy,54547,54500,54,grand-est
7274348569,48.666937,6.177555,distributeur_sacs,Vandœuvre-lès-Nancy,vandoeuvre-les-nancy,54547,54500,54,grand-est
5834534782,48.666582,6.180226,distributeur_sacs,Vandœuvre-lès-Nancy,vandoeuvre-les-nancy,54547,54500,54,grand-est
2782354811,48.65979,6.177427,distributeur_sacs,Vandœuvre-lès-Nancy,vandoeuvre-les-nancy,54547,54500,54,grand-est
2782354902,48.660677,6.176593,distributeur_sacs,Vandœuvre-lès-Nancy,vandoeuvre-les-nancy,54547,54500,54,grand-est
2782214547,48.660862,6.173251,distributeur_sacs,Vandœuvre-lès-Nancy,vandoeuvre-les-nancy,54547,54500,54,grand-est
2782214522,48.659743,6.174722,distributeur_sacs,Vandœuvre-lès-Nancy,vandoeuvre-les-nancy,54547,54500,54,grand-est
4866501182,48.660393,6.175297,distributeur_sacs,Vandœuvre-lès-Nancy,vandoeuvre-les-nancy,54547,54500,54,grand-est
5299497879,48.658413,6.174117,distributeur_sacs,Vandœuvre-lès-Nancy,vandoeuvre-les-nancy,54547,54500,54,grand-est
3052144322,48.656282,6.175822,distributeur_sacs,Vandœuvre-lès-Nancy,vandoeuvre-les-nancy,54547,54500,54,grand-est
2693522682,48.657264,6.177743,distributeur_sacs,Vandœuvre-lès-Nancy,vandoeuvre-les-nancy,54547,54500,54,grand-est
2693522685,48.657299,6.180029,distributeur_sacs,Vandœuvre-lès-Nancy,vandoeuvre-les-nancy,54547,54500,54,grand-est
11401143512,48.65227,6.169944,distributeur_sacs,Vandœuvre-lès-Nancy,vandoeuvre-les-nancy,54547,54500,54,grand-est
4610136294,48.660171,6.172111,distributeur_sacs,Vandœuvre-lès-Nancy,vandoeuvre-les-nancy,54547,54500,54,grand-est
4903781770,48.661327,6.171289,distributeur_sacs,Vandœuvre-lès-Nancy,vandoeuvre-les-nancy,54547,54500,54,grand-est
4411406480,48.660767,6.168899,distributeur_sacs,Vandœuvre-lès-Nancy,vandoeuvre-les-nancy,54547,54500,54,grand-est
12022822456,48.660977,6.167808,distributeur_sacs,Vandœuvre-lès-Nancy,vandoeuvre-les-nancy,54547,54500,54,grand-est
2693035242,48.661916,6.168325,distributeur_sacs,Vandœuvre-lès-Nancy,vandoeuvre-les-nancy,54547,54500,54,grand-est
4557653647,48.661144,6.162633,distributeur_sacs,Vandœuvre-lès-Nancy,vandoeuvre-les-nancy,54547,54500,54,grand-est
4557653648,48.661845,6.161124,distributeur_sacs,Vandœuvre-lès-Nancy,vandoeuvre-les-nancy,54547,54500,54,grand-est
2675935714,48.660533,6.161583,distributeur_sacs,Vandœuvre-lès-Nancy,vandoeuvre-les-nancy,54547,54500,54,grand-est
10980514538,48.656573,6.161553,poubelle_dejections,Vandœuvre-lès-Nancy,vandoeuvre-les-nancy,54547,54500,54,grand-est
7230426494,48.650918,6.156887,distributeur_sacs,Vandœuvre-lès-Nancy,vandoeuvre-les-nancy,54547,54500,54,grand-est
11019989448,48.654386,6.157048,distributeur_sacs,Vandœuvre-lès-Nancy,vandoeuvre-les-nancy,54547,54500,54,grand-est
7230424571,48.64852,6.154169,distributeur_sacs,Vandœuvre-lès-Nancy,vandoeuvre-les-nancy,54547,54500,54,grand-est
12087827817,48.716044,6.020286,distributeur_sacs,Bois-de-Haye,bois-de-haye,54557,54840,54,grand-est
11771835079,48.703494,6.020746,distributeur_sacs,Bois-de-Haye,bois-de-haye,54557,54840,54,grand-est
4033696437,48.486414,6.087025,distributeur_sacs,Vézelise,vezelise,54563,54330,54,grand-est
7126319415,48.672098,6.144403,distributeur_sacs,Villers-lès-Nancy,villers-les-nancy,54578,54600,54,grand-est
7211419714,48.670548,6.143127,distributeur_sacs,Villers-lès-Nancy,villers-les-nancy,54578,54600,54,grand-est
4689366303,48.671098,6.143233,distributeur_sacs,Villers-lès-Nancy,villers-les-nancy,54578,54600,54,grand-est
3042271155,48.669055,6.144528,distributeur_sacs,Villers-lès-Nancy,villers-les-nancy,54578,54600,54,grand-est
3042179466,48.666877,6.140479,distributeur_sacs,Villers-lès-Nancy,villers-les-nancy,54578,54600,54,grand-est
3214773781,48.667905,6.15211,distributeur_sacs,Villers-lès-Nancy,villers-les-nancy,54578,54600,54,grand-est
3214773775,48.66561,6.153365,distributeur_sacs,Villers-lès-Nancy,villers-les-nancy,54578,54600,54,grand-est
7137186182,48.663231,6.15092,distributeur_sacs,Villers-lès-Nancy,villers-les-nancy,54578,54600,54,grand-est
2992549394,48.666481,6.155648,distributeur_sacs,Villers-lès-Nancy,villers-les-nancy,54578,54600,54,grand-est
7191267286,48.665223,6.154729,distributeur_sacs,Villers-lès-Nancy,villers-les-nancy,54578,54600,54,grand-est
2617861854,48.668001,6.155523,distributeur_sacs,Villers-lès-Nancy,villers-les-nancy,54578,54600,54,grand-est
2996376973,48.67004,6.154471,distributeur_sacs,Villers-lès-Nancy,villers-les-nancy,54578,54600,54,grand-est
2493756892,48.671118,6.161862,distributeur_sacs,Villers-lès-Nancy,villers-les-nancy,54578,54600,54,grand-est
5054211532,48.672268,6.159352,distributeur_sacs,Villers-lès-Nancy,villers-les-nancy,54578,54600,54,grand-est
2669431874,48.672639,6.156009,distributeur_sacs,Villers-lès-Nancy,villers-les-nancy,54578,54600,54,grand-est
2669431856,48.672255,6.155099,distributeur_sacs,Villers-lès-Nancy,villers-les-nancy,54578,54600,54,grand-est
5620417952,48.673143,6.154142,distributeur_sacs,Villers-lès-Nancy,villers-les-nancy,54578,54600,54,grand-est
2669431922,48.674123,6.156115,distributeur_sacs,Villers-lès-Nancy,villers-les-nancy,54578,54600,54,grand-est
2669431829,48.671428,6.15356,distributeur_sacs,Villers-lès-Nancy,villers-les-nancy,54578,54600,54,grand-est
7119229641,48.670235,6.152033,distributeur_sacs,Villers-lès-Nancy,villers-les-nancy,54578,54600,54,grand-est
5620429286,48.669202,6.153748,distributeur_sacs,Villers-lès-Nancy,villers-les-nancy,54578,54600,54,grand-est
4475833794,48.669299,6.150006,distributeur_sacs,Villers-lès-Nancy,villers-les-nancy,54578,54600,54,grand-est
7119229643,48.669874,6.151606,distributeur_sacs,Villers-lès-Nancy,villers-les-nancy,54578,54600,54,grand-est
7122094769,48.669321,6.148139,distributeur_sacs,Villers-lès-Nancy,villers-les-nancy,54578,54600,54,grand-est
6736223626,48.669815,6.146565,distributeur_sacs,Villers-lès-Nancy,villers-les-nancy,54578,54600,54,grand-est
6736223606,48.670558,6.146538,distributeur_sacs,Villers-lès-Nancy,villers-les-nancy,54578,54600,54,grand-est
2669431968,48.676518,6.156411,distributeur_sacs,Villers-lès-Nancy,villers-les-nancy,54578,54600,54,grand-est
2669431938,48.674529,6.157606,distributeur_sacs,Villers-lès-Nancy,villers-les-nancy,54578,54600,54,grand-est
7137201783,48.659226,6.140655,distributeur_sacs,Villers-lès-Nancy,villers-les-nancy,54578,54600,54,grand-est
7257549058,48.661577,6.140301,distributeur_sacs,Villers-lès-Nancy,villers-les-nancy,54578,54600,54,grand-est
3041746067,48.655729,6.108259,distributeur_sacs,Villers-lès-Nancy,villers-les-nancy,54578,54600,54,grand-est
3041746082,48.657283,6.111486,distributeur_sacs,Villers-lès-Nancy,villers-les-nancy,54578,54600,54,grand-est
3041746086,48.657398,6.115036,distributeur_sacs,Villers-lès-Nancy,villers-les-nancy,54578,54600,54,grand-est
1509549150,48.730013,5.979643,distributeur_sacs,Villey-Saint-Étienne,villey-saint-etienne,54584,54200,54,grand-est
3871387438,48.72892,5.975859,distributeur_sacs,Villey-Saint-Étienne,villey-saint-etienne,54584,54200,54,grand-est
6848641047,48.766825,5.168153,distributeur_sacs,Bar-le-Duc,bar-le-duc,55029,55000,55,grand-est
6853660082,48.7699,5.169554,distributeur_sacs,Bar-le-Duc,bar-le-duc,55029,55000,55,grand-est
6838018369,48.77055,5.166461,distributeur_sacs,Bar-le-Duc,bar-le-duc,55029,55000,55,grand-est
6845642705,48.769429,5.163994,distributeur_sacs,Bar-le-Duc,bar-le-duc,55029,55000,55,grand-est
6869725266,48.768806,5.1606,distributeur_sacs,Bar-le-Duc,bar-le-duc,55029,55000,55,grand-est
6845642731,48.770948,5.161439,distributeur_sacs,Bar-le-Duc,bar-le-duc,55029,55000,55,grand-est
6869725246,48.769883,5.159327,distributeur_sacs,Bar-le-Duc,bar-le-duc,55029,55000,55,grand-est
6869725226,48.768688,5.158998,distributeur_sacs,Bar-le-Duc,bar-le-duc,55029,55000,55,grand-est
6869725203,48.769394,5.159119,distributeur_sacs,Bar-le-Duc,bar-le-duc,55029,55000,55,grand-est
6869725238,48.768563,5.159488,distributeur_sacs,Bar-le-Duc,bar-le-duc,55029,55000,55,grand-est
6869730988,48.767267,5.159282,distributeur_sacs,Bar-le-Duc,bar-le-duc,55029,55000,55,grand-est
7590107376,48.771711,5.157027,distributeur_sacs,Bar-le-Duc,bar-le-duc,55029,55000,55,grand-est
6845108195,48.771433,5.159697,distributeur_sacs,Bar-le-Duc,bar-le-duc,55029,55000,55,grand-est
6845574230,48.7719,5.160153,distributeur_sacs,Bar-le-Duc,bar-le-duc,55029,55000,55,grand-est
6833254991,48.772478,5.159077,distributeur_sacs,Bar-le-Duc,bar-le-duc,55029,55000,55,grand-est
6834254562,48.773858,5.160109,distributeur_sacs,Bar-le-Duc,bar-le-duc,55029,55000,55,grand-est
6835138612,48.773682,5.158775,distributeur_sacs,Bar-le-Duc,bar-le-duc,55029,55000,55,grand-est
7590107366,48.773496,5.156327,distributeur_sacs,Bar-le-Duc,bar-le-duc,55029,55000,55,grand-est
6844767204,48.774011,5.156771,distributeur_sacs,Bar-le-Duc,bar-le-duc,55029,55000,55,grand-est
6844767209,48.774443,5.157645,distributeur_sacs,Bar-le-Duc,bar-le-duc,55029,55000,55,grand-est
6844767221,48.774422,5.159096,distributeur_sacs,Bar-le-Duc,bar-le-duc,55029,55000,55,grand-est
6861282183,48.776617,5.155504,distributeur_sacs,Bar-le-Duc,bar-le-duc,55029,55000,55,grand-est
6861282116,48.774952,5.154697,distributeur_sacs,Bar-le-Duc,bar-le-duc,55029,55000,55,grand-est
6927803117,48.780605,5.163815,distributeur_sacs,Bar-le-Duc,bar-le-duc,55029,55000,55,grand-est
6925580750,48.783152,5.167218,distributeur_sacs,Bar-le-Duc,bar-le-duc,55029,55000,55,grand-est
6928745265,48.779735,5.168739,distributeur_sacs,Bar-le-Duc,bar-le-duc,55029,55000,55,grand-est
6925739466,48.778809,5.167832,distributeur_sacs,Bar-le-Duc,bar-le-duc,55029,55000,55,grand-est
8492861397,48.774621,5.168899,distributeur_sacs,Bar-le-Duc,bar-le-duc,55029,55000,55,grand-est
6835138614,48.775584,5.160855,distributeur_sacs,Bar-le-Duc,bar-le-duc,55029,55000,55,grand-est
6838268623,48.774495,5.162323,distributeur_sacs,Bar-le-Duc,bar-le-duc,55029,55000,55,grand-est
6831657852,48.775497,5.163854,distributeur_sacs,Bar-le-Duc,bar-le-duc,55029,55000,55,grand-est
6835138642,48.774227,5.162018,distributeur_sacs,Bar-le-Duc,bar-le-duc,55029,55000,55,grand-est
6845574187,48.772787,5.161535,distributeur_sacs,Bar-le-Duc,bar-le-duc,55029,55000,55,grand-est
6835358052,48.771722,5.163545,distributeur_sacs,Bar-le-Duc,bar-le-duc,55029,55000,55,grand-est
6838163208,48.772251,5.164383,distributeur_sacs,Bar-le-Duc,bar-le-duc,55029,55000,55,grand-est
6838692337,48.772383,5.164941,distributeur_sacs,Bar-le-Duc,bar-le-duc,55029,55000,55,grand-est
6820761066,48.774185,5.17415,poubelle_dejections,Bar-le-Duc,bar-le-duc,55029,55000,55,grand-est
6925785430,48.777971,5.171689,distributeur_sacs,Bar-le-Duc,bar-le-duc,55029,55000,55,grand-est
6925580698,48.783106,5.17037,distributeur_sacs,Bar-le-Duc,bar-le-duc,55029,55000,55,grand-est
6821292132,48.770949,5.175328,poubelle_dejections,Bar-le-Duc,bar-le-duc,55029,55000,55,grand-est
6843906798,48.770453,5.173676,distributeur_sacs,Bar-le-Duc,bar-le-duc,55029,55000,55,grand-est
6843906809,48.771166,5.172008,distributeur_sacs,Bar-le-Duc,bar-le-duc,55029,55000,55,grand-est
6936112516,48.792883,5.125125,distributeur_sacs,Fains-Véel,fains-veel,55186,55000,55,grand-est
6935924892,48.791592,5.125225,distributeur_sacs,Fains-Véel,fains-veel,55186,55000,55,grand-est
6935925018,48.790739,5.125889,distributeur_sacs,Fains-Véel,fains-veel,55186,55000,55,grand-est
6935921165,48.789947,5.124496,distributeur_sacs,Fains-Véel,fains-veel,55186,55000,55,grand-est
6935925049,48.786815,5.131357,distributeur_sacs,Fains-Véel,fains-veel,55186,55000,55,grand-est
6936112538,48.791856,5.122906,distributeur_sacs,Fains-Véel,fains-veel,55186,55000,55,grand-est
6936112386,48.794012,5.1205,distributeur_sacs,Fains-Véel,fains-veel,55186,55000,55,grand-est
6936112406,48.797645,5.126272,distributeur_sacs,Fains-Véel,fains-veel,55186,55000,55,grand-est
6936112431,48.795829,5.127476,distributeur_sacs,Fains-Véel,fains-veel,55186,55000,55,grand-est
6940013878,48.765501,5.117364,distributeur_sacs,Fains-Véel,fains-veel,55186,55000,55,grand-est
6940037606,48.769408,5.118152,distributeur_sacs,Fains-Véel,fains-veel,55186,55000,55,grand-est
6940037597,48.770354,5.116623,distributeur_sacs,Fains-Véel,fains-veel,55186,55000,55,grand-est
7203346187,48.684901,5.325058,distributeur_sacs,Ligny-en-Barrois,ligny-en-barrois,55291,55500,55,grand-est
7066373011,48.690732,5.319071,distributeur_sacs,Ligny-en-Barrois,ligny-en-barrois,55291,55500,55,grand-est
7067993173,48.690644,5.322084,distributeur_sacs,Ligny-en-Barrois,ligny-en-barrois,55291,55500,55,grand-est
6943613075,48.740067,5.21042,distributeur_sacs,Longeville-en-Barrois,longeville-en-barrois,55302,55000,55,grand-est
6943613056,48.743939,5.209335,distributeur_sacs,Longeville-en-Barrois,longeville-en-barrois,55302,55000,55,grand-est
6943619042,48.744156,5.206928,distributeur_sacs,Longeville-en-Barrois,longeville-en-barrois,55302,55000,55,grand-est
10289949082,48.720292,5.273712,distributeur_sacs,Tronville-en-Barrois,tronville-en-barrois,55519,55310,55,grand-est
10289949081,48.720294,5.273715,poubelle_dejections,Tronville-en-Barrois,tronville-en-barrois,55519,55310,55,grand-est
6980966713,48.716913,5.278727,distributeur_sacs,Tronville-en-Barrois,tronville-en-barrois,55519,55310,55,grand-est
13065598456,47.502259,-2.375128,distributeur_sacs,Arzal,arzal,56004,56190,56,bretagne
13058563877,47.548458,-2.916721,poubelle_dejections,Arzon,arzon,56005,56640,56,bretagne
13058563873,47.549646,-2.907958,distributeur_sacs,Arzon,arzon,56005,56640,56,bretagne
13058563876,47.548338,-2.915644,distributeur_sacs,Arzon,arzon,56005,56640,56,bretagne
13058563885,47.546014,-2.914086,poubelle_dejections,Arzon,arzon,56005,56640,56,bretagne
13058563880,47.546014,-2.914071,distributeur_sacs,Arzon,arzon,56005,56640,56,bretagne
13058652776,47.543232,-2.892123,distributeur_sacs,Arzon,arzon,56005,56640,56,bretagne
13058652782,47.540435,-2.888619,distributeur_sacs,Arzon,arzon,56005,56640,56,bretagne
13058652796,47.539035,-2.891546,distributeur_sacs,Arzon,arzon,56005,56640,56,bretagne
13058658412,47.536318,-2.87894,distributeur_sacs,Arzon,arzon,56005,56640,56,bretagne
13058658409,47.539003,-2.881832,distributeur_sacs,Arzon,arzon,56005,56640,56,bretagne
13058658407,47.538275,-2.883471,distributeur_sacs,Arzon,arzon,56005,56640,56,bretagne
13058658406,47.538287,-2.88347,poubelle_dejections,Arzon,arzon,56005,56640,56,bretagne
13058658403,47.539809,-2.886012,distributeur_sacs,Arzon,arzon,56005,56640,56,bretagne
13058658404,47.539799,-2.886003,poubelle_dejections,Arzon,arzon,56005,56640,56,bretagne
13058652787,47.540433,-2.886399,distributeur_sacs,Arzon,arzon,56005,56640,56,bretagne
13058652784,47.540821,-2.887586,distributeur_sacs,Arzon,arzon,56005,56640,56,bretagne
13058652785,47.540807,-2.887567,poubelle_dejections,Arzon,arzon,56005,56640,56,bretagne
13058658436,47.549689,-2.886061,distributeur_sacs,Arzon,arzon,56005,56640,56,bretagne
13058658437,47.549683,-2.886093,poubelle_dejections,Arzon,arzon,56005,56640,56,bretagne
13058658430,47.554734,-2.877788,poubelle_dejections,Arzon,arzon,56005,56640,56,bretagne
13058658429,47.554745,-2.877791,distributeur_sacs,Arzon,arzon,56005,56640,56,bretagne
13058563895,47.546621,-2.893669,distributeur_sacs,Arzon,arzon,56005,56640,56,bretagne
13058563863,47.554332,-2.902354,distributeur_sacs,Arzon,arzon,56005,56640,56,bretagne
13058658433,47.560842,-2.876688,distributeur_sacs,Arzon,arzon,56005,56640,56,bretagne
9855490705,47.665282,-2.975857,distributeur_sacs,Auray,auray,56007,56400,56,bretagne
12158102825,47.666094,-2.980071,distributeur_sacs,Auray,auray,56007,56400,56,bretagne
12158102736,47.666819,-2.979653,distributeur_sacs,Auray,auray,56007,56400,56,bretagne
12470709121,47.669977,-2.982555,distributeur_sacs,Auray,auray,56007,56400,56,bretagne
12470706547,47.668555,-2.986218,distributeur_sacs,Auray,auray,56007,56400,56,bretagne
12191284134,47.67409,-2.993586,distributeur_sacs,Auray,auray,56007,56400,56,bretagne
12189068856,47.670654,-2.990671,distributeur_sacs,Auray,auray,56007,56400,56,bretagne
1894217596,47.676293,-2.994851,distributeur_sacs,Auray,auray,56007,56400,56,bretagne
12199320184,47.679725,-2.9992,distributeur_sacs,Auray,auray,56007,56400,56,bretagne
12146272909,47.677791,-3.000861,distributeur_sacs,Auray,auray,56007,56400,56,bretagne
12470683369,47.66581,-2.988957,distributeur_sacs,Auray,auray,56007,56400,56,bretagne
5259783627,47.666741,-2.985303,distributeur_sacs,Auray,auray,56007,56400,56,bretagne
12170274174,47.665992,-2.985164,distributeur_sacs,Auray,auray,56007,56400,56,bretagne
12177407331,47.666428,-2.982104,distributeur_sacs,Auray,auray,56007,56400,56,bretagne
12484373199,47.664011,-2.983892,distributeur_sacs,Auray,auray,56007,56400,56,bretagne
12114471907,47.580446,-3.078449,poubelle_dejections,Carnac,carnac,56034,56340,56,bretagne
10230804056,48.123767,-3.068428,distributeur_sacs,Cléguérec,cleguerec,56041,56480,56,bretagne
9723656416,47.518127,-2.581979,distributeur_sacs,Damgan,damgan,56052,56750,56,bretagne
6652999085,47.652884,-3.20464,distributeur_sacs,Étel,etel,56055,56410,56,bretagne
9103653701,47.654737,-3.202612,distributeur_sacs,Étel,etel,56055,56410,56,bretagne
9103653707,47.656542,-3.205216,distributeur_sacs,Étel,etel,56055,56410,56,bretagne
13413855873,48.029845,-3.491987,poubelle_dejections,Le Faouët,le-faouet,56057,56320,56,bretagne
13021472313,47.805862,-3.283178,distributeur_sacs,Hennebont,hennebont,56083,56700,56,bretagne
13275537957,47.805801,-3.270295,distributeur_sacs,Hennebont,hennebont,56083,56700,56,bretagne
13275478489,47.805807,-3.270311,poubelle_dejections,Hennebont,hennebont,56083,56700,56,bretagne
9508129328,47.769362,-3.344874,distributeur_sacs,Lanester,lanester,56098,56600,56,bretagne
13083731221,47.767868,-3.347688,distributeur_sacs,Lanester,lanester,56098,56600,56,bretagne
13083707791,47.768614,-3.352428,distributeur_sacs,Lanester,lanester,56098,56600,56,bretagne
9508129074,47.763922,-3.353823,distributeur_sacs,Lanester,lanester,56098,56600,56,bretagne
13083737380,47.701787,-3.391205,distributeur_sacs,Larmor-Plage,larmor-plage,56107,56260,56,bretagne
12351521826,47.293969,-3.082372,distributeur_sacs,Locmaria,locmaria,56114,56360,56,bretagne
13083732699,47.748356,-3.363476,distributeur_sacs,Lorient,lorient,56121,56100,56,bretagne
11205422133,47.74125,-3.365896,distributeur_sacs,Lorient,lorient,56121,56100,56,bretagne
12927758098,47.555766,-2.482198,distributeur_sacs,Muzillac,muzillac,56143,56190,56,bretagne
12365404184,47.348159,-3.156869,distributeur_sacs,Le Palais,le-palais,56152,56360,56,bretagne
12364705428,47.34695,-3.155537,distributeur_sacs,Le Palais,le-palais,56152,56360,56,bretagne
12086828893,47.787042,-3.416018,distributeur_sacs,Quéven,queven,56185,56530,56,bretagne
12086828888,47.78582,-3.415728,distributeur_sacs,Quéven,queven,56185,56530,56,bretagne
9485613758,47.787661,-3.415895,distributeur_sacs,Quéven,queven,56185,56530,56,bretagne
12145849495,47.486752,-3.103016,distributeur_sacs,Quiberon,quiberon,56186,56170,56,bretagne
12238714140,47.48501,-3.119028,distributeur_sacs,Quiberon,quiberon,56186,56170,56,bretagne
12456314918,47.483808,-3.119754,distributeur_sacs,Quiberon,quiberon,56186,56170,56,bretagne
1906998497,47.481928,-3.120494,distributeur_sacs,Quiberon,quiberon,56186,56170,56,bretagne
13014017046,47.698714,-2.338871,distributeur_sacs,Rochefort-en-Terre,rochefort-en-terre,56196,56220,56,bretagne
13014017656,47.698913,-2.340118,distributeur_sacs,Rochefort-en-Terre,rochefort-en-terre,56196,56220,56,bretagne
10296616330,47.529749,-3.147585,distributeur_sacs,Saint-Pierre-Quiberon,saint-pierre-quiberon,56234,56510,56,bretagne
12453222797,47.370339,-3.22582,distributeur_sacs,Sauzon,sauzon,56241,56360,56,bretagne
12324076247,47.371303,-3.221346,distributeur_sacs,Sauzon,sauzon,56241,56360,56,bretagne
8972577890,47.610024,-2.680234,poubelle_dejections,Theix-Noyalo,theix-noyalo,56251,56450,56,bretagne
13426961753,47.567917,-3.019957,distributeur_sacs,La Trinité-sur-Mer,la-trinite-sur-mer,56258,56470,56,bretagne
12115432195,47.629123,-2.778431,distributeur_sacs,Vannes,vannes,56260,56000,56,bretagne
11749896095,47.643672,-2.760048,distributeur_sacs,Vannes,vannes,56260,56000,56,bretagne
8967736022,47.656134,-2.764271,distributeur_sacs,Vannes,vannes,56260,56000,56,bretagne
8397657666,47.657495,-2.755181,distributeur_sacs,Vannes,vannes,56260,56000,56,bretagne
8828917432,47.657811,-2.75751,distributeur_sacs,Vannes,vannes,56260,56000,56,bretagne
9736338559,47.659184,-2.757071,distributeur_sacs,Vannes,vannes,56260,56000,56,bretagne
9754012081,47.661049,-2.754511,distributeur_sacs,Vannes,vannes,56260,56000,56,bretagne
9739777795,47.656528,-2.754785,distributeur_sacs,Vannes,vannes,56260,56000,56,bretagne
9317869341,47.656477,-2.754875,distributeur_sacs,Vannes,vannes,56260,56000,56,bretagne
7836400517,47.65829,-2.749849,distributeur_sacs,Vannes,vannes,56260,56000,56,bretagne
8198374732,47.660855,-2.747538,distributeur_sacs,Vannes,vannes,56260,56000,56,bretagne
8198356200,47.659704,-2.749992,distributeur_sacs,Vannes,vannes,56260,56000,56,bretagne
8380035185,47.661737,-2.749241,distributeur_sacs,Vannes,vannes,56260,56000,56,bretagne
8342095460,47.651103,-2.745035,distributeur_sacs,Vannes,vannes,56260,56000,56,bretagne
8342095463,47.65358,-2.746745,distributeur_sacs,Vannes,vannes,56260,56000,56,bretagne
7836401428,47.655802,-2.752086,distributeur_sacs,Vannes,vannes,56260,56000,56,bretagne
12536293160,47.655615,-2.755661,poubelle_dejections,Vannes,vannes,56260,56000,56,bretagne
9737701539,47.655215,-2.75526,distributeur_sacs,Vannes,vannes,56260,56000,56,bretagne
12078790677,47.654713,-2.75734,distributeur_sacs,Vannes,vannes,56260,56000,56,bretagne
8198374791,47.655346,-2.757571,distributeur_sacs,Vannes,vannes,56260,56000,56,bretagne
11749896113,47.653914,-2.758559,distributeur_sacs,Vannes,vannes,56260,56000,56,bretagne
12078790727,47.652666,-2.75766,distributeur_sacs,Vannes,vannes,56260,56000,56,bretagne
12115467858,47.651341,-2.758424,distributeur_sacs,Vannes,vannes,56260,56000,56,bretagne
11749896141,47.650605,-2.75837,distributeur_sacs,Vannes,vannes,56260,56000,56,bretagne
11749896136,47.647223,-2.758172,distributeur_sacs,Vannes,vannes,56260,56000,56,bretagne
8341918687,47.638812,-2.756202,distributeur_sacs,Vannes,vannes,56260,56000,56,bretagne
13526579355,49.219085,6.061273,distributeur_sacs,Amnéville,amneville,57019,57360,57,grand-est
12289355692,49.054573,7.433465,distributeur_sacs,Bitche,bitche,57089,57230,57,grand-est
11063655682,49.039781,7.440586,distributeur_sacs,Bitche,bitche,57089,57230,57,grand-est
11771846242,49.290362,6.535355,distributeur_sacs,Bouzonville,bouzonville,57106,57320,57,grand-est
12982830451,49.033661,6.157506,distributeur_sacs,Coin-lès-Cuvry,coin-les-cuvry,57146,57420,57,grand-est
11966457295,49.092121,6.940816,distributeur_sacs,Diebling,diebling,57176,57980,57,grand-est
11091592612,49.068431,6.965397,distributeur_sacs,Ernestviller,ernestviller,57197,57510,57,grand-est
7711816803,49.31313,6.099544,poubelle_dejections,Fameck,fameck,57206,57290,57,grand-est
12826563239,49.153006,7.030519,distributeur_sacs,Grosbliederstroff,grosbliederstroff,57260,57520,57,grand-est
12826563371,49.153485,7.032515,distributeur_sacs,Grosbliederstroff,grosbliederstroff,57260,57520,57,grand-est
12884910938,49.166309,7.029128,distributeur_sacs,Grosbliederstroff,grosbliederstroff,57260,57520,57,grand-est
11113312666,49.075135,6.943053,distributeur_sacs,Guebenhouse,guebenhouse,57264,57510,57,grand-est
11064528439,49.101897,7.459228,distributeur_sacs,Hanviller,hanviller,57294,57230,57,grand-est
11740828076,49.40752,6.156717,poubelle_dejections,Hettange-Grande,hettange-grande,57323,57330,57,grand-est
5059210943,49.33027,6.180659,distributeur_sacs,Illange,illange,57343,57970,57,grand-est
5059210949,49.32839,6.179709,distributeur_sacs,Illange,illange,57343,57970,57,grand-est
5059210942,49.328161,6.180812,distributeur_sacs,Illange,illange,57343,57970,57,grand-est
5059210948,49.327547,6.177376,distributeur_sacs,Illange,illange,57343,57970,57,grand-est
5059210950,49.328926,6.177044,distributeur_sacs,Illange,illange,57343,57970,57,grand-est
5059210941,49.321128,6.17582,distributeur_sacs,Illange,illange,57343,57970,57,grand-est
5059210946,49.322806,6.176038,distributeur_sacs,Illange,illange,57343,57970,57,grand-est
5059210940,49.323609,6.178526,distributeur_sacs,Illange,illange,57343,57970,57,grand-est
5059210947,49.323978,6.177272,distributeur_sacs,Illange,illange,57343,57970,57,grand-est
5059210945,49.32268,6.178449,distributeur_sacs,Illange,illange,57343,57970,57,grand-est
5059210944,49.32081,6.177647,distributeur_sacs,Illange,illange,57343,57970,57,grand-est
12078024521,49.110675,6.128744,distributeur_sacs,Longeville-lès-Metz,longeville-les-metz,57412,57050,57,grand-est
10102799973,49.117047,6.142088,distributeur_sacs,Longeville-lès-Metz,longeville-les-metz,57412,57050,57,grand-est
10102795536,49.118592,6.141474,distributeur_sacs,Longeville-lès-Metz,longeville-les-metz,57412,57050,57,grand-est
10102799971,49.11727,6.141882,distributeur_sacs,Longeville-lès-Metz,longeville-les-metz,57412,57050,57,grand-est
9574963199,49.117543,6.154296,distributeur_sacs,Longeville-lès-Metz,longeville-les-metz,57412,57050,57,grand-est
9574963202,49.117667,6.150415,distributeur_sacs,Longeville-lès-Metz,longeville-les-metz,57412,57050,57,grand-est
10106185612,49.116148,6.15361,distributeur_sacs,Longeville-lès-Metz,longeville-les-metz,57412,57050,57,grand-est
10106798712,49.113945,6.155411,distributeur_sacs,Longeville-lès-Metz,longeville-les-metz,57412,57050,57,grand-est
10101326595,49.113948,6.154745,distributeur_sacs,Longeville-lès-Metz,longeville-les-metz,57412,57050,57,grand-est
9990889339,49.078874,6.156946,distributeur_sacs,Marly,marly,57447,57155,57,grand-est
9990889343,49.082818,6.153729,distributeur_sacs,Marly,marly,57447,57155,57,grand-est
9966134619,49.063839,6.139038,distributeur_sacs,Marly,marly,57447,57155,57,grand-est
9997048364,49.061293,6.160314,distributeur_sacs,Marly,marly,57447,57155,57,grand-est
9997024963,49.059332,6.156831,distributeur_sacs,Marly,marly,57447,57155,57,grand-est
9992660407,49.06397,6.149596,distributeur_sacs,Marly,marly,57447,57155,57,grand-est
10003113793,49.068651,6.159642,distributeur_sacs,Marly,marly,57447,57155,57,grand-est
9995794423,49.064509,6.167817,distributeur_sacs,Marly,marly,57447,57155,57,grand-est
9995784868,49.06136,6.166525,distributeur_sacs,Marly,marly,57447,57155,57,grand-est
12601996483,49.217553,6.434752,distributeur_sacs,Mégange,megange,57455,57220,57,grand-est
9286556777,49.075343,6.188008,distributeur_sacs,Metz,metz,57463,57000/57050/57070,57,grand-est
9286521394,49.078802,6.189281,distributeur_sacs,Metz,metz,57463,57000/57050/57070,57,grand-est
9286540441,49.079078,6.188588,distributeur_sacs,Metz,metz,57463,57000/57050/57070,57,grand-est
9286625876,49.078402,6.184427,distributeur_sacs,Metz,metz,57463,57000/57050/57070,57,grand-est
8991445349,49.083081,6.182577,distributeur_sacs,Metz,metz,57463,57000/57050/57070,57,grand-est
11818015503,49.09703,6.202894,distributeur_sacs,Metz,metz,57463,57000/57050/57070,57,grand-est
9011007543,49.094739,6.1918,distributeur_sacs,Metz,metz,57463,57000/57050/57070,57,grand-est
8998435368,49.097369,6.187939,distributeur_sacs,Metz,metz,57463,57000/57050/57070,57,grand-est
4364418553,49.126911,6.158977,distributeur_sacs,Metz,metz,57463,57000/57050/57070,57,grand-est
11396249764,49.130227,6.159621,distributeur_sacs,Metz,metz,57463,57000/57050/57070,57,grand-est
12643657238,49.133729,6.155454,distributeur_sacs,Metz,metz,57463,57000/57050/57070,57,grand-est
12643780581,49.131127,6.153288,distributeur_sacs,Metz,metz,57463,57000/57050/57070,57,grand-est
11949430846,49.134572,6.148082,distributeur_sacs,Metz,metz,57463,57000/57050/57070,57,grand-est
12643454101,49.136129,6.152901,distributeur_sacs,Metz,metz,57463,57000/57050/57070,57,grand-est
12633469137,49.133838,6.1576,distributeur_sacs,Metz,metz,57463,57000/57050/57070,57,grand-est
9808243771,49.141789,6.168033,distributeur_sacs,Metz,metz,57463,57000/57050/57070,57,grand-est
10107113667,49.126821,6.167049,distributeur_sacs,Metz,metz,57463,57000/57050/57070,57,grand-est
10106862260,49.124763,6.166262,distributeur_sacs,Metz,metz,57463,57000/57050/57070,57,grand-est
10103449075,49.123575,6.16452,distributeur_sacs,Metz,metz,57463,57000/57050/57070,57,grand-est
9988780010,49.122222,6.16992,distributeur_sacs,Metz,metz,57463,57000/57050/57070,57,grand-est
9988780000,49.123414,6.168719,distributeur_sacs,Metz,metz,57463,57000/57050/57070,57,grand-est
4250244258,49.125255,6.176199,distributeur_sacs,Metz,metz,57463,57000/57050/57070,57,grand-est
7900159102,49.118615,6.17871,distributeur_sacs,Metz,metz,57463,57000/57050/57070,57,grand-est
7900078871,49.118211,6.179213,distributeur_sacs,Metz,metz,57463,57000/57050/57070,57,grand-est
13446210073,49.11571,6.180463,distributeur_sacs,Metz,metz,57463,57000/57050/57070,57,grand-est
9043669920,49.115316,6.180835,distributeur_sacs,Metz,metz,57463,57000/57050/57070,57,grand-est
9043669919,49.115138,6.178974,distributeur_sacs,Metz,metz,57463,57000/57050/57070,57,grand-est
9461084042,49.114073,6.178229,distributeur_sacs,Metz,metz,57463,57000/57050/57070,57,grand-est
9111900398,49.112647,6.177232,distributeur_sacs,Metz,metz,57463,57000/57050/57070,57,grand-est
10119235856,49.112317,6.174989,distributeur_sacs,Metz,metz,57463,57000/57050/57070,57,grand-est
9461193290,49.111595,6.17607,distributeur_sacs,Metz,metz,57463,57000/57050/57070,57,grand-est
11817143122,49.111545,6.175926,distributeur_sacs,Metz,metz,57463,57000/57050/57070,57,grand-est
10852467007,49.110393,6.176674,distributeur_sacs,Metz,metz,57463,57000/57050/57070,57,grand-est
9103899522,49.110412,6.174006,distributeur_sacs,Metz,metz,57463,57000/57050/57070,57,grand-est
10727430897,49.113429,6.173271,distributeur_sacs,Metz,metz,57463,57000/57050/57070,57,grand-est
10554766868,49.11567,6.172019,distributeur_sacs,Metz,metz,57463,57000/57050/57070,57,grand-est
9665807697,49.115664,6.169394,distributeur_sacs,Metz,metz,57463,57000/57050/57070,57,grand-est
4450379459,49.112906,6.170446,distributeur_sacs,Metz,metz,57463,57000/57050/57070,57,grand-est
10051770145,49.116118,6.168223,distributeur_sacs,Metz,metz,57463,57000/57050/57070,57,grand-est
9988718518,49.117281,6.168038,distributeur_sacs,Metz,metz,57463,57000/57050/57070,57,grand-est
9053881332,49.118944,6.171405,distributeur_sacs,Metz,metz,57463,57000/57050/57070,57,grand-est
9037430975,49.10274,6.162995,distributeur_sacs,Metz,metz,57463,57000/57050/57070,57,grand-est
8490414327,49.100024,6.159963,distributeur_sacs,Metz,metz,57463,57000/57050/57070,57,grand-est
9722751149,49.098652,6.163968,distributeur_sacs,Metz,metz,57463,57000/57050/57070,57,grand-est
13184333691,49.098795,6.170469,distributeur_sacs,Metz,metz,57463,57000/57050/57070,57,grand-est
9951521760,49.100331,6.170376,distributeur_sacs,Metz,metz,57463,57000/57050/57070,57,grand-est
9674833888,49.101635,6.169846,distributeur_sacs,Metz,metz,57463,57000/57050/57070,57,grand-est
9579250605,49.103201,6.171986,distributeur_sacs,Metz,metz,57463,57000/57050/57070,57,grand-est
9633796651,49.101364,6.165521,distributeur_sacs,Metz,metz,57463,57000/57050/57070,57,grand-est
9633796652,49.101897,6.165231,distributeur_sacs,Metz,metz,57463,57000/57050/57070,57,grand-est
10856141977,49.101061,6.16458,distributeur_sacs,Metz,metz,57463,57000/57050/57070,57,grand-est
9514520736,49.101299,6.163208,distributeur_sacs,Metz,metz,57463,57000/57050/57070,57,grand-est
9213970842,49.103974,6.165661,distributeur_sacs,Metz,metz,57463,57000/57050/57070,57,grand-est
9487285147,49.10647,6.166041,distributeur_sacs,Metz,metz,57463,57000/57050/57070,57,grand-est
9004986502,49.105301,6.16504,distributeur_sacs,Metz,metz,57463,57000/57050/57070,57,grand-est
9796297202,49.108708,6.167113,distributeur_sacs,Metz,metz,57463,57000/57050/57070,57,grand-est
10162389882,49.108174,6.16748,distributeur_sacs,Metz,metz,57463,57000/57050/57070,57,grand-est
10162359846,49.106712,6.167951,distributeur_sacs,Metz,metz,57463,57000/57050/57070,57,grand-est
10049061864,49.109294,6.171709,distributeur_sacs,Metz,metz,57463,57000/57050/57070,57,grand-est
9851178139,49.106322,6.168334,distributeur_sacs,Metz,metz,57463,57000/57050/57070,57,grand-est
8443002257,49.105103,6.168605,distributeur_sacs,Metz,metz,57463,57000/57050/57070,57,grand-est
9307261739,49.103992,6.169487,distributeur_sacs,Metz,metz,57463,57000/57050/57070,57,grand-est
9307261741,49.103923,6.171776,distributeur_sacs,Metz,metz,57463,57000/57050/57070,57,grand-est
9309436746,49.104816,6.172735,distributeur_sacs,Metz,metz,57463,57000/57050/57070,57,grand-est
9307261740,49.104032,6.173592,distributeur_sacs,Metz,metz,57463,57000/57050/57070,57,grand-est
9210143240,49.105403,6.175584,distributeur_sacs,Metz,metz,57463,57000/57050/57070,57,grand-est
9700994033,49.103557,6.175916,distributeur_sacs,Metz,metz,57463,57000/57050/57070,57,grand-est
9700994027,49.103114,6.174997,distributeur_sacs,Metz,metz,57463,57000/57050/57070,57,grand-est
9700996460,49.102236,6.17372,distributeur_sacs,Metz,metz,57463,57000/57050/57070,57,grand-est
9951498282,49.101423,6.172428,distributeur_sacs,Metz,metz,57463,57000/57050/57070,57,grand-est
9917841587,49.101106,6.181709,distributeur_sacs,Metz,metz,57463,57000/57050/57070,57,grand-est
9253238236,49.101753,6.184791,distributeur_sacs,Metz,metz,57463,57000/57050/57070,57,grand-est
8991448274,49.100629,6.187091,distributeur_sacs,Metz,metz,57463,57000/57050/57070,57,grand-est
8974952616,49.10907,6.196714,distributeur_sacs,Metz,metz,57463,57000/57050/57070,57,grand-est
8998478654,49.107017,6.192314,distributeur_sacs,Metz,metz,57463,57000/57050/57070,57,grand-est
9138844729,49.108779,6.192743,distributeur_sacs,Metz,metz,57463,57000/57050/57070,57,grand-est
8954871259,49.106234,6.186362,distributeur_sacs,Metz,metz,57463,57000/57050/57070,57,grand-est
8964282317,49.1074,6.183719,distributeur_sacs,Metz,metz,57463,57000/57050/57070,57,grand-est
8939565465,49.109891,6.185122,distributeur_sacs,Metz,metz,57463,57000/57050/57070,57,grand-est
9118617588,49.110127,6.188607,distributeur_sacs,Metz,metz,57463,57000/57050/57070,57,grand-est
8956755464,49.111391,6.18845,distributeur_sacs,Metz,metz,57463,57000/57050/57070,57,grand-est
8956720547,49.112253,6.186842,distributeur_sacs,Metz,metz,57463,57000/57050/57070,57,grand-est
4456638465,49.115738,6.182064,distributeur_sacs,Metz,metz,57463,57000/57050/57070,57,grand-est
11891033731,49.119569,6.18618,distributeur_sacs,Metz,metz,57463,57000/57050/57070,57,grand-est
11891033734,49.118525,6.186132,distributeur_sacs,Metz,metz,57463,57000/57050/57070,57,grand-est
11891033733,49.117837,6.186175,distributeur_sacs,Metz,metz,57463,57000/57050/57070,57,grand-est
8939565464,49.114049,6.198369,distributeur_sacs,Metz,metz,57463,57000/57050/57070,57,grand-est
9017457452,49.114851,6.196125,distributeur_sacs,Metz,metz,57463,57000/57050/57070,57,grand-est
8956533129,49.113169,6.192375,distributeur_sacs,Metz,metz,57463,57000/57050/57070,57,grand-est
8929032554,49.110581,6.192679,distributeur_sacs,Metz,metz,57463,57000/57050/57070,57,grand-est
8909973547,49.111795,6.196351,distributeur_sacs,Metz,metz,57463,57000/57050/57070,57,grand-est
9227710143,49.110453,6.200879,distributeur_sacs,Metz,metz,57463,57000/57050/57070,57,grand-est
8911822423,49.111944,6.20218,distributeur_sacs,Metz,metz,57463,57000/57050/57070,57,grand-est
9248738941,49.115246,6.204944,distributeur_sacs,Metz,metz,57463,57000/57050/57070,57,grand-est
8911751480,49.113413,6.202988,distributeur_sacs,Metz,metz,57463,57000/57050/57070,57,grand-est
9053026201,49.111407,6.210144,distributeur_sacs,Metz,metz,57463,57000/57050/57070,57,grand-est
13132897237,49.113113,6.222957,distributeur_sacs,Metz,metz,57463,57000/57050/57070,57,grand-est
10798114074,49.093823,6.958668,distributeur_sacs,Metzing,metzing,57466,57980,57,grand-est
9982962286,49.09402,6.166266,distributeur_sacs,Montigny-lès-Metz,montigny-les-metz,57480,57950,57,grand-est
9982034209,49.091668,6.169806,distributeur_sacs,Montigny-lès-Metz,montigny-les-metz,57480,57950,57,grand-est
9982962281,49.093211,6.167742,distributeur_sacs,Montigny-lès-Metz,montigny-les-metz,57480,57950,57,grand-est
12709595442,49.093967,6.167973,distributeur_sacs,Montigny-lès-Metz,montigny-les-metz,57480,57950,57,grand-est
9982056133,49.088801,6.169775,distributeur_sacs,Montigny-lès-Metz,montigny-les-metz,57480,57950,57,grand-est
9984119573,49.088824,6.163156,distributeur_sacs,Montigny-lès-Metz,montigny-les-metz,57480,57950,57,grand-est
9990832309,49.089111,6.166465,distributeur_sacs,Montigny-lès-Metz,montigny-les-metz,57480,57950,57,grand-est
9983314452,49.087658,6.168536,distributeur_sacs,Montigny-lès-Metz,montigny-les-metz,57480,57950,57,grand-est
10002810996,49.09005,6.150789,distributeur_sacs,Montigny-lès-Metz,montigny-les-metz,57480,57950,57,grand-est
10002811008,49.089459,6.151738,distributeur_sacs,Montigny-lès-Metz,montigny-les-metz,57480,57950,57,grand-est
9990831990,49.086063,6.159595,distributeur_sacs,Montigny-lès-Metz,montigny-les-metz,57480,57950,57,grand-est
9985517594,49.086857,6.159548,distributeur_sacs,Montigny-lès-Metz,montigny-les-metz,57480,57950,57,grand-est
9982254926,49.08575,6.161327,distributeur_sacs,Montigny-lès-Metz,montigny-les-metz,57480,57950,57,grand-est
9990831998,49.086477,6.162025,distributeur_sacs,Montigny-lès-Metz,montigny-les-metz,57480,57950,57,grand-est
9984176544,49.087429,6.163042,distributeur_sacs,Montigny-lès-Metz,montigny-les-metz,57480,57950,57,grand-est
9984119610,49.089461,6.16014,distributeur_sacs,Montigny-lès-Metz,montigny-les-metz,57480,57950,57,grand-est
9984119587,49.08921,6.160996,distributeur_sacs,Montigny-lès-Metz,montigny-les-metz,57480,57950,57,grand-est
9550444514,49.090475,6.15407,distributeur_sacs,Montigny-lès-Metz,montigny-les-metz,57480,57950,57,grand-est
9991487393,49.092174,6.161663,distributeur_sacs,Montigny-lès-Metz,montigny-les-metz,57480,57950,57,grand-est
9991013115,49.096844,6.156901,distributeur_sacs,Montigny-lès-Metz,montigny-les-metz,57480,57950,57,grand-est
13125209279,49.096831,6.154706,distributeur_sacs,Montigny-lès-Metz,montigny-les-metz,57480,57950,57,grand-est
13125209280,49.097295,6.153632,distributeur_sacs,Montigny-lès-Metz,montigny-les-metz,57480,57950,57,grand-est
9983355165,49.093437,6.151273,distributeur_sacs,Montigny-lès-Metz,montigny-les-metz,57480,57950,57,grand-est
9775295944,49.096798,6.141997,distributeur_sacs,Montigny-lès-Metz,montigny-les-metz,57480,57950,57,grand-est
9705861940,49.096085,6.136908,distributeur_sacs,Montigny-lès-Metz,montigny-les-metz,57480,57950,57,grand-est
9920808736,49.095432,6.138536,distributeur_sacs,Montigny-lès-Metz,montigny-les-metz,57480,57950,57,grand-est
11165658312,49.102872,6.129338,distributeur_sacs,Montigny-lès-Metz,montigny-les-metz,57480,57950,57,grand-est
9985976242,49.09965,6.134064,distributeur_sacs,Montigny-lès-Metz,montigny-les-metz,57480,57950,57,grand-est
9705426671,49.099674,6.141917,distributeur_sacs,Montigny-lès-Metz,montigny-les-metz,57480,57950,57,grand-est
9705426659,49.101653,6.141091,distributeur_sacs,Montigny-lès-Metz,montigny-les-metz,57480,57950,57,grand-est
10915723129,49.102647,6.140713,distributeur_sacs,Montigny-lès-Metz,montigny-les-metz,57480,57950,57,grand-est
9703339571,49.101315,6.135769,distributeur_sacs,Montigny-lès-Metz,montigny-les-metz,57480,57950,57,grand-est
9439738671,49.10697,6.159266,distributeur_sacs,Montigny-lès-Metz,montigny-les-metz,57480,57950,57,grand-est
9437652065,49.105132,6.160681,distributeur_sacs,Montigny-lès-Metz,montigny-les-metz,57480,57950,57,grand-est
9439738672,49.105837,6.159493,distributeur_sacs,Montigny-lès-Metz,montigny-les-metz,57480,57950,57,grand-est
6533417427,49.103781,6.158313,distributeur_sacs,Montigny-lès-Metz,montigny-les-metz,57480,57950,57,grand-est
11708837699,49.104868,6.155099,distributeur_sacs,Montigny-lès-Metz,montigny-les-metz,57480,57950,57,grand-est
9439701227,49.104365,6.147079,distributeur_sacs,Montigny-lès-Metz,montigny-les-metz,57480,57950,57,grand-est
12802919624,49.104656,6.148896,distributeur_sacs,Montigny-lès-Metz,montigny-les-metz,57480,57950,57,grand-est
9439689712,49.10511,6.14992,distributeur_sacs,Montigny-lès-Metz,montigny-les-metz,57480,57950,57,grand-est
9724407099,49.104496,6.150396,distributeur_sacs,Montigny-lès-Metz,montigny-les-metz,57480,57950,57,grand-est
9486407852,49.1057,6.153734,distributeur_sacs,Montigny-lès-Metz,montigny-les-metz,57480,57950,57,grand-est
9961223730,49.104545,6.152383,distributeur_sacs,Montigny-lès-Metz,montigny-les-metz,57480,57950,57,grand-est
9913170559,49.103469,6.15294,distributeur_sacs,Montigny-lès-Metz,montigny-les-metz,57480,57950,57,grand-est
9705442834,49.101533,6.149333,distributeur_sacs,Montigny-lès-Metz,montigny-les-metz,57480,57950,57,grand-est
9783822774,49.103383,6.147342,distributeur_sacs,Montigny-lès-Metz,montigny-les-metz,57480,57950,57,grand-est
10893813848,49.101638,6.147532,distributeur_sacs,Montigny-lès-Metz,montigny-les-metz,57480,57950,57,grand-est
12771733883,49.099815,6.148774,distributeur_sacs,Montigny-lès-Metz,montigny-les-metz,57480,57950,57,grand-est
12771733886,49.099464,6.148022,distributeur_sacs,Montigny-lès-Metz,montigny-les-metz,57480,57950,57,grand-est
12771622099,49.09933,6.147807,distributeur_sacs,Montigny-lès-Metz,montigny-les-metz,57480,57950,57,grand-est
4595587289,49.098397,6.147969,distributeur_sacs,Montigny-lès-Metz,montigny-les-metz,57480,57950,57,grand-est
12771733879,49.100262,6.15021,distributeur_sacs,Montigny-lès-Metz,montigny-les-metz,57480,57950,57,grand-est
10019127388,49.100279,6.153015,distributeur_sacs,Montigny-lès-Metz,montigny-les-metz,57480,57950,57,grand-est
10019164538,49.100684,6.153206,distributeur_sacs,Montigny-lès-Metz,montigny-les-metz,57480,57950,57,grand-est
10016732285,49.098966,6.157097,distributeur_sacs,Montigny-lès-Metz,montigny-les-metz,57480,57950,57,grand-est
9922096313,49.100668,6.156733,distributeur_sacs,Montigny-lès-Metz,montigny-les-metz,57480,57950,57,grand-est
9445137506,49.100654,6.154356,distributeur_sacs,Montigny-lès-Metz,montigny-les-metz,57480,57950,57,grand-est
9995449565,49.101072,6.156082,distributeur_sacs,Montigny-lès-Metz,montigny-les-metz,57480,57950,57,grand-est
12791691576,49.101465,6.153929,distributeur_sacs,Montigny-lès-Metz,montigny-les-metz,57480,57950,57,grand-est
9991269650,49.102316,6.156282,distributeur_sacs,Montigny-lès-Metz,montigny-les-metz,57480,57950,57,grand-est
6534083275,49.102829,6.15728,distributeur_sacs,Montigny-lès-Metz,montigny-les-metz,57480,57950,57,grand-est
5054110414,49.103455,6.156366,distributeur_sacs,Montigny-lès-Metz,montigny-les-metz,57480,57950,57,grand-est
9527778526,49.102294,6.158823,distributeur_sacs,Montigny-lès-Metz,montigny-les-metz,57480,57950,57,grand-est
9583622009,49.095144,6.121965,distributeur_sacs,Moulins-lès-Metz,moulins-les-metz,57487,57160,57,grand-est
10298551424,49.076261,6.229499,distributeur_sacs,Peltre,peltre,57534,57245,57,grand-est
13529646613,49.188822,6.038559,distributeur_sacs,Saint-Privat-la-Montagne,saint-privat-la-montagne,57622,57855,57,grand-est
13536654292,49.183721,6.044958,distributeur_sacs,Saint-Privat-la-Montagne,saint-privat-la-montagne,57622,57855,57,grand-est
12170549458,48.735051,7.052808,distributeur_sacs,Sarrebourg,sarrebourg,57630,57400,57,grand-est
12170482198,48.734507,7.056308,distributeur_sacs,Sarrebourg,sarrebourg,57630,57400,57,grand-est
11750229231,49.116049,7.070412,distributeur_sacs,Sarreguemines,sarreguemines,57631,57200,57,grand-est
12077868741,49.110283,6.12853,distributeur_sacs,Scy-Chazelles,scy-chazelles,57642,57160,57,grand-est
2300065967,49.369585,6.140898,distributeur_sacs,Thionville,thionville,57672,57100,57,grand-est
2300065941,49.365211,6.143837,distributeur_sacs,Thionville,thionville,57672,57100,57,grand-est
10984740925,49.082932,7.169159,distributeur_sacs,Wiesviller,wiesviller,57745,57200,57,grand-est
10984740926,49.087719,7.174148,distributeur_sacs,Wœlfling-lès-Sarreguemines,woelfling-les-sarreguemines,57750,57200,57,grand-est
11966407402,49.072512,6.995386,distributeur_sacs,Woustviller,woustviller,57752,57915,57,grand-est
11035538305,49.070349,6.985845,distributeur_sacs,Woustviller,woustviller,57752,57915,57,grand-est
11119810670,47.177288,3.011633,distributeur_sacs,La Charité-sur-Loire,la-charite-sur-loire,58059,58400,58,bourgogne-franche-comte
13033759198,47.177643,3.015669,distributeur_sacs,La Charité-sur-Loire,la-charite-sur-loire,58059,58400,58,bourgogne-franche-comte
11115988613,47.175102,3.017546,distributeur_sacs,La Charité-sur-Loire,la-charite-sur-loire,58059,58400,58,bourgogne-franche-comte
11119818626,47.176392,3.018901,distributeur_sacs,La Charité-sur-Loire,la-charite-sur-loire,58059,58400,58,bourgogne-franche-comte
11128593494,47.177146,3.018384,distributeur_sacs,La Charité-sur-Loire,la-charite-sur-loire,58059,58400,58,bourgogne-franche-comte
11712086433,47.257053,3.68537,distributeur_sacs,Corbigny,corbigny,58083,58800,58,bourgogne-franche-comte
11712086462,47.254247,3.679707,distributeur_sacs,Corbigny,corbigny,58083,58800,58,bourgogne-franche-comte
12360180120,47.436004,3.584843,distributeur_sacs,Dornecy,dornecy,58103,58530,58,bourgogne-franche-comte
10963641056,50.53774,2.948231,distributeur_sacs,Allennes-les-Marais,allennes-les-marais,59005,59251,59,hauts-de-france
11826549323,50.535987,2.953619,distributeur_sacs,Allennes-les-Marais,allennes-les-marais,59005,59251,59,hauts-de-france
11412821971,50.538853,2.955783,distributeur_sacs,Allennes-les-Marais,allennes-les-marais,59005,59251,59,hauts-de-france
8604316393,50.610251,3.168589,distributeur_sacs,Villeneuve-d'Ascq,villeneuve-dascq,59009,59491/59493/59650,59,hauts-de-france
9106452679,50.610253,3.168581,poubelle_dejections,Villeneuve-d'Ascq,villeneuve-dascq,59009,59491/59493/59650,59,hauts-de-france
8867089359,50.606415,3.162095,poubelle_dejections,Villeneuve-d'Ascq,villeneuve-dascq,59009,59491/59493/59650,59,hauts-de-france
7487639452,50.606419,3.16209,distributeur_sacs,Villeneuve-d'Ascq,villeneuve-dascq,59009,59491/59493/59650,59,hauts-de-france
7475254778,50.607345,3.160802,distributeur_sacs,Villeneuve-d'Ascq,villeneuve-dascq,59009,59491/59493/59650,59,hauts-de-france
7475254869,50.608534,3.161897,distributeur_sacs,Villeneuve-d'Ascq,villeneuve-dascq,59009,59491/59493/59650,59,hauts-de-france
9384580740,50.615298,3.147431,distributeur_sacs,Villeneuve-d'Ascq,villeneuve-dascq,59009,59491/59493/59650,59,hauts-de-france
10658856223,50.614488,3.147606,distributeur_sacs,Villeneuve-d'Ascq,villeneuve-dascq,59009,59491/59493/59650,59,hauts-de-france
10925314706,50.621249,3.126728,distributeur_sacs,Villeneuve-d'Ascq,villeneuve-dascq,59009,59491/59493/59650,59,hauts-de-france
10925314705,50.621372,3.127461,distributeur_sacs,Villeneuve-d'Ascq,villeneuve-dascq,59009,59491/59493/59650,59,hauts-de-france
10269000701,50.618592,3.13366,distributeur_sacs,Villeneuve-d'Ascq,villeneuve-dascq,59009,59491/59493/59650,59,hauts-de-france
10269000700,50.618496,3.132826,distributeur_sacs,Villeneuve-d'Ascq,villeneuve-dascq,59009,59491/59493/59650,59,hauts-de-france
9419726195,50.61927,3.131533,distributeur_sacs,Villeneuve-d'Ascq,villeneuve-dascq,59009,59491/59493/59650,59,hauts-de-france
6769836673,50.620015,3.128698,distributeur_sacs,Villeneuve-d'Ascq,villeneuve-dascq,59009,59491/59493/59650,59,hauts-de-france
10925310704,50.622,3.128377,distributeur_sacs,Villeneuve-d'Ascq,villeneuve-dascq,59009,59491/59493/59650,59,hauts-de-france
10925314708,50.623726,3.129139,distributeur_sacs,Villeneuve-d'Ascq,villeneuve-dascq,59009,59491/59493/59650,59,hauts-de-france
10925314707,50.623029,3.128226,distributeur_sacs,Villeneuve-d'Ascq,villeneuve-dascq,59009,59491/59493/59650,59,hauts-de-france
6771031063,50.621636,3.139036,distributeur_sacs,Villeneuve-d'Ascq,villeneuve-dascq,59009,59491/59493/59650,59,hauts-de-france
7873208130,50.623566,3.138547,distributeur_sacs,Villeneuve-d'Ascq,villeneuve-dascq,59009,59491/59493/59650,59,hauts-de-france
10705329969,50.625554,3.14522,distributeur_sacs,Villeneuve-d'Ascq,villeneuve-dascq,59009,59491/59493/59650,59,hauts-de-france
7873208013,50.624142,3.143836,distributeur_sacs,Villeneuve-d'Ascq,villeneuve-dascq,59009,59491/59493/59650,59,hauts-de-france
6852592692,50.623335,3.141864,poubelle_dejections,Villeneuve-d'Ascq,villeneuve-dascq,59009,59491/59493/59650,59,hauts-de-france
9044430971,50.622128,3.145611,distributeur_sacs,Villeneuve-d'Ascq,villeneuve-dascq,59009,59491/59493/59650,59,hauts-de-france
9044430976,50.621506,3.145295,distributeur_sacs,Villeneuve-d'Ascq,villeneuve-dascq,59009,59491/59493/59650,59,hauts-de-france
9404130790,50.62038,3.137974,distributeur_sacs,Villeneuve-d'Ascq,villeneuve-dascq,59009,59491/59493/59650,59,hauts-de-france
10269000703,50.618955,3.137133,distributeur_sacs,Villeneuve-d'Ascq,villeneuve-dascq,59009,59491/59493/59650,59,hauts-de-france
6779915158,50.619589,3.140451,distributeur_sacs,Villeneuve-d'Ascq,villeneuve-dascq,59009,59491/59493/59650,59,hauts-de-france
9384511436,50.61798,3.138782,distributeur_sacs,Villeneuve-d'Ascq,villeneuve-dascq,59009,59491/59493/59650,59,hauts-de-france
10269045210,50.616724,3.137854,distributeur_sacs,Villeneuve-d'Ascq,villeneuve-dascq,59009,59491/59493/59650,59,hauts-de-france
10269045209,50.615922,3.137892,distributeur_sacs,Villeneuve-d'Ascq,villeneuve-dascq,59009,59491/59493/59650,59,hauts-de-france
10752238823,50.621533,3.147072,distributeur_sacs,Villeneuve-d'Ascq,villeneuve-dascq,59009,59491/59493/59650,59,hauts-de-france
10752238822,50.621022,3.146523,distributeur_sacs,Villeneuve-d'Ascq,villeneuve-dascq,59009,59491/59493/59650,59,hauts-de-france
7986337556,50.618308,3.153672,distributeur_sacs,Villeneuve-d'Ascq,villeneuve-dascq,59009,59491/59493/59650,59,hauts-de-france
9142900155,50.618307,3.153679,poubelle_dejections,Villeneuve-d'Ascq,villeneuve-dascq,59009,59491/59493/59650,59,hauts-de-france
9421891688,50.616967,3.158627,distributeur_sacs,Villeneuve-d'Ascq,villeneuve-dascq,59009,59491/59493/59650,59,hauts-de-france
9421891689,50.618628,3.160902,distributeur_sacs,Villeneuve-d'Ascq,villeneuve-dascq,59009,59491/59493/59650,59,hauts-de-france
10658856224,50.619739,3.162966,distributeur_sacs,Villeneuve-d'Ascq,villeneuve-dascq,59009,59491/59493/59650,59,hauts-de-france
7873208096,50.619905,3.156589,distributeur_sacs,Villeneuve-d'Ascq,villeneuve-dascq,59009,59491/59493/59650,59,hauts-de-france
9064984173,50.619897,3.156586,poubelle_dejections,Villeneuve-d'Ascq,villeneuve-dascq,59009,59491/59493/59650,59,hauts-de-france
7986337558,50.623857,3.150482,distributeur_sacs,Villeneuve-d'Ascq,villeneuve-dascq,59009,59491/59493/59650,59,hauts-de-france
10752238898,50.622086,3.148564,distributeur_sacs,Villeneuve-d'Ascq,villeneuve-dascq,59009,59491/59493/59650,59,hauts-de-france
6770873128,50.625605,3.147808,poubelle_dejections,Villeneuve-d'Ascq,villeneuve-dascq,59009,59491/59493/59650,59,hauts-de-france
6770873139,50.625949,3.149021,poubelle_dejections,Villeneuve-d'Ascq,villeneuve-dascq,59009,59491/59493/59650,59,hauts-de-france
10705329966,50.629307,3.142766,distributeur_sacs,Villeneuve-d'Ascq,villeneuve-dascq,59009,59491/59493/59650,59,hauts-de-france
7795582172,50.632287,3.134494,distributeur_sacs,Villeneuve-d'Ascq,villeneuve-dascq,59009,59491/59493/59650,59,hauts-de-france
7779770476,50.635047,3.12867,distributeur_sacs,Villeneuve-d'Ascq,villeneuve-dascq,59009,59491/59493/59650,59,hauts-de-france
7779770554,50.636374,3.129136,distributeur_sacs,Villeneuve-d'Ascq,villeneuve-dascq,59009,59491/59493/59650,59,hauts-de-france
7779770627,50.639174,3.129157,distributeur_sacs,Villeneuve-d'Ascq,villeneuve-dascq,59009,59491/59493/59650,59,hauts-de-france
10677549007,50.642572,3.15202,distributeur_sacs,Villeneuve-d'Ascq,villeneuve-dascq,59009,59491/59493/59650,59,hauts-de-france
11173663509,50.643895,3.150928,distributeur_sacs,Villeneuve-d'Ascq,villeneuve-dascq,59009,59491/59493/59650,59,hauts-de-france
10677549086,50.642683,3.152914,distributeur_sacs,Villeneuve-d'Ascq,villeneuve-dascq,59009,59491/59493/59650,59,hauts-de-france
10677549172,50.641007,3.154578,distributeur_sacs,Villeneuve-d'Ascq,villeneuve-dascq,59009,59491/59493/59650,59,hauts-de-france
10677652067,50.63994,3.152551,distributeur_sacs,Villeneuve-d'Ascq,villeneuve-dascq,59009,59491/59493/59650,59,hauts-de-france
10677549131,50.641074,3.156157,distributeur_sacs,Villeneuve-d'Ascq,villeneuve-dascq,59009,59491/59493/59650,59,hauts-de-france
7729768509,50.640043,3.158025,distributeur_sacs,Villeneuve-d'Ascq,villeneuve-dascq,59009,59491/59493/59650,59,hauts-de-france
10677549102,50.643482,3.155161,distributeur_sacs,Villeneuve-d'Ascq,villeneuve-dascq,59009,59491/59493/59650,59,hauts-de-france
11173666022,50.646737,3.1516,distributeur_sacs,Villeneuve-d'Ascq,villeneuve-dascq,59009,59491/59493/59650,59,hauts-de-france
11173666023,50.646287,3.150497,distributeur_sacs,Villeneuve-d'Ascq,villeneuve-dascq,59009,59491/59493/59650,59,hauts-de-france
7926684132,50.65542,3.146474,distributeur_sacs,Villeneuve-d'Ascq,villeneuve-dascq,59009,59491/59493/59650,59,hauts-de-france
10912589733,50.657141,3.147284,distributeur_sacs,Villeneuve-d'Ascq,villeneuve-dascq,59009,59491/59493/59650,59,hauts-de-france
7647804458,50.653689,3.141462,distributeur_sacs,Villeneuve-d'Ascq,villeneuve-dascq,59009,59491/59493/59650,59,hauts-de-france
7647804437,50.656154,3.138236,distributeur_sacs,Villeneuve-d'Ascq,villeneuve-dascq,59009,59491/59493/59650,59,hauts-de-france
10744486655,50.643566,3.165097,distributeur_sacs,Villeneuve-d'Ascq,villeneuve-dascq,59009,59491/59493/59650,59,hauts-de-france
10744486695,50.642908,3.166122,distributeur_sacs,Villeneuve-d'Ascq,villeneuve-dascq,59009,59491/59493/59650,59,hauts-de-france
10164107815,50.621682,3.168021,distributeur_sacs,Villeneuve-d'Ascq,villeneuve-dascq,59009,59491/59493/59650,59,hauts-de-france
9177233630,50.618629,3.171775,distributeur_sacs,Villeneuve-d'Ascq,villeneuve-dascq,59009,59491/59493/59650,59,hauts-de-france
7805557979,50.618813,3.1649,distributeur_sacs,Villeneuve-d'Ascq,villeneuve-dascq,59009,59491/59493/59650,59,hauts-de-france
9064984168,50.618904,3.168528,poubelle_dejections,Villeneuve-d'Ascq,villeneuve-dascq,59009,59491/59493/59650,59,hauts-de-france
9064984160,50.618895,3.16854,distributeur_sacs,Villeneuve-d'Ascq,villeneuve-dascq,59009,59491/59493/59650,59,hauts-de-france
11179620602,50.532795,2.928054,distributeur_sacs,Annœullin,annoeullin,59011,59112,59,hauts-de-france
10819057725,50.5361,2.934912,distributeur_sacs,Annœullin,annoeullin,59011,59112,59,hauts-de-france
13446564557,50.36838,3.502373,distributeur_sacs,Anzin,anzin,59014,59410,59,hauts-de-france
8264511717,50.680662,2.885377,poubelle_dejections,Armentières,armentieres,59017,59280,59,hauts-de-france
13314231455,50.183618,3.242955,distributeur_sacs,Cambrai,cambrai,59122,59400,59,hauts-de-france
13306781776,50.169352,3.243532,distributeur_sacs,Cambrai,cambrai,59122,59400,59,hauts-de-france
13568309639,50.163365,3.243036,distributeur_sacs,Cambrai,cambrai,59122,59400,59,hauts-de-france
13408706166,50.16754,3.237326,distributeur_sacs,Cambrai,cambrai,59122,59400,59,hauts-de-france
13326171821,50.174988,3.23672,distributeur_sacs,Cambrai,cambrai,59122,59400,59,hauts-de-france
13315355454,50.17545,3.233549,distributeur_sacs,Cambrai,cambrai,59122,59400,59,hauts-de-france
13332419760,50.174646,3.229518,distributeur_sacs,Cambrai,cambrai,59122,59400,59,hauts-de-france
7883373266,50.176241,3.232059,distributeur_sacs,Cambrai,cambrai,59122,59400,59,hauts-de-france
12753025150,50.17594,3.219775,distributeur_sacs,Cambrai,cambrai,59122,59400,59,hauts-de-france
11196816291,50.605901,3.203074,distributeur_sacs,Chéreng,chereng,59146,59152,59,hauts-de-france
11182037968,50.609856,3.214045,distributeur_sacs,Chéreng,chereng,59146,59152,59,hauts-de-france
11195319320,50.611103,3.213124,distributeur_sacs,Chéreng,chereng,59146,59152,59,hauts-de-france
11195319476,50.612897,3.211613,distributeur_sacs,Chéreng,chereng,59146,59152,59,hauts-de-france
11195319507,50.613581,3.210695,distributeur_sacs,Chéreng,chereng,59146,59152,59,hauts-de-france
11194591656,50.615173,3.210346,distributeur_sacs,Chéreng,chereng,59146,59152,59,hauts-de-france
11194591714,50.612844,3.208135,distributeur_sacs,Chéreng,chereng,59146,59152,59,hauts-de-france
11195319205,50.611813,3.208935,distributeur_sacs,Chéreng,chereng,59146,59152,59,hauts-de-france
11182180068,50.611308,3.202595,distributeur_sacs,Chéreng,chereng,59146,59152,59,hauts-de-france
11182429323,50.610173,3.2017,distributeur_sacs,Chéreng,chereng,59146,59152,59,hauts-de-france
11183374251,50.611309,3.201088,distributeur_sacs,Chéreng,chereng,59146,59152,59,hauts-de-france
11194591668,50.615924,3.210253,distributeur_sacs,Chéreng,chereng,59146,59152,59,hauts-de-france
9909588027,50.764217,3.010457,distributeur_sacs,Comines,comines,59152,59560,59,hauts-de-france
9909588028,50.764416,3.01075,distributeur_sacs,Comines,comines,59152,59560,59,hauts-de-france
9909588029,50.765335,3.007484,distributeur_sacs,Comines,comines,59152,59560,59,hauts-de-france
8421868933,50.674881,3.150164,poubelle_dejections,Croix,croix,59163,59170,59,hauts-de-france
12638038261,50.353528,3.081966,distributeur_sacs,Douai,douai,59178,59500,59,hauts-de-france
7784898435,51.04198,2.406164,distributeur_sacs,Dunkerque,dunkerque,59183,59140/59240/59430/59640/59279,59,hauts-de-france
7775812020,51.040626,2.404275,distributeur_sacs,Dunkerque,dunkerque,59183,59140/59240/59430/59640/59279,59,hauts-de-france
6262004887,51.041638,2.403129,poubelle_dejections,Dunkerque,dunkerque,59183,59140/59240/59430/59640/59279,59,hauts-de-france
7777310728,51.037032,2.39621,distributeur_sacs,Dunkerque,dunkerque,59183,59140/59240/59430/59640/59279,59,hauts-de-france
7777310732,51.036524,2.394682,distributeur_sacs,Dunkerque,dunkerque,59183,59140/59240/59430/59640/59279,59,hauts-de-france
7765597355,51.042755,2.411546,distributeur_sacs,Dunkerque,dunkerque,59183,59140/59240/59430/59640/59279,59,hauts-de-france
7787620949,51.045005,2.411241,distributeur_sacs,Dunkerque,dunkerque,59183,59140/59240/59430/59640/59279,59,hauts-de-france
7765597354,51.044334,2.416428,distributeur_sacs,Dunkerque,dunkerque,59183,59140/59240/59430/59640/59279,59,hauts-de-france
12426685973,50.191637,3.271295,distributeur_sacs,Escaudœuvres,escaudoeuvres,59206,59161,59,hauts-de-france
12426685972,50.193053,3.267624,distributeur_sacs,Escaudœuvres,escaudoeuvres,59206,59161,59,hauts-de-france
9349879310,50.593863,3.206336,distributeur_sacs,Gruson,gruson,59275,59152,59,hauts-de-france
9270939207,50.596552,3.204735,distributeur_sacs,Gruson,gruson,59275,59152,59,hauts-de-france
9333156587,50.59914,3.200811,distributeur_sacs,Gruson,gruson,59275,59152,59,hauts-de-france
12551280914,50.609102,2.98129,distributeur_sacs,Haubourdin,haubourdin,59286,59320,59,hauts-de-france
12399993925,50.604247,2.987477,distributeur_sacs,Haubourdin,haubourdin,59286,59320,59,hauts-de-france
12439551279,50.61386,2.985568,distributeur_sacs,Haubourdin,haubourdin,59286,59320,59,hauts-de-france
12628617904,50.610434,2.988474,distributeur_sacs,Haubourdin,haubourdin,59286,59320,59,hauts-de-france
12628588716,50.610259,2.987541,distributeur_sacs,Haubourdin,haubourdin,59286,59320,59,hauts-de-france
12399993933,50.610271,2.982379,distributeur_sacs,Haubourdin,haubourdin,59286,59320,59,hauts-de-france
12511859144,50.611489,2.982521,distributeur_sacs,Haubourdin,haubourdin,59286,59320,59,hauts-de-france
12546699017,50.613176,2.981784,distributeur_sacs,Haubourdin,haubourdin,59286,59320,59,hauts-de-france
12439646895,50.613175,2.983348,distributeur_sacs,Haubourdin,haubourdin,59286,59320,59,hauts-de-france
13395459272,50.614746,2.977574,distributeur_sacs,Haubourdin,haubourdin,59286,59320,59,hauts-de-france
12399993934,50.608067,2.980124,distributeur_sacs,Haubourdin,haubourdin,59286,59320,59,hauts-de-france
8318259994,50.727317,2.544126,distributeur_sacs,Hazebrouck,hazebrouck,59295,59190,59,hauts-de-france
9368693602,50.662079,3.201063,distributeur_sacs,Hem,hem,59299,59510,59,hauts-de-france
6783805013,50.65341,3.192824,distributeur_sacs,Hem,hem,59299,59510,59,hauts-de-france
6783805014,50.653407,3.19283,poubelle_dejections,Hem,hem,59299,59510,59,hauts-de-france
9368102367,50.651067,3.189806,distributeur_sacs,Hem,hem,59299,59510,59,hauts-de-france
11966355736,50.65212,3.183908,poubelle_dejections,Hem,hem,59299,59510,59,hauts-de-france
9982942976,50.635765,3.029265,distributeur_sacs,Lambersart,lambersart,59328,59130,59,hauts-de-france
11387397718,50.647713,3.022714,distributeur_sacs,Lambersart,lambersart,59328,59130,59,hauts-de-france
11387414537,50.647547,3.019766,distributeur_sacs,Lambersart,lambersart,59328,59130,59,hauts-de-france
11379813014,50.645866,3.017534,distributeur_sacs,Lambersart,lambersart,59328,59130,59,hauts-de-france
11812214812,50.472679,3.397093,poubelle_dejections,Lecelles,lecelles,59335,59226,59,hauts-de-france
10713000429,50.582858,3.097345,distributeur_sacs,Lesquin,lesquin,59343,59810,59,hauts-de-france
10712989390,50.585252,3.09775,distributeur_sacs,Lesquin,lesquin,59343,59810,59,hauts-de-france
10713000475,50.585121,3.098897,distributeur_sacs,Lesquin,lesquin,59343,59810,59,hauts-de-france
10713000510,50.586608,3.100936,distributeur_sacs,Lesquin,lesquin,59343,59810,59,hauts-de-france
10713000503,50.587413,3.100686,poubelle_dejections,Lesquin,lesquin,59343,59810,59,hauts-de-france
10713000504,50.587268,3.101167,distributeur_sacs,Lesquin,lesquin,59343,59810,59,hauts-de-france
10720262009,50.587825,3.108631,distributeur_sacs,Lesquin,lesquin,59343,59810,59,hauts-de-france
10720262034,50.58577,3.105806,distributeur_sacs,Lesquin,lesquin,59343,59810,59,hauts-de-france
10720262033,50.586069,3.105478,distributeur_sacs,Lesquin,lesquin,59343,59810,59,hauts-de-france
10713000536,50.585898,3.100625,distributeur_sacs,Lesquin,lesquin,59343,59810,59,hauts-de-france
10713000573,50.585336,3.102051,distributeur_sacs,Lesquin,lesquin,59343,59810,59,hauts-de-france
10713000580,50.584656,3.103035,distributeur_sacs,Lesquin,lesquin,59343,59810,59,hauts-de-france
10308520467,50.589231,3.110349,distributeur_sacs,Lesquin,lesquin,59343,59810,59,hauts-de-france
10286944165,50.590701,3.114195,poubelle_dejections,Lesquin,lesquin,59343,59810,59,hauts-de-france
10286901606,50.590039,3.118038,distributeur_sacs,Lesquin,lesquin,59343,59810,59,hauts-de-france
10286901607,50.589955,3.118126,poubelle_dejections,Lesquin,lesquin,59343,59810,59,hauts-de-france
10287018373,50.586685,3.114124,distributeur_sacs,Lesquin,lesquin,59343,59810,59,hauts-de-france
10287018381,50.586639,3.114127,poubelle_dejections,Lesquin,lesquin,59343,59810,59,hauts-de-france
10284155636,50.588886,3.125793,poubelle_dejections,Lesquin,lesquin,59343,59810,59,hauts-de-france
10284397916,50.590143,3.130833,distributeur_sacs,Lesquin,lesquin,59343,59810,59,hauts-de-france
10284397917,50.590089,3.130016,distributeur_sacs,Lesquin,lesquin,59343,59810,59,hauts-de-france
10284073122,50.595,3.124237,distributeur_sacs,Lesquin,lesquin,59343,59810,59,hauts-de-france
10284073123,50.595254,3.122425,distributeur_sacs,Lesquin,lesquin,59343,59810,59,hauts-de-france
10284073031,50.593759,3.120394,distributeur_sacs,Lesquin,lesquin,59343,59810,59,hauts-de-france
10284073062,50.594307,3.120638,distributeur_sacs,Lesquin,lesquin,59343,59810,59,hauts-de-france
10284073064,50.594425,3.120462,poubelle_dejections,Lesquin,lesquin,59343,59810,59,hauts-de-france
10284073108,50.595198,3.120364,distributeur_sacs,Lesquin,lesquin,59343,59810,59,hauts-de-france
10284073099,50.594976,3.118874,distributeur_sacs,Lesquin,lesquin,59343,59810,59,hauts-de-france
10308520422,50.592566,3.112808,distributeur_sacs,Lesquin,lesquin,59343,59810,59,hauts-de-france
10308520261,50.59565,3.106379,distributeur_sacs,Lesquin,lesquin,59343,59810,59,hauts-de-france
10308520416,50.592354,3.109005,distributeur_sacs,Lesquin,lesquin,59343,59810,59,hauts-de-france
10308520397,50.592824,3.106829,poubelle_dejections,Lesquin,lesquin,59343,59810,59,hauts-de-france
7654187315,50.609953,3.118628,poubelle_dejections,Lezennes,lezennes,59346,59260,59,hauts-de-france
10629917289,50.614023,3.117733,distributeur_sacs,Lezennes,lezennes,59346,59260,59,hauts-de-france
12843830986,50.615481,3.114796,poubelle_dejections,Lezennes,lezennes,59346,59260,59,hauts-de-france
7684110909,50.611045,3.109488,poubelle_dejections,Lezennes,lezennes,59346,59260,59,hauts-de-france
7654187355,50.610758,3.112638,poubelle_dejections,Lezennes,lezennes,59346,59260,59,hauts-de-france
11207594646,50.612155,3.067185,distributeur_sacs,Lille,lille,59350,59000/59160/59260/59777/59800,59,hauts-de-france
12415601580,50.610118,3.054489,distributeur_sacs,Lille,lille,59350,59000/59160/59260/59777/59800,59,hauts-de-france
8602087242,50.605351,3.056742,distributeur_sacs,Lille,lille,59350,59000/59160/59260/59777/59800,59,hauts-de-france
11209701979,50.611006,3.044666,distributeur_sacs,Lille,lille,59350,59000/59160/59260/59777/59800,59,hauts-de-france
7525650698,50.611863,3.039152,distributeur_sacs,Lille,lille,59350,59000/59160/59260/59777/59800,59,hauts-de-france
11199369772,50.620651,3.031262,distributeur_sacs,Lille,lille,59350,59000/59160/59260/59777/59800,59,hauts-de-france
11217481660,50.624429,3.049036,distributeur_sacs,Lille,lille,59350,59000/59160/59260/59777/59800,59,hauts-de-france
11219521514,50.621711,3.051126,distributeur_sacs,Lille,lille,59350,59000/59160/59260/59777/59800,59,hauts-de-france
11193688264,50.624181,3.0398,distributeur_sacs,Lille,lille,59350,59000/59160/59260/59777/59800,59,hauts-de-france
8938113544,50.630181,3.046673,distributeur_sacs,Lille,lille,59350,59000/59160/59260/59777/59800,59,hauts-de-france
7260771427,50.633999,3.041029,distributeur_sacs,Lille,lille,59350,59000/59160/59260/59777/59800,59,hauts-de-france
7350151876,50.633182,3.026652,distributeur_sacs,Lille,lille,59350,59000/59160/59260/59777/59800,59,hauts-de-france
9981217219,50.632625,3.024527,distributeur_sacs,Lille,lille,59350,59000/59160/59260/59777/59800,59,hauts-de-france
7354632930,50.630395,3.023162,distributeur_sacs,Lille,lille,59350,59000/59160/59260/59777/59800,59,hauts-de-france
13200392067,50.641407,3.064052,distributeur_sacs,Lille,lille,59350,59000/59160/59260/59777/59800,59,hauts-de-france
11241012254,50.64489,3.061209,distributeur_sacs,Lille,lille,59350,59000/59160/59260/59777/59800,59,hauts-de-france
10006920946,50.65293,3.08443,distributeur_sacs,Lille,lille,59350,59000/59160/59260/59777/59800,59,hauts-de-france
10006920962,50.651522,3.089484,distributeur_sacs,Lille,lille,59350,59000/59160/59260/59777/59800,59,hauts-de-france
11328304712,50.645182,3.087122,distributeur_sacs,Lille,lille,59350,59000/59160/59260/59777/59800,59,hauts-de-france
11341665328,50.647105,3.08578,distributeur_sacs,Lille,lille,59350,59000/59160/59260/59777/59800,59,hauts-de-france
11324075473,50.647255,3.081823,distributeur_sacs,Lille,lille,59350,59000/59160/59260/59777/59800,59,hauts-de-france
11182686442,50.641225,3.080582,distributeur_sacs,Lille,lille,59350,59000/59160/59260/59777/59800,59,hauts-de-france
11182686574,50.640382,3.081615,distributeur_sacs,Lille,lille,59350,59000/59160/59260/59777/59800,59,hauts-de-france
11343225866,50.640286,3.084512,distributeur_sacs,Lille,lille,59350,59000/59160/59260/59777/59800,59,hauts-de-france
11324075503,50.644755,3.082956,distributeur_sacs,Lille,lille,59350,59000/59160/59260/59777/59800,59,hauts-de-france
11324075502,50.642093,3.086481,distributeur_sacs,Lille,lille,59350,59000/59160/59260/59777/59800,59,hauts-de-france
9847809428,50.634492,3.088266,distributeur_sacs,Lille,lille,59350,59000/59160/59260/59777/59800,59,hauts-de-france
9848217216,50.635612,3.088014,distributeur_sacs,Lille,lille,59350,59000/59160/59260/59777/59800,59,hauts-de-france
9848227234,50.633237,3.089955,distributeur_sacs,Lille,lille,59350,59000/59160/59260/59777/59800,59,hauts-de-france
9847809419,50.63225,3.08634,distributeur_sacs,Lille,lille,59350,59000/59160/59260/59777/59800,59,hauts-de-france
9846641909,50.632465,3.08435,distributeur_sacs,Lille,lille,59350,59000/59160/59260/59777/59800,59,hauts-de-france
11210135394,50.635097,3.057731,distributeur_sacs,Lille,lille,59350,59000/59160/59260/59777/59800,59,hauts-de-france
11961346324,50.630253,3.056456,distributeur_sacs,Lille,lille,59350,59000/59160/59260/59777/59800,59,hauts-de-france
11233617617,50.627779,3.060699,distributeur_sacs,Lille,lille,59350,59000/59160/59260/59777/59800,59,hauts-de-france
11233617630,50.628063,3.061411,distributeur_sacs,Lille,lille,59350,59000/59160/59260/59777/59800,59,hauts-de-france
13451586450,50.627425,3.061581,distributeur_sacs,Lille,lille,59350,59000/59160/59260/59777/59800,59,hauts-de-france
7066458725,50.632637,3.063255,distributeur_sacs,Lille,lille,59350,59000/59160/59260/59777/59800,59,hauts-de-france
13072323681,50.627163,3.06851,distributeur_sacs,Lille,lille,59350,59000/59160/59260/59777/59800,59,hauts-de-france
5600811766,50.62716,3.068527,distributeur_sacs,Lille,lille,59350,59000/59160/59260/59777/59800,59,hauts-de-france
9946833073,50.615935,3.071868,distributeur_sacs,Lille,lille,59350,59000/59160/59260/59777/59800,59,hauts-de-france
10604107783,50.621178,3.079641,distributeur_sacs,Lille,lille,59350,59000/59160/59260/59777/59800,59,hauts-de-france
10883781836,50.636729,3.092849,distributeur_sacs,Lille,lille,59350,59000/59160/59260/59777/59800,59,hauts-de-france
10261426103,50.632668,3.117318,distributeur_sacs,Lille,lille,59350,59000/59160/59260/59777/59800,59,hauts-de-france
7719021501,50.625766,3.112594,distributeur_sacs,Lille,lille,59350,59000/59160/59260/59777/59800,59,hauts-de-france
7719021396,50.620622,3.120891,distributeur_sacs,Lille,lille,59350,59000/59160/59260/59777/59800,59,hauts-de-france
2759884167,50.650283,3.091817,distributeur_sacs,Lille,lille,59350,59000/59160/59260/59777/59800,59,hauts-de-france
12896230275,50.612732,3.017974,poubelle_dejections,Loos,loos,59360,59120,59,hauts-de-france
13251603106,50.662894,3.070852,distributeur_sacs,La Madeleine,la-madeleine,59368,59110,59,hauts-de-france
13144212661,50.648807,3.070258,distributeur_sacs,La Madeleine,la-madeleine,59368,59110,59,hauts-de-france
7385849785,50.657935,3.063881,distributeur_sacs,La Madeleine,la-madeleine,59368,59110,59,hauts-de-france
7369208358,50.659588,3.067744,distributeur_sacs,La Madeleine,la-madeleine,59368,59110,59,hauts-de-france
8613194163,50.661962,3.071511,distributeur_sacs,La Madeleine,la-madeleine,59368,59110,59,hauts-de-france
7385849809,50.657095,3.070524,distributeur_sacs,La Madeleine,la-madeleine,59368,59110,59,hauts-de-france
11519228412,50.654956,3.070368,distributeur_sacs,La Madeleine,la-madeleine,59368,59110,59,hauts-de-france
13251603349,50.656117,3.065619,distributeur_sacs,La Madeleine,la-madeleine,59368,59110,59,hauts-de-france
11503367925,50.655987,3.064283,distributeur_sacs,La Madeleine,la-madeleine,59368,59110,59,hauts-de-france
7385849806,50.655588,3.065097,distributeur_sacs,La Madeleine,la-madeleine,59368,59110,59,hauts-de-france
8636155439,50.654776,3.066395,distributeur_sacs,La Madeleine,la-madeleine,59368,59110,59,hauts-de-france
11545750301,50.652403,3.074457,distributeur_sacs,La Madeleine,la-madeleine,59368,59110,59,hauts-de-france
8614988913,50.657188,3.073069,distributeur_sacs,La Madeleine,la-madeleine,59368,59110,59,hauts-de-france
11511307268,50.659283,3.072371,distributeur_sacs,La Madeleine,la-madeleine,59368,59110,59,hauts-de-france
13037145846,50.659501,3.074263,distributeur_sacs,La Madeleine,la-madeleine,59368,59110,59,hauts-de-france
8615014317,50.660624,3.073091,distributeur_sacs,La Madeleine,la-madeleine,59368,59110,59,hauts-de-france
8615014322,50.660242,3.072558,distributeur_sacs,La Madeleine,la-madeleine,59368,59110,59,hauts-de-france
11543435799,50.649551,3.077589,distributeur_sacs,La Madeleine,la-madeleine,59368,59110,59,hauts-de-france
4007080417,50.648527,3.076021,distributeur_sacs,La Madeleine,la-madeleine,59368,59110,59,hauts-de-france
11595012820,50.644754,3.075867,distributeur_sacs,La Madeleine,la-madeleine,59368,59110,59,hauts-de-france
8691222380,50.465627,3.258069,poubelle_dejections,Orchies,orchies,59449,59310,59,hauts-de-france
9385517534,50.474463,3.250496,poubelle_dejections,Orchies,orchies,59449,59310,59,hauts-de-france
4323875442,50.470947,3.247545,distributeur_sacs,Orchies,orchies,59449,59310,59,hauts-de-france
2994384073,50.470651,3.255696,distributeur_sacs,Orchies,orchies,59449,59310,59,hauts-de-france
8543937977,50.464982,3.255172,poubelle_dejections,Orchies,orchies,59449,59310,59,hauts-de-france
8619105649,50.466261,3.249401,poubelle_dejections,Orchies,orchies,59449,59310,59,hauts-de-france
11279765138,50.467028,3.249299,poubelle_dejections,Orchies,orchies,59449,59310,59,hauts-de-france
8659898777,50.46717,3.245411,poubelle_dejections,Orchies,orchies,59449,59310,59,hauts-de-france
8306788337,50.472484,3.242153,distributeur_sacs,Orchies,orchies,59449,59310,59,hauts-de-france
8659898772,50.470276,3.246487,poubelle_dejections,Orchies,orchies,59449,59310,59,hauts-de-france
11919916282,50.471829,3.246378,distributeur_sacs,Orchies,orchies,59449,59310,59,hauts-de-france
8306788336,50.471223,3.244397,distributeur_sacs,Orchies,orchies,59449,59310,59,hauts-de-france
7524410323,50.473005,3.24289,distributeur_sacs,Orchies,orchies,59449,59310,59,hauts-de-france
4323875446,50.474739,3.245299,distributeur_sacs,Orchies,orchies,59449,59310,59,hauts-de-france
4323875449,50.475292,3.244369,distributeur_sacs,Orchies,orchies,59449,59310,59,hauts-de-france
4323875450,50.47598,3.243976,distributeur_sacs,Orchies,orchies,59449,59310,59,hauts-de-france
7823796902,50.475887,3.248651,distributeur_sacs,Orchies,orchies,59449,59310,59,hauts-de-france
7823796890,50.477232,3.248209,distributeur_sacs,Orchies,orchies,59449,59310,59,hauts-de-france
9385517547,50.475738,3.251774,poubelle_dejections,Orchies,orchies,59449,59310,59,hauts-de-france
8638502634,50.473073,3.234672,poubelle_dejections,Orchies,orchies,59449,59310,59,hauts-de-france
11920028664,50.47308,3.234689,distributeur_sacs,Orchies,orchies,59449,59310,59,hauts-de-france
4323875441,50.469599,3.233803,distributeur_sacs,Orchies,orchies,59449,59310,59,hauts-de-france
11920010872,50.472438,3.23266,distributeur_sacs,Orchies,orchies,59449,59310,59,hauts-de-france
4323875435,50.468224,3.237922,distributeur_sacs,Orchies,orchies,59449,59310,59,hauts-de-france
11169054400,50.164398,3.208224,distributeur_sacs,Proville,proville,59476,59267,59,hauts-de-france
8927721663,50.488364,3.336292,poubelle_dejections,Rumegies,rumegies,59519,59226,59,hauts-de-france
2053980536,50.444725,3.432084,distributeur_sacs,Saint-Amand-les-Eaux,saint-amand-les-eaux,59526,59230,59,hauts-de-france
4699074453,50.448824,3.426287,distributeur_sacs,Saint-Amand-les-Eaux,saint-amand-les-eaux,59526,59230,59,hauts-de-france
5911116633,50.664768,3.035855,poubelle_dejections,Saint-André-lez-Lille,saint-andre-lez-lille,59527,59350,59,hauts-de-france
5914429666,50.664342,3.031493,poubelle_dejections,Saint-André-lez-Lille,saint-andre-lez-lille,59527,59350,59,hauts-de-france
13076180077,50.652035,3.044886,distributeur_sacs,Saint-André-lez-Lille,saint-andre-lez-lille,59527,59350,59,hauts-de-france
10610682931,50.657747,3.055353,distributeur_sacs,Saint-André-lez-Lille,saint-andre-lez-lille,59527,59350,59,hauts-de-france
10610682934,50.657275,3.056431,distributeur_sacs,Saint-André-lez-Lille,saint-andre-lez-lille,59527,59350,59,hauts-de-france
11385376442,50.54129,3.016552,distributeur_sacs,Seclin,seclin,59560,59113,59,hauts-de-france
11081090751,50.621443,2.988219,distributeur_sacs,Sequedin,sequedin,59566,59320,59,hauts-de-france
7549219343,50.673898,2.484941,distributeur_sacs,Steenbecque,steenbecque,59578,59189,59,hauts-de-france
7952847944,50.821487,2.527985,distributeur_sacs,Steenvoorde,steenvoorde,59580,59114,59,hauts-de-france
13031359531,50.359856,3.526678,distributeur_sacs,Valenciennes,valenciennes,59606,59300,59,hauts-de-france
8128058361,50.669344,3.127067,distributeur_sacs,Wasquehal,wasquehal,59646,59290,59,hauts-de-france
8180244280,50.693533,3.147632,distributeur_sacs,Wasquehal,wasquehal,59646,59290,59,hauts-de-france
8180244279,50.693395,3.147967,distributeur_sacs,Wasquehal,wasquehal,59646,59290,59,hauts-de-france
8128058325,50.67045,3.127744,distributeur_sacs,Wasquehal,wasquehal,59646,59290,59,hauts-de-france
8079704054,50.667212,3.127703,distributeur_sacs,Wasquehal,wasquehal,59646,59290,59,hauts-de-france
13306463989,49.200475,2.458069,poubelle_dejections,Chantilly,chantilly,60141,60500,60,hauts-de-france
11392455899,49.125613,2.529487,distributeur_sacs,La Chapelle-en-Serval,la-chapelle-en-serval,60142,60520,60,hauts-de-france
11390035804,49.128976,2.533648,distributeur_sacs,La Chapelle-en-Serval,la-chapelle-en-serval,60142,60520,60,hauts-de-france
11394315743,49.120469,2.525149,distributeur_sacs,La Chapelle-en-Serval,la-chapelle-en-serval,60142,60520,60,hauts-de-france
6281157090,49.264049,1.88394,poubelle_dejections,Chaumont-en-Vexin,chaumont-en-vexin,60143,60240,60,hauts-de-france
7580268953,49.377718,2.410686,distributeur_sacs,Clermont,clermont,60157,60600,60,hauts-de-france
7537574681,49.381799,2.427346,poubelle_dejections,Clermont,clermont,60157,60600,60,hauts-de-france
7855418903,49.383891,2.412676,poubelle_dejections,Clermont,clermont,60157,60600,60,hauts-de-france
11090395370,49.422978,2.8205,distributeur_sacs,Compiègne,compiegne,60159,60200,60,hauts-de-france
11094181509,49.421984,2.821288,distributeur_sacs,Compiègne,compiegne,60159,60200,60,hauts-de-france
11077299551,49.421875,2.821922,distributeur_sacs,Compiègne,compiegne,60159,60200,60,hauts-de-france
12150011785,49.421786,2.828118,distributeur_sacs,Compiègne,compiegne,60159,60200,60,hauts-de-france
11096380381,49.421211,2.819596,distributeur_sacs,Compiègne,compiegne,60159,60200,60,hauts-de-france
9515178427,49.420978,2.818931,distributeur_sacs,Compiègne,compiegne,60159,60200,60,hauts-de-france
11090419352,49.421797,2.817144,distributeur_sacs,Compiègne,compiegne,60159,60200,60,hauts-de-france
8615950721,49.423163,2.836034,poubelle_dejections,Compiègne,compiegne,60159,60200,60,hauts-de-france
6918690482,49.26608,2.482807,poubelle_dejections,Creil,creil,60175,60100,60,hauts-de-france
6913335692,49.266867,2.482554,poubelle_dejections,Creil,creil,60175,60100,60,hauts-de-france
6919131318,49.262172,2.477715,poubelle_dejections,Creil,creil,60175,60100,60,hauts-de-france
6913041128,49.262397,2.474462,poubelle_dejections,Creil,creil,60175,60100,60,hauts-de-france
6912959174,49.263457,2.478673,poubelle_dejections,Creil,creil,60175,60100,60,hauts-de-france
6970370603,49.256169,2.47142,poubelle_dejections,Creil,creil,60175,60100,60,hauts-de-france
11414830055,49.188301,2.415875,distributeur_sacs,Gouvieux,gouvieux,60282,60270,60,hauts-de-france
11081866681,49.421825,2.814408,distributeur_sacs,Margny-lès-Compiègne,margny-les-compiegne,60382,60280,60,hauts-de-france
8148414064,49.420561,2.811384,poubelle_dejections,Margny-lès-Compiègne,margny-les-compiegne,60382,60280,60,hauts-de-france
7433425463,49.426825,2.814723,poubelle_dejections,Margny-lès-Compiègne,margny-les-compiegne,60382,60280,60,hauts-de-france
8567443452,49.425333,2.80644,poubelle_dejections,Margny-lès-Compiègne,margny-les-compiegne,60382,60280,60,hauts-de-france
11262830475,49.42276,2.811625,distributeur_sacs,Margny-lès-Compiègne,margny-les-compiegne,60382,60280,60,hauts-de-france
11081864991,49.423245,2.810428,distributeur_sacs,Margny-lès-Compiègne,margny-les-compiegne,60382,60280,60,hauts-de-france
5418840450,49.424534,2.810961,poubelle_dejections,Margny-lès-Compiègne,margny-les-compiegne,60382,60280,60,hauts-de-france
11081893951,49.423885,2.812008,distributeur_sacs,Margny-lès-Compiègne,margny-les-compiegne,60382,60280,60,hauts-de-france
11082816200,49.422661,2.816424,distributeur_sacs,Margny-lès-Compiègne,margny-les-compiegne,60382,60280,60,hauts-de-france
5343302558,49.423145,2.823676,distributeur_sacs,Margny-lès-Compiègne,margny-les-compiegne,60382,60280,60,hauts-de-france
5331879627,49.423152,2.823693,poubelle_dejections,Margny-lès-Compiègne,margny-les-compiegne,60382,60280,60,hauts-de-france
5333897500,49.424145,2.823095,poubelle_dejections,Margny-lès-Compiègne,margny-les-compiegne,60382,60280,60,hauts-de-france
5343305346,49.42414,2.823081,distributeur_sacs,Margny-lès-Compiègne,margny-les-compiegne,60382,60280,60,hauts-de-france
5349599684,49.424771,2.822009,distributeur_sacs,Margny-lès-Compiègne,margny-les-compiegne,60382,60280,60,hauts-de-france
5349599691,49.42476,2.821996,poubelle_dejections,Margny-lès-Compiègne,margny-les-compiegne,60382,60280,60,hauts-de-france
5405166987,49.425416,2.818155,distributeur_sacs,Margny-lès-Compiègne,margny-les-compiegne,60382,60280,60,hauts-de-france
5858600114,49.427061,2.815522,poubelle_dejections,Margny-lès-Compiègne,margny-les-compiegne,60382,60280,60,hauts-de-france
5312612925,49.426558,2.815933,distributeur_sacs,Margny-lès-Compiègne,margny-les-compiegne,60382,60280,60,hauts-de-france
7433425461,49.427113,2.815713,poubelle_dejections,Margny-lès-Compiègne,margny-les-compiegne,60382,60280,60,hauts-de-france
11081769155,49.430469,2.820601,distributeur_sacs,Margny-lès-Compiègne,margny-les-compiegne,60382,60280,60,hauts-de-france
11154544327,49.429094,2.822875,distributeur_sacs,Margny-lès-Compiègne,margny-les-compiegne,60382,60280,60,hauts-de-france
11142173575,49.430728,2.826584,distributeur_sacs,Margny-lès-Compiègne,margny-les-compiegne,60382,60280,60,hauts-de-france
5352392686,49.430099,2.832558,poubelle_dejections,Margny-lès-Compiègne,margny-les-compiegne,60382,60280,60,hauts-de-france
5352392690,49.430093,2.83257,distributeur_sacs,Margny-lès-Compiègne,margny-les-compiegne,60382,60280,60,hauts-de-france
5368284962,49.430672,2.830479,distributeur_sacs,Margny-lès-Compiègne,margny-les-compiegne,60382,60280,60,hauts-de-france
5368284960,49.430666,2.830464,poubelle_dejections,Margny-lès-Compiègne,margny-les-compiegne,60382,60280,60,hauts-de-france
5343176374,49.42921,2.829541,distributeur_sacs,Margny-lès-Compiègne,margny-les-compiegne,60382,60280,60,hauts-de-france
5320840922,49.429191,2.829544,poubelle_dejections,Margny-lès-Compiègne,margny-les-compiegne,60382,60280,60,hauts-de-france
5343599535,49.426753,2.829798,poubelle_dejections,Margny-lès-Compiègne,margny-les-compiegne,60382,60280,60,hauts-de-france
11146914156,49.42686,2.825617,distributeur_sacs,Margny-lès-Compiègne,margny-les-compiegne,60382,60280,60,hauts-de-france
5343176586,49.423586,2.824465,poubelle_dejections,Margny-lès-Compiègne,margny-les-compiegne,60382,60280,60,hauts-de-france
5320840923,49.423579,2.824433,distributeur_sacs,Margny-lès-Compiègne,margny-les-compiegne,60382,60280,60,hauts-de-france
8199812128,49.346366,2.90551,poubelle_dejections,Saint-Jean-aux-Bois,saint-jean-aux-bois,60579,60350,60,hauts-de-france
6591204674,49.206976,2.571417,poubelle_dejections,Senlis,senlis,60612,60300,60,hauts-de-france
7292027168,49.206963,2.571465,distributeur_sacs,Senlis,senlis,60612,60300,60,hauts-de-france
7321818011,49.206494,2.575124,distributeur_sacs,Senlis,senlis,60612,60300,60,hauts-de-france
7321818012,49.20785,2.571493,distributeur_sacs,Senlis,senlis,60612,60300,60,hauts-de-france
8730525596,49.211281,2.584181,distributeur_sacs,Senlis,senlis,60612,60300,60,hauts-de-france
7321811542,49.207193,2.575864,distributeur_sacs,Senlis,senlis,60612,60300,60,hauts-de-france
7321818010,49.208917,2.585978,distributeur_sacs,Senlis,senlis,60612,60300,60,hauts-de-france
7437820419,49.206929,2.589764,distributeur_sacs,Senlis,senlis,60612,60300,60,hauts-de-france
7600350858,49.204872,2.582012,distributeur_sacs,Senlis,senlis,60612,60300,60,hauts-de-france
8518943507,49.203911,2.594161,poubelle_dejections,Senlis,senlis,60612,60300,60,hauts-de-france
8376042338,49.310575,2.730943,poubelle_dejections,Verberie,verberie,60667,60410,60,hauts-de-france
9348376390,48.552176,-0.506882,distributeur_sacs,Juvigny Val d'Andaine,juvigny-val-dandaine,61211,61140,61,normandie
11622674900,48.764307,0.623468,distributeur_sacs,L'Aigle,laigle,61214,61300,61,normandie
11630085616,48.763976,0.625357,distributeur_sacs,L'Aigle,laigle,61214,61300,61,normandie
11622614049,48.763753,0.623314,distributeur_sacs,L'Aigle,laigle,61214,61300,61,normandie
11622795992,48.763625,0.622257,distributeur_sacs,L'Aigle,laigle,61214,61300,61,normandie
11622674896,48.763854,0.622804,distributeur_sacs,L'Aigle,laigle,61214,61300,61,normandie
11622674899,48.764095,0.623101,distributeur_sacs,L'Aigle,laigle,61214,61300,61,normandie
11672201456,48.766628,0.63264,distributeur_sacs,L'Aigle,laigle,61214,61300,61,normandie
12757827852,48.76617,0.625507,distributeur_sacs,L'Aigle,laigle,61214,61300,61,normandie
12149669580,48.78321,-0.285494,distributeur_sacs,Putanges-le-Lac,putanges-le-lac,61339,61210,61,normandie
12208938815,48.42635,0.767912,distributeur_sacs,Rémalard en Perche,remalard-en-perche,61345,61110,61,normandie
12208926489,48.426004,0.768815,distributeur_sacs,Rémalard en Perche,remalard-en-perche,61345,61110,61,normandie
10293396112,50.878987,2.082046,poubelle_dejections,Audruicq,audruicq,62057,62370,62,hauts-de-france
10293386214,50.879337,2.082637,poubelle_dejections,Audruicq,audruicq,62057,62370,62,hauts-de-france
10293386211,50.879824,2.082781,poubelle_dejections,Audruicq,audruicq,62057,62370,62,hauts-de-france
4959544060,50.730923,1.619317,distributeur_sacs,Boulogne-sur-Mer,boulogne-sur-mer,62160,62200,62,hauts-de-france
4935984543,50.726029,1.620321,distributeur_sacs,Boulogne-sur-Mer,boulogne-sur-mer,62160,62200,62,hauts-de-france
13062123218,50.712864,1.607736,distributeur_sacs,Boulogne-sur-Mer,boulogne-sur-mer,62160,62200,62,hauts-de-france
13050814763,50.710341,1.608927,distributeur_sacs,Boulogne-sur-Mer,boulogne-sur-mer,62160,62200,62,hauts-de-france
13064157568,50.711218,1.61396,distributeur_sacs,Boulogne-sur-Mer,boulogne-sur-mer,62160,62200,62,hauts-de-france
13056750579,50.714061,1.61417,distributeur_sacs,Boulogne-sur-Mer,boulogne-sur-mer,62160,62200,62,hauts-de-france
13053907147,50.7121,1.61387,distributeur_sacs,Boulogne-sur-Mer,boulogne-sur-mer,62160,62200,62,hauts-de-france
13062898131,50.718975,1.607765,distributeur_sacs,Boulogne-sur-Mer,boulogne-sur-mer,62160,62200,62,hauts-de-france
13084869057,50.715838,1.607688,distributeur_sacs,Boulogne-sur-Mer,boulogne-sur-mer,62160,62200,62,hauts-de-france
13050702018,50.716411,1.603815,distributeur_sacs,Boulogne-sur-Mer,boulogne-sur-mer,62160,62200,62,hauts-de-france
13050700206,50.715077,1.604388,distributeur_sacs,Boulogne-sur-Mer,boulogne-sur-mer,62160,62200,62,hauts-de-france
13050665879,50.718138,1.602908,distributeur_sacs,Boulogne-sur-Mer,boulogne-sur-mer,62160,62200,62,hauts-de-france
13050674114,50.720069,1.601705,distributeur_sacs,Boulogne-sur-Mer,boulogne-sur-mer,62160,62200,62,hauts-de-france
5812216222,50.724859,1.60114,distributeur_sacs,Boulogne-sur-Mer,boulogne-sur-mer,62160,62200,62,hauts-de-france
4935984544,50.726089,1.618127,distributeur_sacs,Boulogne-sur-Mer,boulogne-sur-mer,62160,62200,62,hauts-de-france
9923986088,50.932526,1.851284,distributeur_sacs,Calais,calais,62193,62100,62,hauts-de-france
9923986092,50.939008,1.802036,distributeur_sacs,Coquelles,coquelles,62239,62231,62,hauts-de-france
5095352593,50.482611,1.576045,distributeur_sacs,Cucq,cucq,62261,62780,62,hauts-de-france
13019066923,50.466077,1.760365,distributeur_sacs,Montreuil,montreuil,62588,62170,62,hauts-de-france
10049348123,50.978918,2.049641,distributeur_sacs,Oye-Plage,oye-plage,62645,62215,62,hauts-de-france
6438100017,50.661401,2.794033,distributeur_sacs,Sailly-sur-la-Lys,sailly-sur-la-lys,62736,62840,62,hauts-de-france
13053749723,50.705557,1.613263,distributeur_sacs,Saint-Martin-Boulogne,saint-martin-boulogne,62758,62280,62,hauts-de-france
13050774531,50.708465,1.610326,distributeur_sacs,Saint-Martin-Boulogne,saint-martin-boulogne,62758,62280,62,hauts-de-france
12755226620,50.76205,1.616388,distributeur_sacs,Wimille,wimille,62894,62126,62,hauts-de-france
12755226622,50.763914,1.614423,distributeur_sacs,Wimille,wimille,62894,62126,62,hauts-de-france
13429591327,45.54528,3.741077,distributeur_sacs,Ambert,ambert,63003,63600,63,auvergne-rhone-alpes
960328037,45.549148,3.740821,distributeur_sacs,Ambert,ambert,63003,63600,63,auvergne-rhone-alpes
13427822386,45.549681,3.743571,distributeur_sacs,Ambert,ambert,63003,63600,63,auvergne-rhone-alpes
13309242654,45.41225,3.726615,distributeur_sacs,Arlanc,arlanc,63010,63220,63,auvergne-rhone-alpes
13309611167,45.413851,3.724867,distributeur_sacs,Arlanc,arlanc,63010,63220,63,auvergne-rhone-alpes
13307297266,45.411267,3.724519,distributeur_sacs,Arlanc,arlanc,63010,63220,63,auvergne-rhone-alpes
13111112256,45.420625,3.725183,distributeur_sacs,Arlanc,arlanc,63010,63220,63,auvergne-rhone-alpes
13111112317,45.421588,3.725713,distributeur_sacs,Arlanc,arlanc,63010,63220,63,auvergne-rhone-alpes
4643697452,45.752041,3.109549,distributeur_sacs,Aubière,aubiere,63014,63170,63,auvergne-rhone-alpes
4709819423,45.747313,3.082982,distributeur_sacs,Beaumont,beaumont,63032,63110,63,auvergne-rhone-alpes
5035628528,45.745085,3.075864,distributeur_sacs,Beaumont,beaumont,63032,63110,63,auvergne-rhone-alpes
4634539493,45.751596,3.083674,distributeur_sacs,Beaumont,beaumont,63032,63110,63,auvergne-rhone-alpes
4634539491,45.751773,3.085885,distributeur_sacs,Beaumont,beaumont,63032,63110,63,auvergne-rhone-alpes
4683054254,45.751358,3.086813,distributeur_sacs,Beaumont,beaumont,63032,63110,63,auvergne-rhone-alpes
4750507690,45.751625,3.090409,distributeur_sacs,Beaumont,beaumont,63032,63110,63,auvergne-rhone-alpes
4634538471,45.753291,3.094626,distributeur_sacs,Beaumont,beaumont,63032,63110,63,auvergne-rhone-alpes
4642915902,45.752434,3.102029,distributeur_sacs,Beaumont,beaumont,63032,63110,63,auvergne-rhone-alpes
8940711096,45.916244,3.075687,distributeur_sacs,Châtel-Guyon,chatel-guyon,63103,63140,63,auvergne-rhone-alpes
8940711095,45.916234,3.075691,poubelle_dejections,Châtel-Guyon,chatel-guyon,63103,63140,63,auvergne-rhone-alpes
8939466085,45.92124,3.061774,distributeur_sacs,Châtel-Guyon,chatel-guyon,63103,63140,63,auvergne-rhone-alpes
5041018141,45.771911,3.089514,distributeur_sacs,Clermont-Ferrand,clermont-ferrand,63113,63000/63100,63,auvergne-rhone-alpes
5050971403,45.773575,3.087195,distributeur_sacs,Clermont-Ferrand,clermont-ferrand,63113,63000/63100,63,auvergne-rhone-alpes
11883610437,45.978651,3.089701,distributeur_sacs,Combronde,combronde,63116,63460,63,auvergne-rhone-alpes
4719141069,45.72979,3.188542,distributeur_sacs,Cournon-d'Auvergne,cournon-dauvergne,63124,63800,63,auvergne-rhone-alpes
4719141080,45.730116,3.189954,distributeur_sacs,Cournon-d'Auvergne,cournon-dauvergne,63124,63800,63,auvergne-rhone-alpes
13103792108,45.543787,3.253235,distributeur_sacs,Issoire,issoire,63178,63500,63,auvergne-rhone-alpes
13103777459,45.54317,3.25164,distributeur_sacs,Issoire,issoire,63178,63500,63,auvergne-rhone-alpes
6218852504,45.771218,3.187759,poubelle_dejections,Lempdes,lempdes,63193,63370,63,auvergne-rhone-alpes
7900493457,45.741388,3.222945,distributeur_sacs,Mur-sur-Allier,mur-sur-allier,63226,63115,63,auvergne-rhone-alpes
7447372714,45.893924,3.079712,distributeur_sacs,Mozac,mozac,63245,63200,63,auvergne-rhone-alpes
7447372713,45.893233,3.085043,distributeur_sacs,Mozac,mozac,63245,63200,63,auvergne-rhone-alpes
7447372707,45.892692,3.088635,distributeur_sacs,Mozac,mozac,63245,63200,63,auvergne-rhone-alpes
7447372705,45.891773,3.093058,distributeur_sacs,Mozac,mozac,63245,63200,63,auvergne-rhone-alpes
6744531943,45.675352,3.635773,distributeur_sacs,Olliergues,olliergues,63258,63880,63,auvergne-rhone-alpes
7161122750,45.898086,3.109374,distributeur_sacs,Riom,riom,63300,63200,63,auvergne-rhone-alpes
8476871525,45.894782,3.12016,distributeur_sacs,Riom,riom,63300,63200,63,auvergne-rhone-alpes
5020955824,45.713383,3.068183,distributeur_sacs,Romagnat,romagnat,63307,63540,63,auvergne-rhone-alpes
13014171455,45.76345,3.049874,distributeur_sacs,Royat,royat,63308,63130,63,auvergne-rhone-alpes
3782214346,45.762297,3.049532,distributeur_sacs,Royat,royat,63308,63130,63,auvergne-rhone-alpes
13012225352,45.759324,3.04396,distributeur_sacs,Royat,royat,63308,63130,63,auvergne-rhone-alpes
13018998520,45.76518,3.04845,distributeur_sacs,Royat,royat,63308,63130,63,auvergne-rhone-alpes
13051666523,45.659661,3.090266,distributeur_sacs,Saint-Saturnin,saint-saturnin,63396,63450,63,auvergne-rhone-alpes
12877167154,45.863924,3.580406,distributeur_sacs,Thiers,thiers,63430,63300,63,auvergne-rhone-alpes
10056258009,45.851265,3.549154,distributeur_sacs,Thiers,thiers,63430,63300,63,auvergne-rhone-alpes
12142131248,45.860907,3.542739,distributeur_sacs,Thiers,thiers,63430,63300,63,auvergne-rhone-alpes
13102741479,45.433092,3.881603,distributeur_sacs,Viverols,viverols,63465,63840,63,auvergne-rhone-alpes
12726568569,45.434005,3.884747,distributeur_sacs,Viverols,viverols,63465,63840,63,auvergne-rhone-alpes
8772794921,43.514163,-1.497757,distributeur_sacs,Anglet,anglet,64024,64600,64,nouvelle-aquitaine
8772632045,43.516763,-1.502328,distributeur_sacs,Anglet,anglet,64024,64600,64,nouvelle-aquitaine
8724985115,43.524639,-1.50504,distributeur_sacs,Anglet,anglet,64024,64600,64,nouvelle-aquitaine
8724985114,43.524882,-1.507183,distributeur_sacs,Anglet,anglet,64024,64600,64,nouvelle-aquitaine
3503685991,43.527648,-1.521495,distributeur_sacs,Anglet,anglet,64024,64600,64,nouvelle-aquitaine
8702115719,43.527067,-1.517683,distributeur_sacs,Anglet,anglet,64024,64600,64,nouvelle-aquitaine
8724985113,43.525799,-1.509676,distributeur_sacs,Anglet,anglet,64024,64600,64,nouvelle-aquitaine
8745220187,43.519264,-1.526935,distributeur_sacs,Anglet,anglet,64024,64600,64,nouvelle-aquitaine
8745220190,43.51962,-1.526433,distributeur_sacs,Anglet,anglet,64024,64600,64,nouvelle-aquitaine
8745220209,43.520476,-1.525181,distributeur_sacs,Anglet,anglet,64024,64600,64,nouvelle-aquitaine
8745223617,43.521529,-1.525881,distributeur_sacs,Anglet,anglet,64024,64600,64,nouvelle-aquitaine
8745220182,43.516685,-1.528949,distributeur_sacs,Anglet,anglet,64024,64600,64,nouvelle-aquitaine
8745220170,43.515027,-1.530113,distributeur_sacs,Anglet,anglet,64024,64600,64,nouvelle-aquitaine
8745220174,43.515566,-1.529743,distributeur_sacs,Anglet,anglet,64024,64600,64,nouvelle-aquitaine
8706876320,43.494726,-1.545975,distributeur_sacs,Anglet,anglet,64024,64600,64,nouvelle-aquitaine
10873831519,43.470115,-1.512342,distributeur_sacs,Anglet,anglet,64024,64600,64,nouvelle-aquitaine
10860426866,43.472048,-1.52683,distributeur_sacs,Anglet,anglet,64024,64600,64,nouvelle-aquitaine
10889975262,43.477345,-1.518195,distributeur_sacs,Anglet,anglet,64024,64600,64,nouvelle-aquitaine
8168291208,43.477106,-1.513555,distributeur_sacs,Anglet,anglet,64024,64600,64,nouvelle-aquitaine
11010251331,43.476482,-1.517419,distributeur_sacs,Anglet,anglet,64024,64600,64,nouvelle-aquitaine
11010251329,43.476904,-1.517122,distributeur_sacs,Anglet,anglet,64024,64600,64,nouvelle-aquitaine
10889975260,43.477341,-1.517584,distributeur_sacs,Anglet,anglet,64024,64600,64,nouvelle-aquitaine
8437300391,43.480887,-1.516249,distributeur_sacs,Anglet,anglet,64024,64600,64,nouvelle-aquitaine
8437300390,43.481921,-1.515674,distributeur_sacs,Anglet,anglet,64024,64600,64,nouvelle-aquitaine
8434908360,43.48195,-1.513456,distributeur_sacs,Anglet,anglet,64024,64600,64,nouvelle-aquitaine
10767369079,43.480822,-1.511385,distributeur_sacs,Anglet,anglet,64024,64600,64,nouvelle-aquitaine
8904936656,43.481354,-1.510029,distributeur_sacs,Anglet,anglet,64024,64600,64,nouvelle-aquitaine
8435005199,43.48201,-1.512498,distributeur_sacs,Anglet,anglet,64024,64600,64,nouvelle-aquitaine
10886791051,43.48345,-1.523899,distributeur_sacs,Anglet,anglet,64024,64600,64,nouvelle-aquitaine
10886758616,43.487979,-1.532673,distributeur_sacs,Anglet,anglet,64024,64600,64,nouvelle-aquitaine
8486426715,43.495353,-1.529828,distributeur_sacs,Anglet,anglet,64024,64600,64,nouvelle-aquitaine
8486426714,43.495805,-1.531037,distributeur_sacs,Anglet,anglet,64024,64600,64,nouvelle-aquitaine
12486334421,43.498354,-1.536612,distributeur_sacs,Anglet,anglet,64024,64600,64,nouvelle-aquitaine
8744981634,43.502186,-1.540305,distributeur_sacs,Anglet,anglet,64024,64600,64,nouvelle-aquitaine
8745151021,43.505535,-1.536348,distributeur_sacs,Anglet,anglet,64024,64600,64,nouvelle-aquitaine
8745141309,43.506029,-1.537146,distributeur_sacs,Anglet,anglet,64024,64600,64,nouvelle-aquitaine
8745151036,43.509243,-1.535341,distributeur_sacs,Anglet,anglet,64024,64600,64,nouvelle-aquitaine
8745151073,43.510839,-1.533492,distributeur_sacs,Anglet,anglet,64024,64600,64,nouvelle-aquitaine
11542897916,43.506297,-1.529845,poubelle_dejections,Anglet,anglet,64024,64600,64,nouvelle-aquitaine
8772557515,43.500709,-1.514711,distributeur_sacs,Anglet,anglet,64024,64600,64,nouvelle-aquitaine
8772557495,43.499597,-1.512728,distributeur_sacs,Anglet,anglet,64024,64600,64,nouvelle-aquitaine
8772557492,43.500245,-1.511994,distributeur_sacs,Anglet,anglet,64024,64600,64,nouvelle-aquitaine
8772557486,43.500779,-1.511116,distributeur_sacs,Anglet,anglet,64024,64600,64,nouvelle-aquitaine
8772594625,43.501551,-1.513115,distributeur_sacs,Anglet,anglet,64024,64600,64,nouvelle-aquitaine
10886479115,43.493266,-1.510874,distributeur_sacs,Anglet,anglet,64024,64600,64,nouvelle-aquitaine
10864786024,43.49603,-1.521647,distributeur_sacs,Anglet,anglet,64024,64600,64,nouvelle-aquitaine
10770639262,43.490495,-1.502009,distributeur_sacs,Anglet,anglet,64024,64600,64,nouvelle-aquitaine
10770639256,43.490142,-1.499198,distributeur_sacs,Anglet,anglet,64024,64600,64,nouvelle-aquitaine
10770639257,43.490153,-1.499035,distributeur_sacs,Anglet,anglet,64024,64600,64,nouvelle-aquitaine
10881258408,43.494595,-1.503857,distributeur_sacs,Anglet,anglet,64024,64600,64,nouvelle-aquitaine
12376279024,43.504502,-1.503941,distributeur_sacs,Anglet,anglet,64024,64600,64,nouvelle-aquitaine
12376279018,43.504519,-1.504293,distributeur_sacs,Anglet,anglet,64024,64600,64,nouvelle-aquitaine
8772637047,43.51219,-1.499864,distributeur_sacs,Anglet,anglet,64024,64600,64,nouvelle-aquitaine
13204646505,43.506568,-1.500461,distributeur_sacs,Anglet,anglet,64024,64600,64,nouvelle-aquitaine
9527243206,43.485607,-1.503924,distributeur_sacs,Anglet,anglet,64024,64600,64,nouvelle-aquitaine
9527243207,43.485641,-1.503971,distributeur_sacs,Anglet,anglet,64024,64600,64,nouvelle-aquitaine
10726007255,43.481467,-1.505629,distributeur_sacs,Anglet,anglet,64024,64600,64,nouvelle-aquitaine
10873853140,43.47303,-1.49827,distributeur_sacs,Anglet,anglet,64024,64600,64,nouvelle-aquitaine
10980392685,43.105302,-0.42892,poubelle_dejections,Arudy,arudy,64062,64260,64,nouvelle-aquitaine
13413911456,43.503945,-1.483809,distributeur_sacs,Bayonne,bayonne,64102,64100,64,nouvelle-aquitaine
13414038080,43.508814,-1.481415,distributeur_sacs,Bayonne,bayonne,64102,64100,64,nouvelle-aquitaine
13414038087,43.508147,-1.483733,distributeur_sacs,Bayonne,bayonne,64102,64100,64,nouvelle-aquitaine
10733745408,43.504804,-1.476284,distributeur_sacs,Bayonne,bayonne,64102,64100,64,nouvelle-aquitaine
13414038076,43.505817,-1.475387,distributeur_sacs,Bayonne,bayonne,64102,64100,64,nouvelle-aquitaine
13414038077,43.496503,-1.475025,distributeur_sacs,Bayonne,bayonne,64102,64100,64,nouvelle-aquitaine
13413291314,43.493284,-1.472744,distributeur_sacs,Bayonne,bayonne,64102,64100,64,nouvelle-aquitaine
13413874220,43.492843,-1.473684,distributeur_sacs,Bayonne,bayonne,64102,64100,64,nouvelle-aquitaine
13413773217,43.493096,-1.475836,distributeur_sacs,Bayonne,bayonne,64102,64100,64,nouvelle-aquitaine
13413291319,43.493534,-1.475558,distributeur_sacs,Bayonne,bayonne,64102,64100,64,nouvelle-aquitaine
13413874212,43.494002,-1.476282,distributeur_sacs,Bayonne,bayonne,64102,64100,64,nouvelle-aquitaine
13413874215,43.494521,-1.477238,distributeur_sacs,Bayonne,bayonne,64102,64100,64,nouvelle-aquitaine
13413911458,43.495022,-1.476766,distributeur_sacs,Bayonne,bayonne,64102,64100,64,nouvelle-aquitaine
13414084770,43.493231,-1.477883,distributeur_sacs,Bayonne,bayonne,64102,64100,64,nouvelle-aquitaine
13414084764,43.493703,-1.477909,distributeur_sacs,Bayonne,bayonne,64102,64100,64,nouvelle-aquitaine
13413911467,43.493185,-1.478874,distributeur_sacs,Bayonne,bayonne,64102,64100,64,nouvelle-aquitaine
10757110301,43.492744,-1.479019,distributeur_sacs,Bayonne,bayonne,64102,64100,64,nouvelle-aquitaine
13414038096,43.497247,-1.477861,distributeur_sacs,Bayonne,bayonne,64102,64100,64,nouvelle-aquitaine
13414084768,43.496798,-1.483663,distributeur_sacs,Bayonne,bayonne,64102,64100,64,nouvelle-aquitaine
13414038094,43.496412,-1.483375,distributeur_sacs,Bayonne,bayonne,64102,64100,64,nouvelle-aquitaine
13414038092,43.496549,-1.488161,distributeur_sacs,Bayonne,bayonne,64102,64100,64,nouvelle-aquitaine
13414038085,43.49461,-1.485676,distributeur_sacs,Bayonne,bayonne,64102,64100,64,nouvelle-aquitaine
13414084767,43.494721,-1.489298,distributeur_sacs,Bayonne,bayonne,64102,64100,64,nouvelle-aquitaine
13414038090,43.494122,-1.48139,distributeur_sacs,Bayonne,bayonne,64102,64100,64,nouvelle-aquitaine
13413911457,43.494172,-1.482962,distributeur_sacs,Bayonne,bayonne,64102,64100,64,nouvelle-aquitaine
13413874213,43.487808,-1.48822,distributeur_sacs,Bayonne,bayonne,64102,64100,64,nouvelle-aquitaine
13413773224,43.486779,-1.487548,distributeur_sacs,Bayonne,bayonne,64102,64100,64,nouvelle-aquitaine
13413911463,43.488712,-1.477352,distributeur_sacs,Bayonne,bayonne,64102,64100,64,nouvelle-aquitaine
13413911462,43.488819,-1.477753,distributeur_sacs,Bayonne,bayonne,64102,64100,64,nouvelle-aquitaine
13413773225,43.488517,-1.478426,distributeur_sacs,Bayonne,bayonne,64102,64100,64,nouvelle-aquitaine
13413291318,43.492297,-1.476702,distributeur_sacs,Bayonne,bayonne,64102,64100,64,nouvelle-aquitaine
13413874217,43.491561,-1.476502,distributeur_sacs,Bayonne,bayonne,64102,64100,64,nouvelle-aquitaine
13414038088,43.490569,-1.476713,distributeur_sacs,Bayonne,bayonne,64102,64100,64,nouvelle-aquitaine
13415292401,43.490752,-1.477067,distributeur_sacs,Bayonne,bayonne,64102,64100,64,nouvelle-aquitaine
13413345957,43.490017,-1.47786,distributeur_sacs,Bayonne,bayonne,64102,64100,64,nouvelle-aquitaine
13414038079,43.489486,-1.478148,distributeur_sacs,Bayonne,bayonne,64102,64100,64,nouvelle-aquitaine
13413773221,43.489735,-1.4769,distributeur_sacs,Bayonne,bayonne,64102,64100,64,nouvelle-aquitaine
6036202597,43.489652,-1.475794,poubelle_dejections,Bayonne,bayonne,64102,64100,64,nouvelle-aquitaine
13414038075,43.489638,-1.474907,distributeur_sacs,Bayonne,bayonne,64102,64100,64,nouvelle-aquitaine
13413911465,43.491034,-1.47582,distributeur_sacs,Bayonne,bayonne,64102,64100,64,nouvelle-aquitaine
13414100477,43.491506,-1.475975,distributeur_sacs,Bayonne,bayonne,64102,64100,64,nouvelle-aquitaine
13414084763,43.492514,-1.475344,distributeur_sacs,Bayonne,bayonne,64102,64100,64,nouvelle-aquitaine
13414100475,43.492125,-1.47449,distributeur_sacs,Bayonne,bayonne,64102,64100,64,nouvelle-aquitaine
13414084769,43.491026,-1.474898,distributeur_sacs,Bayonne,bayonne,64102,64100,64,nouvelle-aquitaine
13413911461,43.491881,-1.472566,distributeur_sacs,Bayonne,bayonne,64102,64100,64,nouvelle-aquitaine
13414038078,43.490783,-1.472242,distributeur_sacs,Bayonne,bayonne,64102,64100,64,nouvelle-aquitaine
13413291313,43.490181,-1.472324,distributeur_sacs,Bayonne,bayonne,64102,64100,64,nouvelle-aquitaine
13413911453,43.490869,-1.472956,distributeur_sacs,Bayonne,bayonne,64102,64100,64,nouvelle-aquitaine
13414100484,43.490949,-1.473912,distributeur_sacs,Bayonne,bayonne,64102,64100,64,nouvelle-aquitaine
13414038086,43.490261,-1.474085,distributeur_sacs,Bayonne,bayonne,64102,64100,64,nouvelle-aquitaine
12382525081,43.489449,-1.473413,distributeur_sacs,Bayonne,bayonne,64102,64100,64,nouvelle-aquitaine
13413911454,43.48886,-1.472821,distributeur_sacs,Bayonne,bayonne,64102,64100,64,nouvelle-aquitaine
13414038095,43.48776,-1.474117,distributeur_sacs,Bayonne,bayonne,64102,64100,64,nouvelle-aquitaine
12382544329,43.488876,-1.474164,distributeur_sacs,Bayonne,bayonne,64102,64100,64,nouvelle-aquitaine
13414100480,43.488671,-1.475916,distributeur_sacs,Bayonne,bayonne,64102,64100,64,nouvelle-aquitaine
13413911466,43.475967,-1.484249,distributeur_sacs,Bayonne,bayonne,64102,64100,64,nouvelle-aquitaine
12514867460,43.475676,-1.482055,distributeur_sacs,Bayonne,bayonne,64102,64100,64,nouvelle-aquitaine
11001393119,43.481649,-1.487305,distributeur_sacs,Bayonne,bayonne,64102,64100,64,nouvelle-aquitaine
13414038091,43.482259,-1.485828,distributeur_sacs,Bayonne,bayonne,64102,64100,64,nouvelle-aquitaine
13414084766,43.480859,-1.485351,distributeur_sacs,Bayonne,bayonne,64102,64100,64,nouvelle-aquitaine
13413345959,43.484796,-1.485877,distributeur_sacs,Bayonne,bayonne,64102,64100,64,nouvelle-aquitaine
13413291316,43.483782,-1.486471,distributeur_sacs,Bayonne,bayonne,64102,64100,64,nouvelle-aquitaine
13413291315,43.483624,-1.486197,distributeur_sacs,Bayonne,bayonne,64102,64100,64,nouvelle-aquitaine
13414100482,43.478185,-1.499803,distributeur_sacs,Bayonne,bayonne,64102,64100,64,nouvelle-aquitaine
13414038089,43.479253,-1.502859,distributeur_sacs,Bayonne,bayonne,64102,64100,64,nouvelle-aquitaine
13413773223,43.478942,-1.498688,distributeur_sacs,Bayonne,bayonne,64102,64100,64,nouvelle-aquitaine
9053423876,43.506596,-1.430362,distributeur_sacs,Bayonne,bayonne,64102,64100,64,nouvelle-aquitaine
13414100478,43.485341,-1.459666,distributeur_sacs,Bayonne,bayonne,64102,64100,64,nouvelle-aquitaine
13413911464,43.483899,-1.463521,distributeur_sacs,Bayonne,bayonne,64102,64100,64,nouvelle-aquitaine
12426252315,43.490499,-1.463312,distributeur_sacs,Bayonne,bayonne,64102,64100,64,nouvelle-aquitaine
13413874216,43.49136,-1.464591,distributeur_sacs,Bayonne,bayonne,64102,64100,64,nouvelle-aquitaine
13414038083,43.492478,-1.462747,distributeur_sacs,Bayonne,bayonne,64102,64100,64,nouvelle-aquitaine
12397936241,43.492508,-1.465335,distributeur_sacs,Bayonne,bayonne,64102,64100,64,nouvelle-aquitaine
8668978237,43.490717,-1.469534,distributeur_sacs,Bayonne,bayonne,64102,64100,64,nouvelle-aquitaine
13413773222,43.49063,-1.470224,distributeur_sacs,Bayonne,bayonne,64102,64100,64,nouvelle-aquitaine
13413291320,43.489377,-1.471775,distributeur_sacs,Bayonne,bayonne,64102,64100,64,nouvelle-aquitaine
13413874214,43.489683,-1.471832,distributeur_sacs,Bayonne,bayonne,64102,64100,64,nouvelle-aquitaine
13414038093,43.490934,-1.471687,distributeur_sacs,Bayonne,bayonne,64102,64100,64,nouvelle-aquitaine
7839671993,43.491715,-1.470345,distributeur_sacs,Bayonne,bayonne,64102,64100,64,nouvelle-aquitaine
13413345956,43.49212,-1.471383,distributeur_sacs,Bayonne,bayonne,64102,64100,64,nouvelle-aquitaine
10180882392,43.493008,-1.467319,distributeur_sacs,Bayonne,bayonne,64102,64100,64,nouvelle-aquitaine
13413291335,43.493013,-1.467316,distributeur_sacs,Bayonne,bayonne,64102,64100,64,nouvelle-aquitaine
8114546956,43.493433,-1.46762,distributeur_sacs,Bayonne,bayonne,64102,64100,64,nouvelle-aquitaine
13413291336,43.493673,-1.468737,distributeur_sacs,Bayonne,bayonne,64102,64100,64,nouvelle-aquitaine
9529734503,43.493687,-1.468754,distributeur_sacs,Bayonne,bayonne,64102,64100,64,nouvelle-aquitaine
8119003331,43.494323,-1.467562,distributeur_sacs,Bayonne,bayonne,64102,64100,64,nouvelle-aquitaine
8114491281,43.49465,-1.467294,distributeur_sacs,Bayonne,bayonne,64102,64100,64,nouvelle-aquitaine
13414100483,43.495254,-1.467358,distributeur_sacs,Bayonne,bayonne,64102,64100,64,nouvelle-aquitaine
8119012030,43.494448,-1.469808,distributeur_sacs,Bayonne,bayonne,64102,64100,64,nouvelle-aquitaine
13413773218,43.494558,-1.46986,distributeur_sacs,Bayonne,bayonne,64102,64100,64,nouvelle-aquitaine
8118344436,43.495563,-1.471708,distributeur_sacs,Bayonne,bayonne,64102,64100,64,nouvelle-aquitaine
13413773220,43.498299,-1.467605,distributeur_sacs,Bayonne,bayonne,64102,64100,64,nouvelle-aquitaine
13413773219,43.497371,-1.468132,distributeur_sacs,Bayonne,bayonne,64102,64100,64,nouvelle-aquitaine
13414100476,43.496319,-1.4691,distributeur_sacs,Bayonne,bayonne,64102,64100,64,nouvelle-aquitaine
13413874218,43.497042,-1.463645,distributeur_sacs,Bayonne,bayonne,64102,64100,64,nouvelle-aquitaine
8159284940,43.495092,-1.463021,distributeur_sacs,Bayonne,bayonne,64102,64100,64,nouvelle-aquitaine
8120482344,43.494962,-1.463721,distributeur_sacs,Bayonne,bayonne,64102,64100,64,nouvelle-aquitaine
7328853636,43.495923,-1.465363,distributeur_sacs,Bayonne,bayonne,64102,64100,64,nouvelle-aquitaine
12354079742,43.494784,-1.466365,distributeur_sacs,Bayonne,bayonne,64102,64100,64,nouvelle-aquitaine
12409772113,43.494662,-1.4665,distributeur_sacs,Bayonne,bayonne,64102,64100,64,nouvelle-aquitaine
13414084762,43.49408,-1.466293,distributeur_sacs,Bayonne,bayonne,64102,64100,64,nouvelle-aquitaine
13413911455,43.493643,-1.466631,distributeur_sacs,Bayonne,bayonne,64102,64100,64,nouvelle-aquitaine
13413345961,43.492652,-1.466333,distributeur_sacs,Bayonne,bayonne,64102,64100,64,nouvelle-aquitaine
12369815667,43.493101,-1.46415,distributeur_sacs,Bayonne,bayonne,64102,64100,64,nouvelle-aquitaine
12369820339,43.493115,-1.463961,distributeur_sacs,Bayonne,bayonne,64102,64100,64,nouvelle-aquitaine
12320765346,43.494181,-1.462685,distributeur_sacs,Bayonne,bayonne,64102,64100,64,nouvelle-aquitaine
13414038081,43.493189,-1.461607,distributeur_sacs,Bayonne,bayonne,64102,64100,64,nouvelle-aquitaine
13413345960,43.493755,-1.461706,distributeur_sacs,Bayonne,bayonne,64102,64100,64,nouvelle-aquitaine
13414100481,43.493603,-1.46022,distributeur_sacs,Bayonne,bayonne,64102,64100,64,nouvelle-aquitaine
13413345958,43.498463,-1.462195,distributeur_sacs,Bayonne,bayonne,64102,64100,64,nouvelle-aquitaine
13038873220,43.496366,-1.45797,distributeur_sacs,Bayonne,bayonne,64102,64100,64,nouvelle-aquitaine
13413911459,43.493984,-1.454312,distributeur_sacs,Bayonne,bayonne,64102,64100,64,nouvelle-aquitaine
13413911460,43.48601,-1.461038,distributeur_sacs,Bayonne,bayonne,64102,64100,64,nouvelle-aquitaine
13413874219,43.506904,-1.462175,distributeur_sacs,Bayonne,bayonne,64102,64100,64,nouvelle-aquitaine
13414038084,43.507013,-1.459866,distributeur_sacs,Bayonne,bayonne,64102,64100,64,nouvelle-aquitaine
13414084765,43.506484,-1.458736,distributeur_sacs,Bayonne,bayonne,64102,64100,64,nouvelle-aquitaine
13413291317,43.49988,-1.460983,distributeur_sacs,Bayonne,bayonne,64102,64100,64,nouvelle-aquitaine
12323976536,43.499496,-1.462715,distributeur_sacs,Bayonne,bayonne,64102,64100,64,nouvelle-aquitaine
13414100479,43.5043,-1.467539,distributeur_sacs,Bayonne,bayonne,64102,64100,64,nouvelle-aquitaine
5929241067,43.487458,-1.55576,distributeur_sacs,Biarritz,biarritz,64122,64200,64,nouvelle-aquitaine
5929368217,43.48548,-1.549534,distributeur_sacs,Biarritz,biarritz,64122,64200,64,nouvelle-aquitaine
5219717858,43.485274,-1.550202,distributeur_sacs,Biarritz,biarritz,64122,64200,64,nouvelle-aquitaine
5929329411,43.485963,-1.551605,distributeur_sacs,Biarritz,biarritz,64122,64200,64,nouvelle-aquitaine
5929323117,43.48576,-1.552967,distributeur_sacs,Biarritz,biarritz,64122,64200,64,nouvelle-aquitaine
5929247331,43.485603,-1.554103,distributeur_sacs,Biarritz,biarritz,64122,64200,64,nouvelle-aquitaine
12073705887,43.48089,-1.554482,distributeur_sacs,Biarritz,biarritz,64122,64200,64,nouvelle-aquitaine
11480614363,43.479301,-1.552534,distributeur_sacs,Biarritz,biarritz,64122,64200,64,nouvelle-aquitaine
11480631803,43.479581,-1.549995,distributeur_sacs,Biarritz,biarritz,64122,64200,64,nouvelle-aquitaine
11771699275,43.477988,-1.549384,distributeur_sacs,Biarritz,biarritz,64122,64200,64,nouvelle-aquitaine
11771708230,43.477617,-1.55175,distributeur_sacs,Biarritz,biarritz,64122,64200,64,nouvelle-aquitaine
13265367182,43.476306,-1.556818,distributeur_sacs,Biarritz,biarritz,64122,64200,64,nouvelle-aquitaine
7777380768,43.479155,-1.559734,distributeur_sacs,Biarritz,biarritz,64122,64200,64,nouvelle-aquitaine
12100694040,43.480012,-1.555068,distributeur_sacs,Biarritz,biarritz,64122,64200,64,nouvelle-aquitaine
11243847831,43.480623,-1.555338,distributeur_sacs,Biarritz,biarritz,64122,64200,64,nouvelle-aquitaine
10187952317,43.480728,-1.5559,distributeur_sacs,Biarritz,biarritz,64122,64200,64,nouvelle-aquitaine
11125840263,43.482576,-1.554683,distributeur_sacs,Biarritz,biarritz,64122,64200,64,nouvelle-aquitaine
6499587575,43.481852,-1.555805,distributeur_sacs,Biarritz,biarritz,64122,64200,64,nouvelle-aquitaine
6813960397,43.481979,-1.558071,distributeur_sacs,Biarritz,biarritz,64122,64200,64,nouvelle-aquitaine
11085518729,43.481034,-1.559009,distributeur_sacs,Biarritz,biarritz,64122,64200,64,nouvelle-aquitaine
5926922112,43.485653,-1.557016,distributeur_sacs,Biarritz,biarritz,64122,64200,64,nouvelle-aquitaine
5926913485,43.48519,-1.557835,distributeur_sacs,Biarritz,biarritz,64122,64200,64,nouvelle-aquitaine
13057753684,43.482989,-1.559373,distributeur_sacs,Biarritz,biarritz,64122,64200,64,nouvelle-aquitaine
13057741412,43.483115,-1.559832,distributeur_sacs,Biarritz,biarritz,64122,64200,64,nouvelle-aquitaine
8938668955,43.477628,-1.566591,distributeur_sacs,Biarritz,biarritz,64122,64200,64,nouvelle-aquitaine
7770617270,43.467713,-1.572647,distributeur_sacs,Biarritz,biarritz,64122,64200,64,nouvelle-aquitaine
7233468907,43.460135,-1.577849,distributeur_sacs,Bidart,bidart,64125,64210,64,nouvelle-aquitaine
7540643688,43.46113,-1.577198,distributeur_sacs,Bidart,bidart,64125,64210,64,nouvelle-aquitaine
13110661064,43.311045,-0.389804,distributeur_sacs,Billère,billere,64129,64140,64,nouvelle-aquitaine
8449570076,43.292323,-0.344581,distributeur_sacs,Bizanos,bizanos,64132,64320,64,nouvelle-aquitaine
8656057136,43.28741,-0.357683,distributeur_sacs,Bizanos,bizanos,64132,64320,64,nouvelle-aquitaine
8476448899,43.288612,-0.350207,distributeur_sacs,Bizanos,bizanos,64132,64320,64,nouvelle-aquitaine
9779507333,43.362792,-1.402736,distributeur_sacs,Cambo-les-Bains,cambo-les-bains,64160,64250,64,nouvelle-aquitaine
9779507323,43.362689,-1.401626,distributeur_sacs,Cambo-les-Bains,cambo-les-bains,64160,64250,64,nouvelle-aquitaine
5444763879,43.384466,-1.667676,distributeur_sacs,Ciboure,ciboure,64189,64500,64,nouvelle-aquitaine
13421472183,43.38193,-1.667644,distributeur_sacs,Ciboure,ciboure,64189,64500,64,nouvelle-aquitaine
12121622555,43.380182,-1.675348,distributeur_sacs,Ciboure,ciboure,64189,64500,64,nouvelle-aquitaine
12118506976,43.384346,-1.689856,distributeur_sacs,Ciboure,ciboure,64189,64500,64,nouvelle-aquitaine
12118506975,43.385995,-1.687581,distributeur_sacs,Ciboure,ciboure,64189,64500,64,nouvelle-aquitaine
12118506974,43.386885,-1.685759,distributeur_sacs,Ciboure,ciboure,64189,64500,64,nouvelle-aquitaine
12118506973,43.388806,-1.685384,distributeur_sacs,Ciboure,ciboure,64189,64500,64,nouvelle-aquitaine
9807839822,43.388376,-1.685838,distributeur_sacs,Ciboure,ciboure,64189,64500,64,nouvelle-aquitaine
12118506972,43.390155,-1.685409,distributeur_sacs,Ciboure,ciboure,64189,64500,64,nouvelle-aquitaine
13031963351,42.958966,-0.331617,distributeur_sacs,Eaux-Bonnes,eaux-bonnes,64204,64440,64,nouvelle-aquitaine
9779002083,43.340351,-1.446186,distributeur_sacs,Espelette,espelette,64213,64250,64,nouvelle-aquitaine
7019244257,43.425897,-1.608997,poubelle_dejections,Guéthary,guethary,64249,64210,64,nouvelle-aquitaine
11231089054,43.38348,-1.307803,distributeur_sacs,Hasparren,hasparren,64256,64240,64,nouvelle-aquitaine
11188007009,43.383171,-1.309431,distributeur_sacs,Hasparren,hasparren,64256,64240,64,nouvelle-aquitaine
11187992367,43.383344,-1.310096,distributeur_sacs,Hasparren,hasparren,64256,64240,64,nouvelle-aquitaine
11191592204,43.382877,-1.31272,distributeur_sacs,Hasparren,hasparren,64256,64240,64,nouvelle-aquitaine
11187951450,43.382637,-1.311217,distributeur_sacs,Hasparren,hasparren,64256,64240,64,nouvelle-aquitaine
11231214612,43.381229,-1.305897,distributeur_sacs,Hasparren,hasparren,64256,64240,64,nouvelle-aquitaine
5997688634,43.342717,-1.770654,poubelle_dejections,Hendaye,hendaye,64260,64700,64,nouvelle-aquitaine
10313654750,43.287223,-0.390612,distributeur_sacs,Jurançon,jurancon,64284,64110,64,nouvelle-aquitaine
10236000962,43.281481,-0.386837,distributeur_sacs,Jurançon,jurancon,64284,64110,64,nouvelle-aquitaine
9440394347,43.282284,-0.384825,distributeur_sacs,Jurançon,jurancon,64284,64110,64,nouvelle-aquitaine
9672220555,43.222672,-0.886814,poubelle_dejections,Mauléon-Licharre,mauleon-licharre,64371,64130,64,nouvelle-aquitaine
11146948669,43.22251,-0.883586,distributeur_sacs,Mauléon-Licharre,mauleon-licharre,64371,64130,64,nouvelle-aquitaine
11054966020,43.220666,-0.889404,distributeur_sacs,Mauléon-Licharre,mauleon-licharre,64371,64130,64,nouvelle-aquitaine
10004013094,43.219569,-0.888929,poubelle_dejections,Mauléon-Licharre,mauleon-licharre,64371,64130,64,nouvelle-aquitaine
9672220559,43.220458,-0.891235,poubelle_dejections,Mauléon-Licharre,mauleon-licharre,64371,64130,64,nouvelle-aquitaine
12430259131,43.221548,-0.891037,distributeur_sacs,Mauléon-Licharre,mauleon-licharre,64371,64130,64,nouvelle-aquitaine
9672220544,43.22191,-0.891145,poubelle_dejections,Mauléon-Licharre,mauleon-licharre,64371,64130,64,nouvelle-aquitaine
9216995661,43.2209,-0.892585,poubelle_dejections,Mauléon-Licharre,mauleon-licharre,64371,64130,64,nouvelle-aquitaine
11054966021,43.220864,-0.892463,distributeur_sacs,Mauléon-Licharre,mauleon-licharre,64371,64130,64,nouvelle-aquitaine
8021794585,43.470564,-1.428188,distributeur_sacs,Mouguerre,mouguerre,64407,64990,64,nouvelle-aquitaine
12663078933,43.296597,-0.358769,distributeur_sacs,Pau,pau,64445,64000,64,nouvelle-aquitaine
12663042766,43.298373,-0.358233,distributeur_sacs,Pau,pau,64445,64000,64,nouvelle-aquitaine
12662980192,43.294045,-0.362885,distributeur_sacs,Pau,pau,64445,64000,64,nouvelle-aquitaine
11331541028,43.297215,-0.370194,distributeur_sacs,Pau,pau,64445,64000,64,nouvelle-aquitaine
11225097959,43.298072,-0.37165,distributeur_sacs,Pau,pau,64445,64000,64,nouvelle-aquitaine
8835449204,43.297793,-0.373583,distributeur_sacs,Pau,pau,64445,64000,64,nouvelle-aquitaine
6121886935,43.331507,-0.371295,distributeur_sacs,Pau,pau,64445,64000,64,nouvelle-aquitaine
6142117541,43.331573,-0.369041,distributeur_sacs,Pau,pau,64445,64000,64,nouvelle-aquitaine
13084265170,43.300412,-0.36555,distributeur_sacs,Pau,pau,64445,64000,64,nouvelle-aquitaine
13084238283,43.302129,-0.365125,distributeur_sacs,Pau,pau,64445,64000,64,nouvelle-aquitaine
6059996133,43.300427,-0.358124,distributeur_sacs,Pau,pau,64445,64000,64,nouvelle-aquitaine
6060018559,43.29922,-0.35415,distributeur_sacs,Pau,pau,64445,64000,64,nouvelle-aquitaine
12151908246,43.309715,-0.357789,distributeur_sacs,Pau,pau,64445,64000,64,nouvelle-aquitaine
8097743631,43.308235,-0.360542,distributeur_sacs,Pau,pau,64445,64000,64,nouvelle-aquitaine
8071657236,43.308327,-0.361146,distributeur_sacs,Pau,pau,64445,64000,64,nouvelle-aquitaine
11198280411,43.308618,-0.361192,distributeur_sacs,Pau,pau,64445,64000,64,nouvelle-aquitaine
10559696325,43.305594,-0.338123,distributeur_sacs,Pau,pau,64445,64000,64,nouvelle-aquitaine
10623979306,43.312101,-0.321912,distributeur_sacs,Pau,pau,64445,64000,64,nouvelle-aquitaine
6065699369,43.330158,-0.367018,distributeur_sacs,Pau,pau,64445,64000,64,nouvelle-aquitaine
13097928015,43.381735,-1.649746,distributeur_sacs,Saint-Jean-de-Luz,saint-jean-de-luz,64483,64500,64,nouvelle-aquitaine
9521300573,43.387621,-1.654932,distributeur_sacs,Saint-Jean-de-Luz,saint-jean-de-luz,64483,64500,64,nouvelle-aquitaine
12656696160,43.382792,-1.65955,poubelle_dejections,Saint-Jean-de-Luz,saint-jean-de-luz,64483,64500,64,nouvelle-aquitaine
12656712672,43.382792,-1.659551,distributeur_sacs,Saint-Jean-de-Luz,saint-jean-de-luz,64483,64500,64,nouvelle-aquitaine
13097944130,43.383466,-1.661307,distributeur_sacs,Saint-Jean-de-Luz,saint-jean-de-luz,64483,64500,64,nouvelle-aquitaine
13097922832,43.384531,-1.662558,distributeur_sacs,Saint-Jean-de-Luz,saint-jean-de-luz,64483,64500,64,nouvelle-aquitaine
13408476486,43.470341,-1.44601,poubelle_dejections,Saint-Pierre-d'Irube,saint-pierre-dirube,64496,64990,64,nouvelle-aquitaine
13005903677,43.474506,-1.459963,poubelle_dejections,Saint-Pierre-d'Irube,saint-pierre-dirube,64496,64990,64,nouvelle-aquitaine
13005903676,43.474288,-1.459772,poubelle_dejections,Saint-Pierre-d'Irube,saint-pierre-dirube,64496,64990,64,nouvelle-aquitaine
12949281244,43.475733,-1.459568,poubelle_dejections,Saint-Pierre-d'Irube,saint-pierre-dirube,64496,64990,64,nouvelle-aquitaine
10784729562,43.476679,-0.918318,poubelle_dejections,Salies-de-Béarn,salies-de-bearn,64499,64270,64,nouvelle-aquitaine
10784729556,43.474233,-0.926901,poubelle_dejections,Salies-de-Béarn,salies-de-bearn,64499,64270,64,nouvelle-aquitaine
13330110225,43.472941,-0.926337,distributeur_sacs,Salies-de-Béarn,salies-de-bearn,64499,64270,64,nouvelle-aquitaine
13343043815,43.471694,-0.92664,distributeur_sacs,Salies-de-Béarn,salies-de-bearn,64499,64270,64,nouvelle-aquitaine
13330059576,43.47084,-0.927036,distributeur_sacs,Salies-de-Béarn,salies-de-bearn,64499,64270,64,nouvelle-aquitaine
13343043816,43.472051,-0.929934,distributeur_sacs,Salies-de-Béarn,salies-de-bearn,64499,64270,64,nouvelle-aquitaine
12118506981,43.375454,-1.674611,distributeur_sacs,Urrugne,urrugne,64545,64122/64700,64,nouvelle-aquitaine
12118506983,43.374275,-1.673129,distributeur_sacs,Urrugne,urrugne,64545,64122/64700,64,nouvelle-aquitaine
12118506982,43.374837,-1.673942,distributeur_sacs,Urrugne,urrugne,64545,64122/64700,64,nouvelle-aquitaine
12118506984,43.37774,-1.670315,distributeur_sacs,Urrugne,urrugne,64545,64122/64700,64,nouvelle-aquitaine
12118506978,43.385664,-1.69019,distributeur_sacs,Urrugne,urrugne,64545,64122/64700,64,nouvelle-aquitaine
12118506979,43.384679,-1.691744,distributeur_sacs,Urrugne,urrugne,64545,64122/64700,64,nouvelle-aquitaine
12118506977,43.386079,-1.688018,distributeur_sacs,Urrugne,urrugne,64545,64122/64700,64,nouvelle-aquitaine
9807840319,43.387288,-1.686938,distributeur_sacs,Urrugne,urrugne,64545,64122/64700,64,nouvelle-aquitaine
12118506980,43.383458,-1.694924,distributeur_sacs,Urrugne,urrugne,64545,64122/64700,64,nouvelle-aquitaine
13404756210,42.784055,0.157827,distributeur_sacs,Aragnouet,aragnouet,65017,65170,65,occitanie
13404756212,42.783895,0.158748,distributeur_sacs,Aragnouet,aragnouet,65017,65170,65,occitanie
13404756211,42.784596,0.158541,distributeur_sacs,Aragnouet,aragnouet,65017,65170,65,occitanie
13551180445,42.890337,-0.115336,distributeur_sacs,Cauterets,cauterets,65138,65110,65,occitanie
13551183590,42.890071,-0.116491,distributeur_sacs,Cauterets,cauterets,65138,65110,65,occitanie
13546397372,42.889672,-0.112163,distributeur_sacs,Cauterets,cauterets,65138,65110,65,occitanie
2653960635,42.888627,-0.114313,distributeur_sacs,Cauterets,cauterets,65138,65110,65,occitanie
13545673128,42.888277,-0.115256,distributeur_sacs,Cauterets,cauterets,65138,65110,65,occitanie
13551180724,42.888123,-0.115429,distributeur_sacs,Cauterets,cauterets,65138,65110,65,occitanie
10674448604,43.095988,-0.048606,poubelle_dejections,Lourdes,lourdes,65286,65100,65,occitanie
6931949547,43.092436,-0.049124,distributeur_sacs,Lourdes,lourdes,65286,65100,65,occitanie
6931760041,43.091062,-0.050248,distributeur_sacs,Lourdes,lourdes,65286,65100,65,occitanie
13075502912,42.872794,-0.005849,poubelle_dejections,Luz-Saint-Sauveur,luz-saint-sauveur,65295,65120,65,occitanie
2024981561,42.962474,-0.067496,distributeur_sacs,Pierrefitte-Nestalas,pierrefitte-nestalas,65362,65260,65,occitanie
10695060887,42.818734,0.321213,distributeur_sacs,Saint-Lary-Soulan,saint-lary-soulan,65388,65170,65,occitanie
10695060888,42.818919,0.321708,distributeur_sacs,Saint-Lary-Soulan,saint-lary-soulan,65388,65170,65,occitanie
10695712694,42.816691,0.32184,distributeur_sacs,Saint-Lary-Soulan,saint-lary-soulan,65388,65170,65,occitanie
11632849048,43.221018,0.101178,distributeur_sacs,Séméac,semeac,65417,65600,65,occitanie
12668599431,43.232778,0.091176,distributeur_sacs,Séméac,semeac,65417,65600,65,occitanie
12668602479,43.232778,0.091177,poubelle_dejections,Séméac,semeac,65417,65600,65,occitanie
12162048112,43.239586,0.070347,distributeur_sacs,Tarbes,tarbes,65440,65000,65,occitanie
12157589412,43.235694,0.070112,distributeur_sacs,Tarbes,tarbes,65440,65000,65,occitanie
12668620633,43.23516,0.068265,distributeur_sacs,Tarbes,tarbes,65440,65000,65,occitanie
11873947373,43.23014,0.085044,distributeur_sacs,Tarbes,tarbes,65440,65000,65,occitanie
12025491834,43.22906,0.07945,distributeur_sacs,Tarbes,tarbes,65440,65000,65,occitanie
10050711260,43.229881,0.080776,poubelle_dejections,Tarbes,tarbes,65440,65000,65,occitanie
11978016695,43.231781,0.081917,distributeur_sacs,Tarbes,tarbes,65440,65000,65,occitanie
11975092042,43.231119,0.081382,distributeur_sacs,Tarbes,tarbes,65440,65000,65,occitanie
12154091745,43.232918,0.075523,distributeur_sacs,Tarbes,tarbes,65440,65000,65,occitanie
12512139744,43.235295,0.075638,distributeur_sacs,Tarbes,tarbes,65440,65000,65,occitanie
6850737863,43.236949,0.079897,distributeur_sacs,Tarbes,tarbes,65440,65000,65,occitanie
12668607937,43.232789,0.085462,distributeur_sacs,Tarbes,tarbes,65440,65000,65,occitanie
3321905603,42.819797,0.32008,distributeur_sacs,Vignec,vignec,65471,65170,65,occitanie
11378515548,42.640052,2.973608,distributeur_sacs,Alénya,alenya,66002,66200,66,occitanie
11378515487,42.638688,2.979291,distributeur_sacs,Alénya,alenya,66002,66200,66,occitanie
9709117283,42.639029,2.982427,distributeur_sacs,Alénya,alenya,66002,66200,66,occitanie
12760447128,42.639223,2.980831,distributeur_sacs,Alénya,alenya,66002,66200,66,occitanie
790287007,42.484216,2.674548,distributeur_sacs,Amélie-les-Bains-Palalda,amelie-les-bains-palalda,66003,66110,66,occitanie
8462135181,42.537397,3.055201,distributeur_sacs,Argelès-sur-Mer,argeles-sur-mer,66008,66700,66,occitanie
8462239005,42.53563,3.057366,distributeur_sacs,Argelès-sur-Mer,argeles-sur-mer,66008,66700,66,occitanie
12254644589,42.533526,3.06804,distributeur_sacs,Argelès-sur-Mer,argeles-sur-mer,66008,66700,66,occitanie
13094414674,42.547325,3.022398,distributeur_sacs,Argelès-sur-Mer,argeles-sur-mer,66008,66700,66,occitanie
13094414678,42.547238,3.02295,distributeur_sacs,Argelès-sur-Mer,argeles-sur-mer,66008,66700,66,occitanie
12566216286,42.547116,3.024242,distributeur_sacs,Argelès-sur-Mer,argeles-sur-mer,66008,66700,66,occitanie
13058359632,42.553146,3.037975,poubelle_dejections,Argelès-sur-Mer,argeles-sur-mer,66008,66700,66,occitanie
9751316230,42.603216,2.896167,distributeur_sacs,Bages,bages,66011,66670,66,occitanie
9751316233,42.603212,2.896443,distributeur_sacs,Bages,bages,66011,66670,66,occitanie
9552777564,42.606223,2.892716,distributeur_sacs,Bages,bages,66011,66670,66,occitanie
9552777552,42.605907,2.891993,distributeur_sacs,Bages,bages,66011,66670,66,occitanie
9565993782,42.605951,2.892471,distributeur_sacs,Bages,bages,66011,66670,66,occitanie
9552777549,42.606144,2.893245,distributeur_sacs,Bages,bages,66011,66670,66,occitanie
9385749986,42.611355,2.897101,distributeur_sacs,Bages,bages,66011,66670,66,occitanie
9565939759,42.602925,2.886682,distributeur_sacs,Bages,bages,66011,66670,66,occitanie
13296742141,42.70181,2.818492,distributeur_sacs,Baho,baho,66012,66540,66,occitanie
9672795618,42.701177,2.821411,distributeur_sacs,Baho,baho,66012,66540,66,occitanie
9855931833,42.702105,2.822332,distributeur_sacs,Baho,baho,66012,66540,66,occitanie
9672782107,42.701449,2.822276,distributeur_sacs,Baho,baho,66012,66540,66,occitanie
13290470201,42.751731,2.814284,distributeur_sacs,Baixas,baixas,66014,66390,66,occitanie
13290455091,42.751252,2.812647,distributeur_sacs,Baixas,baixas,66014,66390,66,occitanie
13333785214,42.748925,2.809497,distributeur_sacs,Baixas,baixas,66014,66390,66,occitanie
13290392037,42.752771,2.817113,distributeur_sacs,Baixas,baixas,66014,66390,66,occitanie
12253875504,42.564955,2.863957,distributeur_sacs,Banyuls-dels-Aspres,banyuls-dels-aspres,66015,66300,66,occitanie
12253875505,42.566545,2.863286,distributeur_sacs,Banyuls-dels-Aspres,banyuls-dels-aspres,66015,66300,66,occitanie
12253855999,42.568101,2.861243,distributeur_sacs,Banyuls-dels-Aspres,banyuls-dels-aspres,66015,66300,66,occitanie
12254547021,42.567354,2.86637,distributeur_sacs,Banyuls-dels-Aspres,banyuls-dels-aspres,66015,66300,66,occitanie
12253875506,42.567093,2.866205,distributeur_sacs,Banyuls-dels-Aspres,banyuls-dels-aspres,66015,66300,66,occitanie
12253875507,42.566293,2.867548,distributeur_sacs,Banyuls-dels-Aspres,banyuls-dels-aspres,66015,66300,66,occitanie
12254547127,42.565696,2.868127,distributeur_sacs,Banyuls-dels-Aspres,banyuls-dels-aspres,66015,66300,66,occitanie
12253875508,42.563832,2.869671,distributeur_sacs,Banyuls-dels-Aspres,banyuls-dels-aspres,66015,66300,66,occitanie
13328827963,42.482794,3.129237,distributeur_sacs,Banyuls-sur-Mer,banyuls-sur-mer,66016,66650,66,occitanie
13328827951,42.481839,3.128786,distributeur_sacs,Banyuls-sur-Mer,banyuls-sur-mer,66016,66650,66,occitanie
13328827966,42.480575,3.130741,distributeur_sacs,Banyuls-sur-Mer,banyuls-sur-mer,66016,66650,66,occitanie
13328827967,42.481177,3.129927,distributeur_sacs,Banyuls-sur-Mer,banyuls-sur-mer,66016,66650,66,occitanie
13328827965,42.479351,3.129887,distributeur_sacs,Banyuls-sur-Mer,banyuls-sur-mer,66016,66650,66,occitanie
13328827954,42.477037,3.122491,distributeur_sacs,Banyuls-sur-Mer,banyuls-sur-mer,66016,66650,66,occitanie
13328827955,42.477895,3.124008,distributeur_sacs,Banyuls-sur-Mer,banyuls-sur-mer,66016,66650,66,occitanie
13328827962,42.480798,3.127417,distributeur_sacs,Banyuls-sur-Mer,banyuls-sur-mer,66016,66650,66,occitanie
13328827957,42.481534,3.126367,distributeur_sacs,Banyuls-sur-Mer,banyuls-sur-mer,66016,66650,66,occitanie
10894983520,42.776848,3.019328,distributeur_sacs,Le Barcarès,le-barcares,66017,66420,66,occitanie
10894983521,42.77634,3.021066,distributeur_sacs,Le Barcarès,le-barcares,66017,66420,66,occitanie
10894983542,42.775804,3.019883,distributeur_sacs,Le Barcarès,le-barcares,66017,66420,66,occitanie
8451018756,42.785664,3.033218,distributeur_sacs,Le Barcarès,le-barcares,66017,66420,66,occitanie
8452473580,42.787752,3.031386,distributeur_sacs,Le Barcarès,le-barcares,66017,66420,66,occitanie
3617008186,42.786162,3.035962,distributeur_sacs,Le Barcarès,le-barcares,66017,66420,66,occitanie
11879124156,42.810882,3.038595,distributeur_sacs,Le Barcarès,le-barcares,66017,66420,66,occitanie
3024438152,42.808209,3.038947,distributeur_sacs,Le Barcarès,le-barcares,66017,66420,66,occitanie
3617512630,42.788749,3.037847,distributeur_sacs,Le Barcarès,le-barcares,66017,66420,66,occitanie
3612426591,42.792228,3.03826,distributeur_sacs,Le Barcarès,le-barcares,66017,66420,66,occitanie
3612442502,42.793315,3.038172,distributeur_sacs,Le Barcarès,le-barcares,66017,66420,66,occitanie
8439386555,42.79362,3.036421,distributeur_sacs,Le Barcarès,le-barcares,66017,66420,66,occitanie
3610823803,42.795543,3.038343,distributeur_sacs,Le Barcarès,le-barcares,66017,66420,66,occitanie
3625475608,42.800283,3.036527,distributeur_sacs,Le Barcarès,le-barcares,66017,66420,66,occitanie
8464291885,42.793637,3.035047,distributeur_sacs,Le Barcarès,le-barcares,66017,66420,66,occitanie
8439426694,42.793842,3.031614,distributeur_sacs,Le Barcarès,le-barcares,66017,66420,66,occitanie
3147098376,42.792284,3.034935,distributeur_sacs,Le Barcarès,le-barcares,66017,66420,66,occitanie
2400507471,42.789948,3.034868,distributeur_sacs,Le Barcarès,le-barcares,66017,66420,66,occitanie
3627419598,42.807804,3.030343,distributeur_sacs,Le Barcarès,le-barcares,66017,66420,66,occitanie
11818345552,42.805528,3.026965,distributeur_sacs,Le Barcarès,le-barcares,66017,66420,66,occitanie
11879875575,42.811672,3.034956,distributeur_sacs,Le Barcarès,le-barcares,66017,66420,66,occitanie
8461546734,42.838042,3.038541,distributeur_sacs,Le Barcarès,le-barcares,66017,66420,66,occitanie
8461939687,42.839144,3.038941,distributeur_sacs,Le Barcarès,le-barcares,66017,66420,66,occitanie
8999063225,42.837988,3.040666,distributeur_sacs,Le Barcarès,le-barcares,66017,66420,66,occitanie
11429292094,42.734025,2.935681,distributeur_sacs,Bompas,bompas,66021,66430,66,occitanie
7132185356,42.730882,2.934703,distributeur_sacs,Bompas,bompas,66021,66430,66,occitanie
7132185375,42.729631,2.936886,distributeur_sacs,Bompas,bompas,66021,66430,66,occitanie
7132167177,42.729874,2.935784,distributeur_sacs,Bompas,bompas,66021,66430,66,occitanie
7132248691,42.729213,2.939169,distributeur_sacs,Bompas,bompas,66021,66430,66,occitanie
7132185429,42.729154,2.940888,distributeur_sacs,Bompas,bompas,66021,66430,66,occitanie
12537102692,42.728954,2.942219,distributeur_sacs,Bompas,bompas,66021,66430,66,occitanie
13233533352,42.729365,2.94153,distributeur_sacs,Bompas,bompas,66021,66430,66,occitanie
12537102689,42.727513,2.942208,distributeur_sacs,Bompas,bompas,66021,66430,66,occitanie
12536849609,42.72183,2.939426,distributeur_sacs,Bompas,bompas,66021,66430,66,occitanie
7132248736,42.723006,2.937655,distributeur_sacs,Bompas,bompas,66021,66430,66,occitanie
7132289196,42.727058,2.935854,distributeur_sacs,Bompas,bompas,66021,66430,66,occitanie
12373488177,42.726556,2.9302,distributeur_sacs,Bompas,bompas,66021,66430,66,occitanie
8481114077,42.724372,2.932398,distributeur_sacs,Bompas,bompas,66021,66430,66,occitanie
8781430894,42.729725,2.925862,distributeur_sacs,Bompas,bompas,66021,66430,66,occitanie
8887692373,42.729609,2.929663,distributeur_sacs,Bompas,bompas,66021,66430,66,occitanie
8481114131,42.72711,2.932237,distributeur_sacs,Bompas,bompas,66021,66430,66,occitanie
12877426019,42.732104,2.93134,distributeur_sacs,Bompas,bompas,66021,66430,66,occitanie
12877426029,42.730733,2.932774,distributeur_sacs,Bompas,bompas,66021,66430,66,occitanie
7132027732,42.730575,2.932705,distributeur_sacs,Bompas,bompas,66021,66430,66,occitanie
11429266620,42.733556,2.934127,distributeur_sacs,Bompas,bompas,66021,66430,66,occitanie
12877426018,42.733139,2.932849,distributeur_sacs,Bompas,bompas,66021,66430,66,occitanie
9188589684,42.732192,2.930861,distributeur_sacs,Bompas,bompas,66021,66430,66,occitanie
9664397593,42.523315,2.835434,distributeur_sacs,Le Boulou,le-boulou,66024,66160,66,occitanie
11302187242,42.518222,2.840492,distributeur_sacs,Le Boulou,le-boulou,66024,66160,66,occitanie
11268972894,42.514415,2.833559,distributeur_sacs,Le Boulou,le-boulou,66024,66160,66,occitanie
10721047483,42.565527,2.900232,distributeur_sacs,Brouilla,brouilla,66026,66620,66,occitanie
10721197619,42.569017,2.900596,distributeur_sacs,Brouilla,brouilla,66026,66620,66,occitanie
11087079038,42.693463,2.927352,distributeur_sacs,Cabestany,cabestany,66028,66330,66,occitanie
12812405113,42.686894,2.938189,distributeur_sacs,Cabestany,cabestany,66028,66330,66,occitanie
12724261043,42.68635,2.942731,distributeur_sacs,Cabestany,cabestany,66028,66330,66,occitanie
7893145922,42.683552,2.940147,distributeur_sacs,Cabestany,cabestany,66028,66330,66,occitanie
7896934285,42.679784,2.940292,distributeur_sacs,Cabestany,cabestany,66028,66330,66,occitanie
7902398985,42.680262,2.939918,distributeur_sacs,Cabestany,cabestany,66028,66330,66,occitanie
8078436317,42.681547,2.940478,distributeur_sacs,Cabestany,cabestany,66028,66330,66,occitanie
7893145921,42.681215,2.938357,distributeur_sacs,Cabestany,cabestany,66028,66330,66,occitanie
7902348385,42.679875,2.936792,distributeur_sacs,Cabestany,cabestany,66028,66330,66,occitanie
8094620306,42.681922,2.935078,distributeur_sacs,Cabestany,cabestany,66028,66330,66,occitanie
9993570853,42.684498,2.937,distributeur_sacs,Cabestany,cabestany,66028,66330,66,occitanie
12580304761,42.692278,2.924448,distributeur_sacs,Cabestany,cabestany,66028,66330,66,occitanie
8059294167,42.678468,2.941906,distributeur_sacs,Cabestany,cabestany,66028,66330,66,occitanie
8540793115,42.676525,2.941426,distributeur_sacs,Cabestany,cabestany,66028,66330,66,occitanie
8284138934,42.672966,2.945365,distributeur_sacs,Cabestany,cabestany,66028,66330,66,occitanie
8565638910,42.675436,2.947005,distributeur_sacs,Cabestany,cabestany,66028,66330,66,occitanie
8615786956,42.675798,2.944805,distributeur_sacs,Cabestany,cabestany,66028,66330,66,occitanie
12351558789,42.67925,2.947164,distributeur_sacs,Cabestany,cabestany,66028,66330,66,occitanie
8403274225,42.680885,2.943809,distributeur_sacs,Cabestany,cabestany,66028,66330,66,occitanie
8125077517,42.684914,2.949569,distributeur_sacs,Cabestany,cabestany,66028,66330,66,occitanie
11248773843,42.685605,2.946545,distributeur_sacs,Cabestany,cabestany,66028,66330,66,occitanie
8125077617,42.683969,2.946425,distributeur_sacs,Cabestany,cabestany,66028,66330,66,occitanie
13058136291,42.679198,3.031522,distributeur_sacs,Canet-en-Roussillon,canet-en-roussillon,66037,66140,66,occitanie
13013086056,42.69998,3.035718,distributeur_sacs,Canet-en-Roussillon,canet-en-roussillon,66037,66140,66,occitanie
12495550862,42.702076,3.033363,distributeur_sacs,Canet-en-Roussillon,canet-en-roussillon,66037,66140,66,occitanie
4831014743,42.695947,3.035245,distributeur_sacs,Canet-en-Roussillon,canet-en-roussillon,66037,66140,66,occitanie
10278728104,42.696121,3.032194,distributeur_sacs,Canet-en-Roussillon,canet-en-roussillon,66037,66140,66,occitanie
12742514513,42.697656,3.029196,distributeur_sacs,Canet-en-Roussillon,canet-en-roussillon,66037,66140,66,occitanie
9028999828,42.697987,3.023711,distributeur_sacs,Canet-en-Roussillon,canet-en-roussillon,66037,66140,66,occitanie
9028999841,42.698243,3.024068,distributeur_sacs,Canet-en-Roussillon,canet-en-roussillon,66037,66140,66,occitanie
5901412363,42.706154,3.012525,distributeur_sacs,Canet-en-Roussillon,canet-en-roussillon,66037,66140,66,occitanie
5885199842,42.705579,3.008698,distributeur_sacs,Canet-en-Roussillon,canet-en-roussillon,66037,66140,66,occitanie
8364382556,42.704565,3.009455,distributeur_sacs,Canet-en-Roussillon,canet-en-roussillon,66037,66140,66,occitanie
8364382565,42.703784,3.008524,distributeur_sacs,Canet-en-Roussillon,canet-en-roussillon,66037,66140,66,occitanie
8450217297,42.704743,3.010908,distributeur_sacs,Canet-en-Roussillon,canet-en-roussillon,66037,66140,66,occitanie
9028996399,42.701012,2.999187,distributeur_sacs,Canet-en-Roussillon,canet-en-roussillon,66037,66140,66,occitanie
8364382564,42.704639,3.007905,distributeur_sacs,Canet-en-Roussillon,canet-en-roussillon,66037,66140,66,occitanie
11945662326,42.705988,3.004439,distributeur_sacs,Canet-en-Roussillon,canet-en-roussillon,66037,66140,66,occitanie
12138438514,42.708537,2.983987,distributeur_sacs,Canet-en-Roussillon,canet-en-roussillon,66037,66140,66,occitanie
12790277256,42.734903,2.570451,distributeur_sacs,Caramany,caramany,66039,66720,66,occitanie
10030378099,42.619423,2.703821,distributeur_sacs,Castelnou,castelnou,66044,66300,66,occitanie
10030378098,42.62077,2.703081,distributeur_sacs,Castelnou,castelnou,66044,66300,66,occitanie
12750167074,42.495973,2.739883,distributeur_sacs,Céret,ceret,66049,66400,66,occitanie
12750167073,42.49371,2.743282,distributeur_sacs,Céret,ceret,66049,66400,66,occitanie
9238634204,42.483053,2.748919,distributeur_sacs,Céret,ceret,66049,66400,66,occitanie
9512097224,42.489656,2.752778,distributeur_sacs,Céret,ceret,66049,66400,66,occitanie
8715846531,42.488589,2.75315,distributeur_sacs,Céret,ceret,66049,66400,66,occitanie
9395307519,42.489118,2.7505,distributeur_sacs,Céret,ceret,66049,66400,66,occitanie
12537228809,42.756377,2.954505,distributeur_sacs,Claira,claira,66050,66530,66,occitanie
8538916954,42.760706,2.957421,distributeur_sacs,Claira,claira,66050,66530,66,occitanie
12497780782,42.760021,2.956383,distributeur_sacs,Claira,claira,66050,66530,66,occitanie
12505386246,42.760132,2.955967,distributeur_sacs,Claira,claira,66050,66530,66,occitanie
12497780779,42.759003,2.95623,distributeur_sacs,Claira,claira,66050,66530,66,occitanie
12507790358,42.757782,2.955288,distributeur_sacs,Claira,claira,66050,66530,66,occitanie
8538916760,42.7599,2.95298,distributeur_sacs,Claira,claira,66050,66530,66,occitanie
8538907407,42.758403,2.951402,distributeur_sacs,Claira,claira,66050,66530,66,occitanie
12507790364,42.761585,2.954419,distributeur_sacs,Claira,claira,66050,66530,66,occitanie
11150480007,42.526297,3.084718,distributeur_sacs,Collioure,collioure,66053,66190,66,occitanie
11150731556,42.526997,3.08344,distributeur_sacs,Collioure,collioure,66053,66190,66,occitanie
8747478617,42.528337,3.084919,distributeur_sacs,Collioure,collioure,66053,66190,66,occitanie
10051644480,42.505719,3.055869,distributeur_sacs,Collioure,collioure,66053,66190,66,occitanie
6732761260,42.652878,2.662548,distributeur_sacs,Corbère,corbere,66055,66130,66,occitanie
12208686986,42.58657,2.36777,distributeur_sacs,Corneilla-de-Conflent,corneilla-de-conflent,66057,66820,66,occitanie
2401567069,42.586987,2.369191,distributeur_sacs,Corneilla-de-Conflent,corneilla-de-conflent,66057,66820,66,occitanie
12509960970,42.697063,2.72928,distributeur_sacs,Corneilla-la-Rivière,corneilla-la-riviere,66058,66550,66,occitanie
9300168801,42.625569,2.957043,distributeur_sacs,Corneilla-del-Vercol,corneilla-del-vercol,66059,66200,66,occitanie
9301467540,42.624812,2.954944,distributeur_sacs,Corneilla-del-Vercol,corneilla-del-vercol,66059,66200,66,occitanie
9301467442,42.623399,2.950584,distributeur_sacs,Corneilla-del-Vercol,corneilla-del-vercol,66059,66200,66,occitanie
9301460291,42.626178,2.94803,distributeur_sacs,Corneilla-del-Vercol,corneilla-del-vercol,66059,66200,66,occitanie
9301460288,42.626696,2.949919,distributeur_sacs,Corneilla-del-Vercol,corneilla-del-vercol,66059,66200,66,occitanie
9301467503,42.625705,2.949973,distributeur_sacs,Corneilla-del-Vercol,corneilla-del-vercol,66059,66200,66,occitanie
9301467437,42.625851,2.951288,distributeur_sacs,Corneilla-del-Vercol,corneilla-del-vercol,66059,66200,66,occitanie
9301460289,42.627002,2.951251,distributeur_sacs,Corneilla-del-Vercol,corneilla-del-vercol,66059,66200,66,occitanie
9301467567,42.626189,2.956386,distributeur_sacs,Corneilla-del-Vercol,corneilla-del-vercol,66059,66200,66,occitanie
9297571037,42.62908,2.95516,distributeur_sacs,Corneilla-del-Vercol,corneilla-del-vercol,66059,66200,66,occitanie
13005440847,42.36745,2.650778,distributeur_sacs,Coustouges,coustouges,66061,66260,66,occitanie
13005395155,42.367425,2.649632,distributeur_sacs,Coustouges,coustouges,66061,66260,66,occitanie
7231475172,42.772681,2.841181,distributeur_sacs,Espira-de-l'Agly,espira-de-lagly,66069,66600,66,occitanie
7229854473,42.774018,2.83913,distributeur_sacs,Espira-de-l'Agly,espira-de-lagly,66069,66600,66,occitanie
7229854419,42.774626,2.837737,distributeur_sacs,Espira-de-l'Agly,espira-de-lagly,66069,66600,66,occitanie
13330571837,42.775792,2.837383,distributeur_sacs,Espira-de-l'Agly,espira-de-lagly,66069,66600,66,occitanie
7226721462,42.775826,2.836242,distributeur_sacs,Espira-de-l'Agly,espira-de-lagly,66069,66600,66,occitanie
13330570169,42.776214,2.834208,distributeur_sacs,Espira-de-l'Agly,espira-de-lagly,66069,66600,66,occitanie
13316214118,42.778662,2.83641,distributeur_sacs,Espira-de-l'Agly,espira-de-lagly,66069,66600,66,occitanie
13334094864,42.777169,2.838469,distributeur_sacs,Espira-de-l'Agly,espira-de-lagly,66069,66600,66,occitanie
12227679210,42.776452,2.839517,distributeur_sacs,Espira-de-l'Agly,espira-de-lagly,66069,66600,66,occitanie
12677423197,42.77798,2.825535,distributeur_sacs,Espira-de-l'Agly,espira-de-lagly,66069,66600,66,occitanie
13334094863,42.777699,2.829614,distributeur_sacs,Espira-de-l'Agly,espira-de-lagly,66069,66600,66,occitanie
13093092564,42.614208,2.102937,distributeur_sacs,Formiguères,formigueres,66082,66210,66,occitanie
13093194357,42.612963,2.104455,distributeur_sacs,Formiguères,formigueres,66082,66210,66,occitanie
12463860322,42.579497,2.779137,distributeur_sacs,Fourques,fourques,66084,66300,66,occitanie
12463860323,42.579498,2.779711,distributeur_sacs,Fourques,fourques,66084,66300,66,occitanie
12208910071,42.668622,2.62402,distributeur_sacs,Ille-sur-Têt,ille-sur-tet,66088,66130,66,occitanie
1995924374,42.671673,2.629528,distributeur_sacs,Ille-sur-Têt,ille-sur-tet,66088,66130,66,occitanie
11463317780,42.521633,2.930657,distributeur_sacs,Laroque-des-Albères,laroque-des-alberes,66093,66740,66,occitanie
11470435309,42.521078,2.93311,distributeur_sacs,Laroque-des-Albères,laroque-des-alberes,66093,66740,66,occitanie
11470435312,42.520623,2.932369,distributeur_sacs,Laroque-des-Albères,laroque-des-alberes,66093,66740,66,occitanie
13313623948,42.607047,2.998023,distributeur_sacs,Latour-Bas-Elne,latour-bas-elne,66094,66200,66,occitanie
12582306352,42.606236,2.998519,distributeur_sacs,Latour-Bas-Elne,latour-bas-elne,66094,66200,66,occitanie
13313623966,42.605768,3.001726,distributeur_sacs,Latour-Bas-Elne,latour-bas-elne,66094,66200,66,occitanie
13313623965,42.605582,3.00196,distributeur_sacs,Latour-Bas-Elne,latour-bas-elne,66094,66200,66,occitanie
13313623977,42.606326,3.001173,distributeur_sacs,Latour-Bas-Elne,latour-bas-elne,66094,66200,66,occitanie
1888267603,42.609731,3.003032,distributeur_sacs,Latour-Bas-Elne,latour-bas-elne,66094,66200,66,occitanie
1871368168,42.610665,3.004889,distributeur_sacs,Latour-Bas-Elne,latour-bas-elne,66094,66200,66,occitanie
1868884445,42.608761,3.006028,distributeur_sacs,Latour-Bas-Elne,latour-bas-elne,66094,66200,66,occitanie
1888267553,42.608132,3.004265,distributeur_sacs,Latour-Bas-Elne,latour-bas-elne,66094,66200,66,occitanie
8963034812,42.525494,2.120934,distributeur_sacs,La Llagonne,la-llagonne,66098,66210,66,occitanie
9970159416,42.622935,2.76995,distributeur_sacs,Llupia,llupia,66101,66300,66,occitanie
9970550339,42.619692,2.769496,distributeur_sacs,Llupia,llupia,66101,66300,66,occitanie
9970604622,42.619094,2.771059,distributeur_sacs,Llupia,llupia,66101,66300,66,occitanie
9967837200,42.621222,2.773639,distributeur_sacs,Llupia,llupia,66101,66300,66,occitanie
9970572556,42.618184,2.77209,distributeur_sacs,Llupia,llupia,66101,66300,66,occitanie
9970110345,42.62492,2.768706,distributeur_sacs,Llupia,llupia,66101,66300,66,occitanie
11290997264,42.490919,2.80874,distributeur_sacs,Maureillas-las-Illas,maureillas-las-illas,66106,66480,66,occitanie
9751548921,42.608127,2.927943,distributeur_sacs,Montescot,montescot,66114,66200,66,occitanie
9751548918,42.607727,2.931363,distributeur_sacs,Montescot,montescot,66114,66200,66,occitanie
9751548925,42.60927,2.926501,distributeur_sacs,Montescot,montescot,66114,66200,66,occitanie
9751548927,42.610574,2.927052,distributeur_sacs,Montescot,montescot,66114,66200,66,occitanie
9947923528,42.522324,2.880259,distributeur_sacs,Montesquieu-des-Albères,montesquieu-des-alberes,66115,66740,66,occitanie
13093006575,42.507898,2.122181,distributeur_sacs,Mont-Louis,mont-louis,66117,66210,66,occitanie
13153912907,42.50911,2.121262,distributeur_sacs,Mont-Louis,mont-louis,66117,66210,66,occitanie
12264542532,42.749238,2.677547,distributeur_sacs,Montner,montner,66118,66720,66,occitanie
12994923172,42.694111,2.668669,distributeur_sacs,Néfiach,nefiach,66121,66170,66,occitanie
12994923161,42.692993,2.666285,distributeur_sacs,Néfiach,nefiach,66121,66170,66,occitanie
12994923166,42.69197,2.665704,distributeur_sacs,Néfiach,nefiach,66121,66170,66,occitanie
12063000906,42.506731,2.041535,distributeur_sacs,Font-Romeu-Odeillo-Via,font-romeu-odeillo-via,66124,66120,66,occitanie
10115009101,42.575905,2.923285,distributeur_sacs,Ortaffa,ortaffa,66129,66560,66,occitanie
10114333106,42.578768,2.91718,distributeur_sacs,Ortaffa,ortaffa,66129,66560,66,occitanie
10114556326,42.580897,2.920103,distributeur_sacs,Ortaffa,ortaffa,66129,66560,66,occitanie
10114556325,42.57858,2.920004,distributeur_sacs,Ortaffa,ortaffa,66129,66560,66,occitanie
10114556329,42.581005,2.922346,distributeur_sacs,Ortaffa,ortaffa,66129,66560,66,occitanie
10114333113,42.579238,2.915334,distributeur_sacs,Ortaffa,ortaffa,66129,66560,66,occitanie
10115979707,42.57939,2.926565,distributeur_sacs,Ortaffa,ortaffa,66129,66560,66,occitanie
10114532869,42.578989,2.927024,distributeur_sacs,Ortaffa,ortaffa,66129,66560,66,occitanie
10114532859,42.578936,2.928037,distributeur_sacs,Ortaffa,ortaffa,66129,66560,66,occitanie
10115030522,42.579789,2.927735,distributeur_sacs,Ortaffa,ortaffa,66129,66560,66,occitanie
10114556322,42.578126,2.925645,distributeur_sacs,Ortaffa,ortaffa,66129,66560,66,occitanie
12842986242,42.414452,1.980734,distributeur_sacs,Osséja,osseja,66130,66340,66,occitanie
7717078993,42.674094,2.851442,distributeur_sacs,Perpignan,perpignan,66136,66000/66100,66,occitanie
12566208272,42.71619,2.881316,distributeur_sacs,Perpignan,perpignan,66136,66000/66100,66,occitanie
12789816665,42.709511,2.892426,distributeur_sacs,Perpignan,perpignan,66136,66000/66100,66,occitanie
12789816661,42.709489,2.89157,distributeur_sacs,Perpignan,perpignan,66136,66000/66100,66,occitanie
12510226267,42.707886,2.902412,distributeur_sacs,Perpignan,perpignan,66136,66000/66100,66,occitanie
9838504405,42.7202,2.892822,distributeur_sacs,Perpignan,perpignan,66136,66000/66100,66,occitanie
13473286451,42.720488,2.89002,distributeur_sacs,Perpignan,perpignan,66136,66000/66100,66,occitanie
13473286450,42.720663,2.887133,distributeur_sacs,Perpignan,perpignan,66136,66000/66100,66,occitanie
12481053491,42.721349,2.880094,distributeur_sacs,Perpignan,perpignan,66136,66000/66100,66,occitanie
12510226268,42.709428,2.909562,distributeur_sacs,Perpignan,perpignan,66136,66000/66100,66,occitanie
12510226266,42.708687,2.907555,distributeur_sacs,Perpignan,perpignan,66136,66000/66100,66,occitanie
7010787435,42.696792,2.933318,distributeur_sacs,Perpignan,perpignan,66136,66000/66100,66,occitanie
12719344863,42.69856,2.92968,distributeur_sacs,Perpignan,perpignan,66136,66000/66100,66,occitanie
11248738808,42.694701,2.926467,distributeur_sacs,Perpignan,perpignan,66136,66000/66100,66,occitanie
11087079041,42.694606,2.925436,distributeur_sacs,Perpignan,perpignan,66136,66000/66100,66,occitanie
13385771377,42.694215,2.935301,distributeur_sacs,Perpignan,perpignan,66136,66000/66100,66,occitanie
8691361466,42.694297,2.936123,distributeur_sacs,Perpignan,perpignan,66136,66000/66100,66,occitanie
12554653675,42.693732,2.936755,distributeur_sacs,Perpignan,perpignan,66136,66000/66100,66,occitanie
5426244581,42.695241,2.93804,distributeur_sacs,Perpignan,perpignan,66136,66000/66100,66,occitanie
12481053488,42.698414,2.936553,distributeur_sacs,Perpignan,perpignan,66136,66000/66100,66,occitanie
12719344867,42.697206,2.939387,distributeur_sacs,Perpignan,perpignan,66136,66000/66100,66,occitanie
12481053487,42.697783,2.939284,distributeur_sacs,Perpignan,perpignan,66136,66000/66100,66,occitanie
12531947748,42.699094,2.939458,distributeur_sacs,Perpignan,perpignan,66136,66000/66100,66,occitanie
12580304763,42.698467,2.942106,distributeur_sacs,Perpignan,perpignan,66136,66000/66100,66,occitanie
12705878255,42.698104,2.942637,distributeur_sacs,Perpignan,perpignan,66136,66000/66100,66,occitanie
11234653785,42.697064,2.942796,distributeur_sacs,Perpignan,perpignan,66136,66000/66100,66,occitanie
12719344868,42.696121,2.939324,distributeur_sacs,Perpignan,perpignan,66136,66000/66100,66,occitanie
12719344869,42.695506,2.938984,distributeur_sacs,Perpignan,perpignan,66136,66000/66100,66,occitanie
11483543832,42.692788,2.943065,distributeur_sacs,Perpignan,perpignan,66136,66000/66100,66,occitanie
8770170796,42.692455,2.917317,distributeur_sacs,Perpignan,perpignan,66136,66000/66100,66,occitanie
8139489074,42.689311,2.91749,distributeur_sacs,Perpignan,perpignan,66136,66000/66100,66,occitanie
12997426459,42.682677,2.910047,distributeur_sacs,Perpignan,perpignan,66136,66000/66100,66,occitanie
12580361109,42.680641,2.910588,distributeur_sacs,Perpignan,perpignan,66136,66000/66100,66,occitanie
12532775330,42.681055,2.908065,distributeur_sacs,Perpignan,perpignan,66136,66000/66100,66,occitanie
12532775329,42.681439,2.907336,distributeur_sacs,Perpignan,perpignan,66136,66000/66100,66,occitanie
12590625797,42.688375,2.910108,distributeur_sacs,Perpignan,perpignan,66136,66000/66100,66,occitanie
12589746037,42.688721,2.910429,distributeur_sacs,Perpignan,perpignan,66136,66000/66100,66,occitanie
13207457876,42.688193,2.913302,distributeur_sacs,Perpignan,perpignan,66136,66000/66100,66,occitanie
8139489073,42.688662,2.914147,distributeur_sacs,Perpignan,perpignan,66136,66000/66100,66,occitanie
12589686395,42.690568,2.912265,distributeur_sacs,Perpignan,perpignan,66136,66000/66100,66,occitanie
12590607244,42.690616,2.912102,distributeur_sacs,Perpignan,perpignan,66136,66000/66100,66,occitanie
9927990203,42.692879,2.913124,distributeur_sacs,Perpignan,perpignan,66136,66000/66100,66,occitanie
9769405598,42.692172,2.912773,distributeur_sacs,Perpignan,perpignan,66136,66000/66100,66,occitanie
9921121613,42.690278,2.909896,distributeur_sacs,Perpignan,perpignan,66136,66000/66100,66,occitanie
9921121614,42.690571,2.909336,distributeur_sacs,Perpignan,perpignan,66136,66000/66100,66,occitanie
12458859825,42.696417,2.907763,distributeur_sacs,Perpignan,perpignan,66136,66000/66100,66,occitanie
12481107806,42.697923,2.907068,distributeur_sacs,Perpignan,perpignan,66136,66000/66100,66,occitanie
9752004367,42.69985,2.907654,distributeur_sacs,Perpignan,perpignan,66136,66000/66100,66,occitanie
11557972265,42.697553,2.912038,distributeur_sacs,Perpignan,perpignan,66136,66000/66100,66,occitanie
12863103275,42.696166,2.915198,distributeur_sacs,Perpignan,perpignan,66136,66000/66100,66,occitanie
9921121598,42.693886,2.911394,distributeur_sacs,Perpignan,perpignan,66136,66000/66100,66,occitanie
12138426054,42.696429,2.919255,distributeur_sacs,Perpignan,perpignan,66136,66000/66100,66,occitanie
12542545280,42.694311,2.923188,distributeur_sacs,Perpignan,perpignan,66136,66000/66100,66,occitanie
12481107810,42.695849,2.923389,distributeur_sacs,Perpignan,perpignan,66136,66000/66100,66,occitanie
12481107807,42.69655,2.923185,distributeur_sacs,Perpignan,perpignan,66136,66000/66100,66,occitanie
12534790296,42.698227,2.921314,distributeur_sacs,Perpignan,perpignan,66136,66000/66100,66,occitanie
12534790277,42.698185,2.916869,distributeur_sacs,Perpignan,perpignan,66136,66000/66100,66,occitanie
9300105194,42.702806,2.908955,distributeur_sacs,Perpignan,perpignan,66136,66000/66100,66,occitanie
12860349650,42.703173,2.908027,distributeur_sacs,Perpignan,perpignan,66136,66000/66100,66,occitanie
12860349649,42.704059,2.907735,distributeur_sacs,Perpignan,perpignan,66136,66000/66100,66,occitanie
9752004370,42.704499,2.908918,distributeur_sacs,Perpignan,perpignan,66136,66000/66100,66,occitanie
12585998710,42.706425,2.908134,distributeur_sacs,Perpignan,perpignan,66136,66000/66100,66,occitanie
9752004369,42.70612,2.908943,distributeur_sacs,Perpignan,perpignan,66136,66000/66100,66,occitanie
12989838852,42.704446,2.902414,distributeur_sacs,Perpignan,perpignan,66136,66000/66100,66,occitanie
12373537824,42.706661,2.901471,poubelle_dejections,Perpignan,perpignan,66136,66000/66100,66,occitanie
12373537171,42.706661,2.901471,distributeur_sacs,Perpignan,perpignan,66136,66000/66100,66,occitanie
12373592705,42.70628,2.900205,poubelle_dejections,Perpignan,perpignan,66136,66000/66100,66,occitanie
12373575466,42.70628,2.900205,distributeur_sacs,Perpignan,perpignan,66136,66000/66100,66,occitanie
12469278858,42.70534,2.897761,distributeur_sacs,Perpignan,perpignan,66136,66000/66100,66,occitanie
12988492957,42.703462,2.899877,distributeur_sacs,Perpignan,perpignan,66136,66000/66100,66,occitanie
11022994801,42.701625,2.900022,distributeur_sacs,Perpignan,perpignan,66136,66000/66100,66,occitanie
12858710686,42.700825,2.901114,distributeur_sacs,Perpignan,perpignan,66136,66000/66100,66,occitanie
12557415391,42.700593,2.902697,distributeur_sacs,Perpignan,perpignan,66136,66000/66100,66,occitanie
12860349643,42.702788,2.903472,distributeur_sacs,Perpignan,perpignan,66136,66000/66100,66,occitanie
12989838857,42.703065,2.903526,distributeur_sacs,Perpignan,perpignan,66136,66000/66100,66,occitanie
12989838866,42.701874,2.9046,distributeur_sacs,Perpignan,perpignan,66136,66000/66100,66,occitanie
12481053495,42.69887,2.90542,distributeur_sacs,Perpignan,perpignan,66136,66000/66100,66,occitanie
9721282633,42.699484,2.903891,distributeur_sacs,Perpignan,perpignan,66136,66000/66100,66,occitanie
11023847203,42.699702,2.903657,distributeur_sacs,Perpignan,perpignan,66136,66000/66100,66,occitanie
11023816699,42.6978,2.904378,distributeur_sacs,Perpignan,perpignan,66136,66000/66100,66,occitanie
9921439072,42.694355,2.906498,distributeur_sacs,Perpignan,perpignan,66136,66000/66100,66,occitanie
9921439080,42.694637,2.905351,distributeur_sacs,Perpignan,perpignan,66136,66000/66100,66,occitanie
11028125715,42.693899,2.900965,distributeur_sacs,Perpignan,perpignan,66136,66000/66100,66,occitanie
12809312038,42.693593,2.899005,distributeur_sacs,Perpignan,perpignan,66136,66000/66100,66,occitanie
7951190169,42.696196,2.899631,distributeur_sacs,Perpignan,perpignan,66136,66000/66100,66,occitanie
12952552589,42.696947,2.898075,distributeur_sacs,Perpignan,perpignan,66136,66000/66100,66,occitanie
12373562319,42.699656,2.897371,distributeur_sacs,Perpignan,perpignan,66136,66000/66100,66,occitanie
12601215496,42.69915,2.894023,distributeur_sacs,Perpignan,perpignan,66136,66000/66100,66,occitanie
12601216213,42.698279,2.893017,distributeur_sacs,Perpignan,perpignan,66136,66000/66100,66,occitanie
12257914905,42.694911,2.895207,distributeur_sacs,Perpignan,perpignan,66136,66000/66100,66,occitanie
10040184581,42.694064,2.893866,distributeur_sacs,Perpignan,perpignan,66136,66000/66100,66,occitanie
10040184574,42.693774,2.89386,distributeur_sacs,Perpignan,perpignan,66136,66000/66100,66,occitanie
10743661039,42.69645,2.892039,distributeur_sacs,Perpignan,perpignan,66136,66000/66100,66,occitanie
5998339482,42.695928,2.89056,distributeur_sacs,Perpignan,perpignan,66136,66000/66100,66,occitanie
12598842936,42.697691,2.891944,distributeur_sacs,Perpignan,perpignan,66136,66000/66100,66,occitanie
9795527396,42.698404,2.889569,distributeur_sacs,Perpignan,perpignan,66136,66000/66100,66,occitanie
9149997336,42.701933,2.888982,distributeur_sacs,Perpignan,perpignan,66136,66000/66100,66,occitanie
9149997334,42.701895,2.889714,distributeur_sacs,Perpignan,perpignan,66136,66000/66100,66,occitanie
9165890918,42.702328,2.895728,distributeur_sacs,Perpignan,perpignan,66136,66000/66100,66,occitanie
11022996961,42.702556,2.897116,distributeur_sacs,Perpignan,perpignan,66136,66000/66100,66,occitanie
9149997335,42.703951,2.891929,distributeur_sacs,Perpignan,perpignan,66136,66000/66100,66,occitanie
13104441279,42.702926,2.887421,distributeur_sacs,Perpignan,perpignan,66136,66000/66100,66,occitanie
12724270812,42.698406,2.872459,distributeur_sacs,Perpignan,perpignan,66136,66000/66100,66,occitanie
12873519196,42.69499,2.874198,distributeur_sacs,Perpignan,perpignan,66136,66000/66100,66,occitanie
10743697181,42.694446,2.871018,distributeur_sacs,Perpignan,perpignan,66136,66000/66100,66,occitanie
9680978182,42.694577,2.87324,distributeur_sacs,Perpignan,perpignan,66136,66000/66100,66,occitanie
12873519195,42.694402,2.876473,distributeur_sacs,Perpignan,perpignan,66136,66000/66100,66,occitanie
13098673474,42.696244,2.877907,distributeur_sacs,Perpignan,perpignan,66136,66000/66100,66,occitanie
12825585733,42.693993,2.881847,distributeur_sacs,Perpignan,perpignan,66136,66000/66100,66,occitanie
13098655456,42.696863,2.879635,distributeur_sacs,Perpignan,perpignan,66136,66000/66100,66,occitanie
9171879433,42.69817,2.882069,distributeur_sacs,Perpignan,perpignan,66136,66000/66100,66,occitanie
9050551600,42.696932,2.887278,distributeur_sacs,Perpignan,perpignan,66136,66000/66100,66,occitanie
12825585737,42.695828,2.8854,distributeur_sacs,Perpignan,perpignan,66136,66000/66100,66,occitanie
3052055535,42.69472,2.884584,distributeur_sacs,Perpignan,perpignan,66136,66000/66100,66,occitanie
9050551586,42.69322,2.885555,distributeur_sacs,Perpignan,perpignan,66136,66000/66100,66,occitanie
12809312022,42.687013,2.88178,distributeur_sacs,Perpignan,perpignan,66136,66000/66100,66,occitanie
12809312013,42.692042,2.88254,distributeur_sacs,Perpignan,perpignan,66136,66000/66100,66,occitanie
12825585732,42.691943,2.883483,distributeur_sacs,Perpignan,perpignan,66136,66000/66100,66,occitanie
13094538545,42.692407,2.874964,distributeur_sacs,Perpignan,perpignan,66136,66000/66100,66,occitanie
13094583217,42.693128,2.876705,distributeur_sacs,Perpignan,perpignan,66136,66000/66100,66,occitanie
13094582831,42.692993,2.875031,distributeur_sacs,Perpignan,perpignan,66136,66000/66100,66,occitanie
12559999712,42.689896,2.892177,distributeur_sacs,Perpignan,perpignan,66136,66000/66100,66,occitanie
12809312036,42.690602,2.892376,distributeur_sacs,Perpignan,perpignan,66136,66000/66100,66,occitanie
11028528317,42.691453,2.893925,distributeur_sacs,Perpignan,perpignan,66136,66000/66100,66,occitanie
13103305176,42.687383,2.901289,distributeur_sacs,Perpignan,perpignan,66136,66000/66100,66,occitanie
13103249677,42.689722,2.901474,distributeur_sacs,Perpignan,perpignan,66136,66000/66100,66,occitanie
12542545285,42.692464,2.900742,distributeur_sacs,Perpignan,perpignan,66136,66000/66100,66,occitanie
12542545283,42.693174,2.901777,distributeur_sacs,Perpignan,perpignan,66136,66000/66100,66,occitanie
10083245004,42.691386,2.900911,distributeur_sacs,Perpignan,perpignan,66136,66000/66100,66,occitanie
13103131403,42.691598,2.902941,distributeur_sacs,Perpignan,perpignan,66136,66000/66100,66,occitanie
13103305175,42.685194,2.902423,distributeur_sacs,Perpignan,perpignan,66136,66000/66100,66,occitanie
5620313342,42.682114,2.902751,distributeur_sacs,Perpignan,perpignan,66136,66000/66100,66,occitanie
9228633593,42.682942,2.902425,distributeur_sacs,Perpignan,perpignan,66136,66000/66100,66,occitanie
11506371758,42.68004,2.904728,distributeur_sacs,Perpignan,perpignan,66136,66000/66100,66,occitanie
13393111724,42.670213,2.898593,distributeur_sacs,Perpignan,perpignan,66136,66000/66100,66,occitanie
12872008479,42.667044,2.891225,distributeur_sacs,Perpignan,perpignan,66136,66000/66100,66,occitanie
12872008480,42.667461,2.878081,distributeur_sacs,Perpignan,perpignan,66136,66000/66100,66,occitanie
9714615605,42.667743,2.880282,distributeur_sacs,Perpignan,perpignan,66136,66000/66100,66,occitanie
12872008481,42.665986,2.886674,distributeur_sacs,Perpignan,perpignan,66136,66000/66100,66,occitanie
12534856803,42.66041,2.882395,distributeur_sacs,Perpignan,perpignan,66136,66000/66100,66,occitanie
12534856802,42.660605,2.882318,distributeur_sacs,Perpignan,perpignan,66136,66000/66100,66,occitanie
12580361110,42.679279,2.911139,distributeur_sacs,Perpignan,perpignan,66136,66000/66100,66,occitanie
9043992400,42.692543,2.944867,distributeur_sacs,Perpignan,perpignan,66136,66000/66100,66,occitanie
9050459377,42.694515,2.945268,distributeur_sacs,Perpignan,perpignan,66136,66000/66100,66,occitanie
9050459376,42.69366,2.945319,distributeur_sacs,Perpignan,perpignan,66136,66000/66100,66,occitanie
11483543829,42.693867,2.943752,distributeur_sacs,Perpignan,perpignan,66136,66000/66100,66,occitanie
9050459372,42.695235,2.94491,distributeur_sacs,Perpignan,perpignan,66136,66000/66100,66,occitanie
11229716548,42.698993,2.946423,distributeur_sacs,Perpignan,perpignan,66136,66000/66100,66,occitanie
11229716547,42.698883,2.944567,distributeur_sacs,Perpignan,perpignan,66136,66000/66100,66,occitanie
11291919364,42.753221,2.849776,distributeur_sacs,Peyrestortes,peyrestortes,66138,66600,66,occitanie
9188688519,42.743751,2.919768,distributeur_sacs,Pia,pia,66141,66380,66,occitanie
9188684786,42.74349,2.920129,distributeur_sacs,Pia,pia,66141,66380,66,occitanie
9727836869,42.640063,2.871473,distributeur_sacs,Pollestres,pollestres,66144,66450,66,occitanie
9697645151,42.640874,2.870252,distributeur_sacs,Pollestres,pollestres,66144,66450,66,occitanie
9727836836,42.64129,2.871078,distributeur_sacs,Pollestres,pollestres,66144,66450,66,occitanie
11476282080,42.640776,2.866659,distributeur_sacs,Pollestres,pollestres,66144,66450,66,occitanie
11476282092,42.638302,2.866607,distributeur_sacs,Pollestres,pollestres,66144,66450,66,occitanie
10782298055,42.627356,2.812544,distributeur_sacs,Ponteilla,ponteilla,66145,66300,66,occitanie
9848722613,42.626279,2.81176,distributeur_sacs,Ponteilla,ponteilla,66145,66300,66,occitanie
12954835498,42.630884,2.817029,distributeur_sacs,Ponteilla,ponteilla,66145,66300,66,occitanie
11476248752,42.625252,2.816863,distributeur_sacs,Ponteilla,ponteilla,66145,66300,66,occitanie
11476248753,42.623599,2.81189,distributeur_sacs,Ponteilla,ponteilla,66145,66300,66,occitanie
13427111641,42.515907,3.103887,distributeur_sacs,Port-Vendres,port-vendres,66148,66660,66,occitanie
8427052609,42.516057,3.105124,distributeur_sacs,Port-Vendres,port-vendres,66148,66660,66,occitanie
3674704415,42.516461,3.105318,distributeur_sacs,Port-Vendres,port-vendres,66148,66660,66,occitanie
13429409489,42.520735,3.107589,distributeur_sacs,Port-Vendres,port-vendres,66148,66660,66,occitanie
13429409488,42.518873,3.107433,distributeur_sacs,Port-Vendres,port-vendres,66148,66660,66,occitanie
13085045020,42.6223,2.422236,distributeur_sacs,Prades,prades,66149,66500,66,occitanie
11122098363,42.616128,2.423262,distributeur_sacs,Prades,prades,66149,66500,66,occitanie
13374988500,42.403072,2.478404,distributeur_sacs,Prats-de-Mollo-la-Preste,prats-de-mollo-la-preste,66150,66230,66,occitanie
2322098888,42.404216,2.478008,distributeur_sacs,Prats-de-Mollo-la-Preste,prats-de-mollo-la-preste,66150,66230,66,occitanie
13370550600,42.403731,2.483059,distributeur_sacs,Prats-de-Mollo-la-Preste,prats-de-mollo-la-preste,66150,66230,66,occitanie
13362677774,42.404704,2.479339,distributeur_sacs,Prats-de-Mollo-la-Preste,prats-de-mollo-la-preste,66150,66230,66,occitanie
13362677766,42.403638,2.480266,distributeur_sacs,Prats-de-Mollo-la-Preste,prats-de-mollo-la-preste,66150,66230,66,occitanie
13393835334,42.402069,2.479691,distributeur_sacs,Prats-de-Mollo-la-Preste,prats-de-mollo-la-preste,66150,66230,66,occitanie
13368415109,42.403143,2.48235,distributeur_sacs,Prats-de-Mollo-la-Preste,prats-de-mollo-la-preste,66150,66230,66,occitanie
7231523462,42.772264,2.874901,distributeur_sacs,Rivesaltes,rivesaltes,66164,66600,66,occitanie
12461260677,42.656889,2.562841,distributeur_sacs,Rodès,rodes,66165,66320,66,occitanie
12461260678,42.656756,2.561679,distributeur_sacs,Rodès,rodes,66165,66320,66,occitanie
12461260676,42.658167,2.561563,distributeur_sacs,Rodès,rodes,66165,66320,66,occitanie
13359723442,42.553651,2.977079,distributeur_sacs,Saint-André,saint-andre,66168,66690,66,occitanie
13356436498,42.552001,2.97532,distributeur_sacs,Saint-André,saint-andre,66168,66690,66,occitanie
13389587986,42.551293,2.97453,distributeur_sacs,Saint-André,saint-andre,66168,66690,66,occitanie
13359723411,42.552279,2.974015,distributeur_sacs,Saint-André,saint-andre,66168,66690,66,occitanie
13389615704,42.551728,2.973205,distributeur_sacs,Saint-André,saint-andre,66168,66690,66,occitanie
13356448102,42.551161,2.971202,distributeur_sacs,Saint-André,saint-andre,66168,66690,66,occitanie
13356448111,42.552317,2.971189,distributeur_sacs,Saint-André,saint-andre,66168,66690,66,occitanie
13356448122,42.552599,2.971768,distributeur_sacs,Saint-André,saint-andre,66168,66690,66,occitanie
13302385730,42.554164,2.96767,distributeur_sacs,Saint-André,saint-andre,66168,66690,66,occitanie
13307022018,42.551514,2.969865,distributeur_sacs,Saint-André,saint-andre,66168,66690,66,occitanie
13389615722,42.550948,2.97233,distributeur_sacs,Saint-André,saint-andre,66168,66690,66,occitanie
13389587982,42.550879,2.974914,distributeur_sacs,Saint-André,saint-andre,66168,66690,66,occitanie
13389587971,42.548844,2.975384,distributeur_sacs,Saint-André,saint-andre,66168,66690,66,occitanie
13359723406,42.548321,2.978168,distributeur_sacs,Saint-André,saint-andre,66168,66690,66,occitanie
1868884450,42.622992,3.014419,distributeur_sacs,Saint-Cyprien,saint-cyprien,66171,66750,66,occitanie
1868884448,42.62271,3.012833,distributeur_sacs,Saint-Cyprien,saint-cyprien,66171,66750,66,occitanie
12542557397,42.622224,3.010908,distributeur_sacs,Saint-Cyprien,saint-cyprien,66171,66750,66,occitanie
12542557396,42.619548,3.014379,distributeur_sacs,Saint-Cyprien,saint-cyprien,66171,66750,66,occitanie
12542557395,42.617274,3.015983,distributeur_sacs,Saint-Cyprien,saint-cyprien,66171,66750,66,occitanie
12542557392,42.615758,3.009031,distributeur_sacs,Saint-Cyprien,saint-cyprien,66171,66750,66,occitanie
12542557393,42.617144,3.008795,distributeur_sacs,Saint-Cyprien,saint-cyprien,66171,66750,66,occitanie
12542557394,42.618759,3.011922,distributeur_sacs,Saint-Cyprien,saint-cyprien,66171,66750,66,occitanie
12542573005,42.618052,3.00865,distributeur_sacs,Saint-Cyprien,saint-cyprien,66171,66750,66,occitanie
9231086596,42.617684,3.004973,distributeur_sacs,Saint-Cyprien,saint-cyprien,66171,66750,66,occitanie
12542573003,42.616627,3.004289,distributeur_sacs,Saint-Cyprien,saint-cyprien,66171,66750,66,occitanie
12542573002,42.615993,3.004077,distributeur_sacs,Saint-Cyprien,saint-cyprien,66171,66750,66,occitanie
12542573001,42.616041,3.005753,distributeur_sacs,Saint-Cyprien,saint-cyprien,66171,66750,66,occitanie
12542573004,42.617027,3.007063,distributeur_sacs,Saint-Cyprien,saint-cyprien,66171,66750,66,occitanie
12542557387,42.614921,3.004793,distributeur_sacs,Saint-Cyprien,saint-cyprien,66171,66750,66,occitanie
12542557388,42.616139,3.000925,distributeur_sacs,Saint-Cyprien,saint-cyprien,66171,66750,66,occitanie
12542573006,42.615575,3.001108,distributeur_sacs,Saint-Cyprien,saint-cyprien,66171,66750,66,occitanie
9232582036,42.617448,3.002251,distributeur_sacs,Saint-Cyprien,saint-cyprien,66171,66750,66,occitanie
12469278857,42.619803,2.999639,distributeur_sacs,Saint-Cyprien,saint-cyprien,66171,66750,66,occitanie
12542557399,42.618893,3.002148,distributeur_sacs,Saint-Cyprien,saint-cyprien,66171,66750,66,occitanie
12542557400,42.619402,3.004664,distributeur_sacs,Saint-Cyprien,saint-cyprien,66171,66750,66,occitanie
12542557398,42.620697,3.005171,distributeur_sacs,Saint-Cyprien,saint-cyprien,66171,66750,66,occitanie
12542557391,42.624893,3.002741,distributeur_sacs,Saint-Cyprien,saint-cyprien,66171,66750,66,occitanie
12542557390,42.619528,2.996977,distributeur_sacs,Saint-Cyprien,saint-cyprien,66171,66750,66,occitanie
12542557389,42.621348,2.995649,distributeur_sacs,Saint-Cyprien,saint-cyprien,66171,66750,66,occitanie
12542573008,42.616832,2.99371,distributeur_sacs,Saint-Cyprien,saint-cyprien,66171,66750,66,occitanie
12542573009,42.617531,2.99526,distributeur_sacs,Saint-Cyprien,saint-cyprien,66171,66750,66,occitanie
12542573007,42.616536,2.998656,distributeur_sacs,Saint-Cyprien,saint-cyprien,66171,66750,66,occitanie
13281387832,42.611322,3.028484,distributeur_sacs,Saint-Cyprien,saint-cyprien,66171,66750,66,occitanie
12559772538,42.610972,3.02864,distributeur_sacs,Saint-Cyprien,saint-cyprien,66171,66750,66,occitanie
12559772543,42.610024,3.029998,distributeur_sacs,Saint-Cyprien,saint-cyprien,66171,66750,66,occitanie
12542557360,42.609582,3.029585,distributeur_sacs,Saint-Cyprien,saint-cyprien,66171,66750,66,occitanie
12559772537,42.608879,3.031256,distributeur_sacs,Saint-Cyprien,saint-cyprien,66171,66750,66,occitanie
12559772544,42.611526,3.033224,distributeur_sacs,Saint-Cyprien,saint-cyprien,66171,66750,66,occitanie
12559772542,42.60734,3.031069,distributeur_sacs,Saint-Cyprien,saint-cyprien,66171,66750,66,occitanie
12559772536,42.60651,3.034734,distributeur_sacs,Saint-Cyprien,saint-cyprien,66171,66750,66,occitanie
12559772535,42.603312,3.035284,distributeur_sacs,Saint-Cyprien,saint-cyprien,66171,66750,66,occitanie
12559772541,42.605302,3.029982,distributeur_sacs,Saint-Cyprien,saint-cyprien,66171,66750,66,occitanie
12542557359,42.601522,3.040111,distributeur_sacs,Saint-Cyprien,saint-cyprien,66171,66750,66,occitanie
9246555792,42.604855,3.03944,distributeur_sacs,Saint-Cyprien,saint-cyprien,66171,66750,66,occitanie
12559772534,42.603363,3.039965,distributeur_sacs,Saint-Cyprien,saint-cyprien,66171,66750,66,occitanie
12542557358,42.600042,3.040764,distributeur_sacs,Saint-Cyprien,saint-cyprien,66171,66750,66,occitanie
13281387835,42.614425,3.038885,distributeur_sacs,Saint-Cyprien,saint-cyprien,66171,66750,66,occitanie
12542557367,42.622548,3.035915,distributeur_sacs,Saint-Cyprien,saint-cyprien,66171,66750,66,occitanie
10865899302,42.624952,3.036183,distributeur_sacs,Saint-Cyprien,saint-cyprien,66171,66750,66,occitanie
13281387830,42.622372,3.03464,distributeur_sacs,Saint-Cyprien,saint-cyprien,66171,66750,66,occitanie
12542557366,42.622848,3.034085,distributeur_sacs,Saint-Cyprien,saint-cyprien,66171,66750,66,occitanie
12542557364,42.623851,3.032237,distributeur_sacs,Saint-Cyprien,saint-cyprien,66171,66750,66,occitanie
12559772546,42.62492,3.032023,distributeur_sacs,Saint-Cyprien,saint-cyprien,66171,66750,66,occitanie
12542557363,42.621415,3.030628,distributeur_sacs,Saint-Cyprien,saint-cyprien,66171,66750,66,occitanie
12542557362,42.620171,3.028588,distributeur_sacs,Saint-Cyprien,saint-cyprien,66171,66750,66,occitanie
13281387831,42.62189,3.033913,distributeur_sacs,Saint-Cyprien,saint-cyprien,66171,66750,66,occitanie
13281387829,42.618602,3.033486,distributeur_sacs,Saint-Cyprien,saint-cyprien,66171,66750,66,occitanie
13281387828,42.616361,3.035232,distributeur_sacs,Saint-Cyprien,saint-cyprien,66171,66750,66,occitanie
13281387827,42.613776,3.03413,distributeur_sacs,Saint-Cyprien,saint-cyprien,66171,66750,66,occitanie
12542557361,42.613749,3.033613,distributeur_sacs,Saint-Cyprien,saint-cyprien,66171,66750,66,occitanie
12559772540,42.613556,3.033377,distributeur_sacs,Saint-Cyprien,saint-cyprien,66171,66750,66,occitanie
12559772539,42.612523,3.031341,distributeur_sacs,Saint-Cyprien,saint-cyprien,66171,66750,66,occitanie
12559772545,42.617223,3.028643,distributeur_sacs,Saint-Cyprien,saint-cyprien,66171,66750,66,occitanie
1888222960,42.617952,3.019214,distributeur_sacs,Saint-Cyprien,saint-cyprien,66171,66750,66,occitanie
1868884447,42.621717,3.018598,distributeur_sacs,Saint-Cyprien,saint-cyprien,66171,66750,66,occitanie
13281387826,42.620974,3.02328,distributeur_sacs,Saint-Cyprien,saint-cyprien,66171,66750,66,occitanie
8572803816,42.621127,3.021929,distributeur_sacs,Saint-Cyprien,saint-cyprien,66171,66750,66,occitanie
1868884452,42.624849,3.021869,distributeur_sacs,Saint-Cyprien,saint-cyprien,66171,66750,66,occitanie
1868884449,42.622983,3.01891,distributeur_sacs,Saint-Cyprien,saint-cyprien,66171,66750,66,occitanie
1868884451,42.624068,3.017849,distributeur_sacs,Saint-Cyprien,saint-cyprien,66171,66750,66,occitanie
12542557386,42.628883,3.027793,distributeur_sacs,Saint-Cyprien,saint-cyprien,66171,66750,66,occitanie
12542557375,42.62849,3.028925,distributeur_sacs,Saint-Cyprien,saint-cyprien,66171,66750,66,occitanie
12542557376,42.628737,3.028862,distributeur_sacs,Saint-Cyprien,saint-cyprien,66171,66750,66,occitanie
12559772551,42.626864,3.029033,distributeur_sacs,Saint-Cyprien,saint-cyprien,66171,66750,66,occitanie
12542557373,42.626697,3.032302,distributeur_sacs,Saint-Cyprien,saint-cyprien,66171,66750,66,occitanie
12542557371,42.625919,3.033824,distributeur_sacs,Saint-Cyprien,saint-cyprien,66171,66750,66,occitanie
12542557370,42.626953,3.03419,distributeur_sacs,Saint-Cyprien,saint-cyprien,66171,66750,66,occitanie
12559772533,42.628423,3.034415,distributeur_sacs,Saint-Cyprien,saint-cyprien,66171,66750,66,occitanie
12542557372,42.62854,3.032493,distributeur_sacs,Saint-Cyprien,saint-cyprien,66171,66750,66,occitanie
12542557374,42.628988,3.031532,distributeur_sacs,Saint-Cyprien,saint-cyprien,66171,66750,66,occitanie
12559772549,42.631793,3.035227,distributeur_sacs,Saint-Cyprien,saint-cyprien,66171,66750,66,occitanie
12542557369,42.631796,3.033235,distributeur_sacs,Saint-Cyprien,saint-cyprien,66171,66750,66,occitanie
12542557381,42.631885,3.030311,distributeur_sacs,Saint-Cyprien,saint-cyprien,66171,66750,66,occitanie
12542557380,42.62909,3.02827,distributeur_sacs,Saint-Cyprien,saint-cyprien,66171,66750,66,occitanie
12542557384,42.634142,3.026353,distributeur_sacs,Saint-Cyprien,saint-cyprien,66171,66750,66,occitanie
12542557382,42.634691,3.029172,distributeur_sacs,Saint-Cyprien,saint-cyprien,66171,66750,66,occitanie
12542557377,42.634057,3.029947,distributeur_sacs,Saint-Cyprien,saint-cyprien,66171,66750,66,occitanie
12542557378,42.633965,3.031915,distributeur_sacs,Saint-Cyprien,saint-cyprien,66171,66750,66,occitanie
13281387833,42.634885,3.034841,distributeur_sacs,Saint-Cyprien,saint-cyprien,66171,66750,66,occitanie
12542557379,42.635332,3.031843,distributeur_sacs,Saint-Cyprien,saint-cyprien,66171,66750,66,occitanie
13281387834,42.637886,3.034229,distributeur_sacs,Saint-Cyprien,saint-cyprien,66171,66750,66,occitanie
12542557383,42.63649,3.028922,distributeur_sacs,Saint-Cyprien,saint-cyprien,66171,66750,66,occitanie
12542557385,42.632619,3.025284,distributeur_sacs,Saint-Cyprien,saint-cyprien,66171,66750,66,occitanie
12559772550,42.639882,3.03397,distributeur_sacs,Saint-Cyprien,saint-cyprien,66171,66750,66,occitanie
12559772548,42.629021,3.035738,distributeur_sacs,Saint-Cyprien,saint-cyprien,66171,66750,66,occitanie
10865941213,42.62719,3.035916,distributeur_sacs,Saint-Cyprien,saint-cyprien,66171,66750,66,occitanie
12542557368,42.626037,3.036124,distributeur_sacs,Saint-Cyprien,saint-cyprien,66171,66750,66,occitanie
8892436649,42.719739,2.831162,distributeur_sacs,Saint-Estève,saint-esteve,66172,66240,66,occitanie
12907913216,42.716022,2.836849,distributeur_sacs,Saint-Estève,saint-esteve,66172,66240,66,occitanie
12907913215,42.715674,2.836038,distributeur_sacs,Saint-Estève,saint-esteve,66172,66240,66,occitanie
12907913213,42.714473,2.83819,distributeur_sacs,Saint-Estève,saint-esteve,66172,66240,66,occitanie
8969147730,42.708328,2.846397,distributeur_sacs,Saint-Estève,saint-esteve,66172,66240,66,occitanie
11728258634,42.682567,2.736419,distributeur_sacs,Saint-Féliu-d'Avall,saint-feliu-davall,66174,66170,66,occitanie
11730046763,42.68061,2.737601,distributeur_sacs,Saint-Féliu-d'Avall,saint-feliu-davall,66174,66170,66,occitanie
10940673171,42.542777,2.92071,distributeur_sacs,Saint-Génis-des-Fontaines,saint-genis-des-fontaines,66175,66740,66,occitanie
10977460943,42.544112,2.921462,distributeur_sacs,Saint-Génis-des-Fontaines,saint-genis-des-fontaines,66175,66740,66,occitanie
10940673144,42.54399,2.921594,distributeur_sacs,Saint-Génis-des-Fontaines,saint-genis-des-fontaines,66175,66740,66,occitanie
10797345045,42.54358,2.919959,distributeur_sacs,Saint-Génis-des-Fontaines,saint-genis-des-fontaines,66175,66740,66,occitanie
10940598294,42.539159,2.917841,distributeur_sacs,Saint-Génis-des-Fontaines,saint-genis-des-fontaines,66175,66740,66,occitanie
12877755118,42.786438,2.967915,distributeur_sacs,Saint-Hippolyte,saint-hippolyte,66176,66510,66,occitanie
12877755162,42.784097,2.965016,distributeur_sacs,Saint-Hippolyte,saint-hippolyte,66176,66510,66,occitanie
12874747863,42.783633,2.966511,distributeur_sacs,Saint-Hippolyte,saint-hippolyte,66176,66510,66,occitanie
12877533641,42.781278,2.964986,distributeur_sacs,Saint-Hippolyte,saint-hippolyte,66176,66510,66,occitanie
12877753292,42.788173,2.96186,distributeur_sacs,Saint-Hippolyte,saint-hippolyte,66176,66510,66,occitanie
9661701426,42.581867,2.87122,distributeur_sacs,Saint-Jean-Lasseille,saint-jean-lasseille,66177,66300,66,occitanie
10764324232,42.514027,2.810295,distributeur_sacs,Saint-Jean-Pla-de-Corts,saint-jean-pla-de-corts,66178,66490,66,occitanie
13397989090,42.513739,2.804635,distributeur_sacs,Saint-Jean-Pla-de-Corts,saint-jean-pla-de-corts,66178,66490,66,occitanie
13398007913,42.511446,2.804236,distributeur_sacs,Saint-Jean-Pla-de-Corts,saint-jean-pla-de-corts,66178,66490,66,occitanie
13268996704,42.385397,2.61166,distributeur_sacs,Saint-Laurent-de-Cerdans,saint-laurent-de-cerdans,66179,66260,66,occitanie
12460596545,42.384713,2.613068,distributeur_sacs,Saint-Laurent-de-Cerdans,saint-laurent-de-cerdans,66179,66260,66,occitanie
13268996589,42.388655,2.612637,distributeur_sacs,Saint-Laurent-de-Cerdans,saint-laurent-de-cerdans,66179,66260,66,occitanie
10894983597,42.775461,3.016898,distributeur_sacs,Saint-Laurent-de-la-Salanque,saint-laurent-de-la-salanque,66180,66250,66,occitanie
9733493722,42.770783,2.992846,distributeur_sacs,Saint-Laurent-de-la-Salanque,saint-laurent-de-la-salanque,66180,66250,66,occitanie
10937920433,42.767083,2.990962,distributeur_sacs,Saint-Laurent-de-la-Salanque,saint-laurent-de-la-salanque,66180,66250,66,occitanie
10894983571,42.775274,3.018561,distributeur_sacs,Saint-Laurent-de-la-Salanque,saint-laurent-de-la-salanque,66180,66250,66,occitanie
9173323653,42.737007,3.025511,distributeur_sacs,Sainte-Marie-la-Mer,sainte-marie-la-mer,66182,66470,66,occitanie
9173323649,42.735846,3.02808,distributeur_sacs,Sainte-Marie-la-Mer,sainte-marie-la-mer,66182,66470,66,occitanie
9136323475,42.739806,3.036782,distributeur_sacs,Sainte-Marie-la-Mer,sainte-marie-la-mer,66182,66470,66,occitanie
8505061739,42.731893,3.026118,distributeur_sacs,Sainte-Marie-la-Mer,sainte-marie-la-mer,66182,66470,66,occitanie
12879520293,42.728945,3.021453,distributeur_sacs,Sainte-Marie-la-Mer,sainte-marie-la-mer,66182,66470,66,occitanie
7137555244,42.727943,3.019733,distributeur_sacs,Sainte-Marie-la-Mer,sainte-marie-la-mer,66182,66470,66,occitanie
9545213413,42.668382,2.990411,poubelle_dejections,Saint-Nazaire,saint-nazaire,66186,66570,66,occitanie
10084842572,42.811528,2.505087,distributeur_sacs,Saint-Paul-de-Fenouillet,saint-paul-de-fenouillet,66187,66220,66,occitanie
8607646409,42.655888,2.929239,distributeur_sacs,Saleilles,saleilles,66189,66280,66,occitanie
8607646410,42.654791,2.929556,distributeur_sacs,Saleilles,saleilles,66189,66280,66,occitanie
9275078455,42.652347,2.954174,distributeur_sacs,Saleilles,saleilles,66189,66280,66,occitanie
9240492551,42.656904,2.959247,distributeur_sacs,Saleilles,saleilles,66189,66280,66,occitanie
9413938693,42.654181,2.954625,distributeur_sacs,Saleilles,saleilles,66189,66280,66,occitanie
9275078475,42.653888,2.953775,distributeur_sacs,Saleilles,saleilles,66189,66280,66,occitanie
13393787076,42.655058,2.953099,distributeur_sacs,Saleilles,saleilles,66189,66280,66,occitanie
9240492552,42.656767,2.955766,distributeur_sacs,Saleilles,saleilles,66189,66280,66,occitanie
9275078428,42.65691,2.950675,distributeur_sacs,Saleilles,saleilles,66189,66280,66,occitanie
9322358646,42.652934,2.943775,distributeur_sacs,Saleilles,saleilles,66189,66280,66,occitanie
9275078417,42.65673,2.947645,distributeur_sacs,Saleilles,saleilles,66189,66280,66,occitanie
12587932853,42.65958,2.951583,distributeur_sacs,Saleilles,saleilles,66189,66280,66,occitanie
12641465051,42.823195,2.918222,distributeur_sacs,Salses-le-Château,salses-le-chateau,66190,66600,66,occitanie
12641465053,42.827734,2.921103,distributeur_sacs,Salses-le-Château,salses-le-chateau,66190,66600,66,occitanie
12641465052,42.826091,2.919111,distributeur_sacs,Salses-le-Château,salses-le-chateau,66190,66600,66,occitanie
12641465069,42.830631,2.915363,distributeur_sacs,Salses-le-Château,salses-le-chateau,66190,66600,66,occitanie
12641465070,42.833851,2.913955,distributeur_sacs,Salses-le-Château,salses-le-chateau,66190,66600,66,occitanie
12641465068,42.837943,2.920543,distributeur_sacs,Salses-le-Château,salses-le-chateau,66190,66600,66,occitanie
12574568243,42.837177,2.918128,distributeur_sacs,Salses-le-Château,salses-le-chateau,66190,66600,66,occitanie
12641465050,42.833032,2.92165,distributeur_sacs,Salses-le-Château,salses-le-chateau,66190,66600,66,occitanie
13438635488,42.83386,2.921219,distributeur_sacs,Salses-le-Château,salses-le-chateau,66190,66600,66,occitanie
13438676909,42.834613,2.919884,distributeur_sacs,Salses-le-Château,salses-le-chateau,66190,66600,66,occitanie
12641465049,42.835058,2.917439,distributeur_sacs,Salses-le-Château,salses-le-chateau,66190,66600,66,occitanie
8600631787,42.833728,2.916568,distributeur_sacs,Salses-le-Château,salses-le-chateau,66190,66600,66,occitanie
8600631488,42.832384,2.916963,distributeur_sacs,Salses-le-Château,salses-le-chateau,66190,66600,66,occitanie
13438635486,42.832624,2.918795,distributeur_sacs,Salses-le-Château,salses-le-chateau,66190,66600,66,occitanie
8695216477,42.833276,2.919507,distributeur_sacs,Salses-le-Château,salses-le-chateau,66190,66600,66,occitanie
13438635484,42.831936,2.919428,distributeur_sacs,Salses-le-Château,salses-le-chateau,66190,66600,66,occitanie
8707117478,42.830739,2.919607,distributeur_sacs,Salses-le-Château,salses-le-chateau,66190,66600,66,occitanie
9103348272,42.831029,2.916977,distributeur_sacs,Salses-le-Château,salses-le-chateau,66190,66600,66,occitanie
8694585049,42.830171,2.917956,distributeur_sacs,Salses-le-Château,salses-le-chateau,66190,66600,66,occitanie
13438635483,42.829693,2.91882,distributeur_sacs,Salses-le-Château,salses-le-chateau,66190,66600,66,occitanie
12641465067,42.831167,2.922844,distributeur_sacs,Salses-le-Château,salses-le-chateau,66190,66600,66,occitanie
9235020353,42.683775,2.789039,distributeur_sacs,Le Soler,le-soler,66195,66270,66,occitanie
12473300939,42.68295,2.784744,distributeur_sacs,Le Soler,le-soler,66195,66270,66,occitanie
13482257615,42.682225,2.811274,distributeur_sacs,Le Soler,le-soler,66195,66270,66,occitanie
12905950690,42.68412,2.800201,distributeur_sacs,Le Soler,le-soler,66195,66270,66,occitanie
13248664565,42.534147,2.963394,distributeur_sacs,Sorède,sorede,66196,66690,66,occitanie
3178068069,42.5313,2.954956,distributeur_sacs,Sorède,sorede,66196,66690,66,occitanie
13248679963,42.534903,2.955778,distributeur_sacs,Sorède,sorede,66196,66690,66,occitanie
11831654038,42.528353,2.956983,distributeur_sacs,Sorède,sorede,66196,66690,66,occitanie
11831654040,42.530526,2.957325,distributeur_sacs,Sorède,sorede,66196,66690,66,occitanie
11831654042,42.530297,2.956099,distributeur_sacs,Sorède,sorede,66196,66690,66,occitanie
12809014628,42.810762,2.744378,distributeur_sacs,Tautavel,tautavel,66205,66720,66,occitanie
12051803067,42.607919,2.771095,distributeur_sacs,Terrats,terrats,66207,66300,66,occitanie
9241919248,42.638161,2.955221,distributeur_sacs,Théza,theza,66208,66200,66,occitanie
9405448274,42.637862,2.94496,distributeur_sacs,Théza,theza,66208,66200,66,occitanie
9206061713,42.639327,2.952354,distributeur_sacs,Théza,theza,66208,66200,66,occitanie
9206061712,42.639608,2.95211,distributeur_sacs,Théza,theza,66208,66200,66,occitanie
9206061714,42.640526,2.950626,distributeur_sacs,Théza,theza,66208,66200,66,occitanie
9206061717,42.641136,2.949846,distributeur_sacs,Théza,theza,66208,66200,66,occitanie
9206061721,42.643393,2.944352,distributeur_sacs,Théza,theza,66208,66200,66,occitanie
9206061720,42.643378,2.944139,distributeur_sacs,Théza,theza,66208,66200,66,occitanie
12915499506,42.637383,2.760879,distributeur_sacs,Thuir,thuir,66210,66300,66,occitanie
12915499504,42.63585,2.759313,distributeur_sacs,Thuir,thuir,66210,66300,66,occitanie
12915496064,42.635851,2.75891,distributeur_sacs,Thuir,thuir,66210,66300,66,occitanie
13094382795,42.632574,2.756462,distributeur_sacs,Thuir,thuir,66210,66300,66,occitanie
9998015464,42.562852,2.758623,distributeur_sacs,Tordères,torderes,66211,66300,66,occitanie
12465653982,42.754967,2.999572,distributeur_sacs,Torreilles,torreilles,66212,66440,66,occitanie
3590221329,42.756118,2.992446,distributeur_sacs,Torreilles,torreilles,66212,66440,66,occitanie
3596401648,42.755742,2.991574,distributeur_sacs,Torreilles,torreilles,66212,66440,66,occitanie
9733544696,42.754304,2.992656,distributeur_sacs,Torreilles,torreilles,66212,66440,66,occitanie
3683571120,42.755011,2.993443,distributeur_sacs,Torreilles,torreilles,66212,66440,66,occitanie
785666472,42.754447,2.994245,distributeur_sacs,Torreilles,torreilles,66212,66440,66,occitanie
3588058827,42.754494,2.996181,distributeur_sacs,Torreilles,torreilles,66212,66440,66,occitanie
9735967621,42.754053,2.994076,distributeur_sacs,Torreilles,torreilles,66212,66440,66,occitanie
9804669359,42.752461,2.990679,distributeur_sacs,Torreilles,torreilles,66212,66440,66,occitanie
11850856566,42.763094,3.022555,distributeur_sacs,Torreilles,torreilles,66212,66440,66,occitanie
11851711667,42.767197,3.031101,distributeur_sacs,Torreilles,torreilles,66212,66440,66,occitanie
11851733185,42.766328,3.027936,distributeur_sacs,Torreilles,torreilles,66212,66440,66,occitanie
11851733151,42.767175,3.028208,distributeur_sacs,Torreilles,torreilles,66212,66440,66,occitanie
12747399163,42.667346,2.822735,distributeur_sacs,Toulouges,toulouges,66213,66350,66,occitanie
12731493981,42.670759,2.82615,distributeur_sacs,Toulouges,toulouges,66213,66350,66,occitanie
12747399164,42.6654,2.822653,distributeur_sacs,Toulouges,toulouges,66213,66350,66,occitanie
10563554286,42.56323,2.831219,distributeur_sacs,Tresserre,tresserre,66214,66300,66,occitanie
12351905412,42.560928,2.831722,distributeur_sacs,Tresserre,tresserre,66214,66300,66,occitanie
10563529781,42.562115,2.826447,distributeur_sacs,Tresserre,tresserre,66214,66300,66,occitanie
10563554291,42.562631,2.828373,distributeur_sacs,Tresserre,tresserre,66214,66300,66,occitanie
12605187137,42.613735,2.810509,distributeur_sacs,Trouillas,trouillas,66217,66300,66,occitanie
12605274182,42.606502,2.813908,distributeur_sacs,Trouillas,trouillas,66217,66300,66,occitanie
12605267228,42.605763,2.810097,distributeur_sacs,Trouillas,trouillas,66217,66300,66,occitanie
12605187131,42.608502,2.807039,distributeur_sacs,Trouillas,trouillas,66217,66300,66,occitanie
12605274178,42.610325,2.806451,distributeur_sacs,Trouillas,trouillas,66217,66300,66,occitanie
12605274177,42.609183,2.808446,distributeur_sacs,Trouillas,trouillas,66217,66300,66,occitanie
12605274181,42.609879,2.809615,distributeur_sacs,Trouillas,trouillas,66217,66300,66,occitanie
12605129028,42.611344,2.808994,distributeur_sacs,Trouillas,trouillas,66217,66300,66,occitanie
12605274176,42.611233,2.806353,distributeur_sacs,Trouillas,trouillas,66217,66300,66,occitanie
11127880523,42.547609,2.389155,distributeur_sacs,Vernet-les-Bains,vernet-les-bains,66222,66820,66,occitanie
11125493864,42.587334,2.366278,distributeur_sacs,Villefranche-de-Conflent,villefranche-de-conflent,66223,66500,66,occitanie
8483197376,42.726994,2.983938,distributeur_sacs,Villelongue-de-la-Salanque,villelongue-de-la-salanque,66224,66410,66,occitanie
12645486313,42.725507,2.981799,distributeur_sacs,Villelongue-de-la-Salanque,villelongue-de-la-salanque,66224,66410,66,occitanie
8481172645,42.726922,2.981466,distributeur_sacs,Villelongue-de-la-Salanque,villelongue-de-la-salanque,66224,66410,66,occitanie
8430077262,42.727564,2.985332,distributeur_sacs,Villelongue-de-la-Salanque,villelongue-de-la-salanque,66224,66410,66,occitanie
11829103806,42.527801,2.90389,distributeur_sacs,Villelongue-dels-Monts,villelongue-dels-monts,66225,66740,66,occitanie
11829103807,42.527959,2.902734,distributeur_sacs,Villelongue-dels-Monts,villelongue-dels-monts,66225,66740,66,occitanie
10577614544,42.588924,2.838125,distributeur_sacs,Villemolaque,villemolaque,66226,66300,66,occitanie
10582137397,42.589914,2.837914,distributeur_sacs,Villemolaque,villemolaque,66226,66300,66,occitanie
10584492138,42.591177,2.839494,distributeur_sacs,Villemolaque,villemolaque,66226,66300,66,occitanie
10573395408,42.591287,2.841994,distributeur_sacs,Villemolaque,villemolaque,66226,66300,66,occitanie
10580135110,42.588651,2.841302,distributeur_sacs,Villemolaque,villemolaque,66226,66300,66,occitanie
10580135118,42.587722,2.842175,distributeur_sacs,Villemolaque,villemolaque,66226,66300,66,occitanie
10582154321,42.586825,2.840819,distributeur_sacs,Villemolaque,villemolaque,66226,66300,66,occitanie
10579332152,42.587801,2.838595,distributeur_sacs,Villemolaque,villemolaque,66226,66300,66,occitanie
10584501453,42.590309,2.833064,distributeur_sacs,Villemolaque,villemolaque,66226,66300,66,occitanie
10584501451,42.58935,2.832503,distributeur_sacs,Villemolaque,villemolaque,66226,66300,66,occitanie
12222615818,48.564131,7.499409,distributeur_sacs,Avolsheim,avolsheim,67016,67120,67,grand-est
12222604171,48.562063,7.500351,distributeur_sacs,Avolsheim,avolsheim,67016,67120,67,grand-est
2300688096,48.863099,8.084655,distributeur_sacs,Beinheim,beinheim,67025,67930,67,grand-est
2225414604,48.862148,8.08601,distributeur_sacs,Beinheim,beinheim,67025,67930,67,grand-est
11769032640,48.373334,7.582456,poubelle_dejections,Benfeld,benfeld,67028,67230,67,grand-est
11768926252,48.373333,7.584084,poubelle_dejections,Benfeld,benfeld,67028,67230,67,grand-est
8520907959,48.370556,7.593308,poubelle_dejections,Benfeld,benfeld,67028,67230,67,grand-est
12091958053,48.368342,7.594472,distributeur_sacs,Benfeld,benfeld,67028,67230,67,grand-est
11482725627,48.451637,7.459797,poubelle_dejections,Bernardswiller,bernardswiller,67031,67210,67,grand-est
10269121770,48.613686,7.753759,distributeur_sacs,Bischheim,bischheim,67043,67800,67,grand-est
13509825075,48.770149,7.852909,distributeur_sacs,Bischwiller,bischwiller,67046,67240,67,grand-est
13509826320,48.770149,7.85291,poubelle_dejections,Bischwiller,bischwiller,67046,67240,67,grand-est
13509772039,48.76951,7.854802,distributeur_sacs,Bischwiller,bischwiller,67046,67240,67,grand-est
13509770208,48.769509,7.854802,poubelle_dejections,Bischwiller,bischwiller,67046,67240,67,grand-est
12177924230,48.76545,7.853638,distributeur_sacs,Bischwiller,bischwiller,67046,67240,67,grand-est
12177924233,48.765843,7.853837,distributeur_sacs,Bischwiller,bischwiller,67046,67240,67,grand-est
12177924215,48.765404,7.852602,distributeur_sacs,Bischwiller,bischwiller,67046,67240,67,grand-est
8711846573,48.765728,7.852693,distributeur_sacs,Bischwiller,bischwiller,67046,67240,67,grand-est
12177921047,48.767813,7.852551,distributeur_sacs,Bischwiller,bischwiller,67046,67240,67,grand-est
7093376589,48.764867,7.853312,distributeur_sacs,Bischwiller,bischwiller,67046,67240,67,grand-est
12177924248,48.765939,7.85629,distributeur_sacs,Bischwiller,bischwiller,67046,67240,67,grand-est
13569838303,48.768176,7.856894,distributeur_sacs,Bischwiller,bischwiller,67046,67240,67,grand-est
13569836306,48.768154,7.856905,poubelle_dejections,Bischwiller,bischwiller,67046,67240,67,grand-est
13509758342,48.768721,7.857688,distributeur_sacs,Bischwiller,bischwiller,67046,67240,67,grand-est
13509758762,48.768722,7.857679,poubelle_dejections,Bischwiller,bischwiller,67046,67240,67,grand-est
13509746941,48.768846,7.856989,distributeur_sacs,Bischwiller,bischwiller,67046,67240,67,grand-est
13509636981,48.768839,7.856985,poubelle_dejections,Bischwiller,bischwiller,67046,67240,67,grand-est
13509780917,48.768418,7.858782,distributeur_sacs,Bischwiller,bischwiller,67046,67240,67,grand-est
13509751918,48.768435,7.858798,poubelle_dejections,Bischwiller,bischwiller,67046,67240,67,grand-est
12173696895,48.768382,7.861924,distributeur_sacs,Bischwiller,bischwiller,67046,67240,67,grand-est
9613457648,48.76974,7.862393,distributeur_sacs,Bischwiller,bischwiller,67046,67240,67,grand-est
13519455227,48.767473,7.861622,poubelle_dejections,Bischwiller,bischwiller,67046,67240,67,grand-est
13519469484,48.767472,7.861608,distributeur_sacs,Bischwiller,bischwiller,67046,67240,67,grand-est
10597227247,48.477271,7.442573,distributeur_sacs,Bœrsch,boersch,67052,67530,67,grand-est
12132099511,48.472239,7.409935,distributeur_sacs,Bœrsch,boersch,67052,67530,67,grand-est
6612642901,48.584436,7.680673,distributeur_sacs,Eckbolsheim,eckbolsheim,67118,67201,67,grand-est
11593987116,48.421083,7.648334,distributeur_sacs,Erstein,erstein,67130,67150,67,grand-est
12191453588,48.820889,7.801868,distributeur_sacs,Haguenau,haguenau,67180,67500,67,grand-est
13518977890,48.836089,7.778148,distributeur_sacs,Haguenau,haguenau,67180,67500,67,grand-est
10274747960,48.828702,7.79313,distributeur_sacs,Haguenau,haguenau,67180,67500,67,grand-est
10228099437,48.822863,7.798999,distributeur_sacs,Haguenau,haguenau,67180,67500,67,grand-est
10228099435,48.822679,7.798582,distributeur_sacs,Haguenau,haguenau,67180,67500,67,grand-est
9950555063,48.82061,7.786161,distributeur_sacs,Haguenau,haguenau,67180,67500,67,grand-est
10241440253,48.808734,7.787827,distributeur_sacs,Haguenau,haguenau,67180,67500,67,grand-est
10241440297,48.809732,7.787524,distributeur_sacs,Haguenau,haguenau,67180,67500,67,grand-est
11329476574,48.806963,7.798633,distributeur_sacs,Haguenau,haguenau,67180,67500,67,grand-est
11329475671,48.80678,7.79238,distributeur_sacs,Haguenau,haguenau,67180,67500,67,grand-est
11329483465,48.80173,7.790249,distributeur_sacs,Haguenau,haguenau,67180,67500,67,grand-est
10301648359,48.798753,7.771771,distributeur_sacs,Haguenau,haguenau,67180,67500,67,grand-est
10251688583,48.798334,7.772274,distributeur_sacs,Haguenau,haguenau,67180,67500,67,grand-est
10138503735,48.800428,7.781479,distributeur_sacs,Haguenau,haguenau,67180,67500,67,grand-est
12862565699,48.422895,7.450404,poubelle_dejections,Heiligenstein,heiligenstein,67189,67140,67,grand-est
12862565671,48.425464,7.450277,poubelle_dejections,Heiligenstein,heiligenstein,67189,67140,67,grand-est
9988956483,48.357936,7.581236,distributeur_sacs,Huttenheim,huttenheim,67216,67230,67,grand-est
8371097560,48.363478,7.580505,poubelle_dejections,Huttenheim,huttenheim,67216,67230,67,grand-est
11302920508,48.365562,7.585999,distributeur_sacs,Huttenheim,huttenheim,67216,67230,67,grand-est
4254709721,48.519141,7.704754,distributeur_sacs,Illkirch-Graffenstaden,illkirch-graffenstaden,67218,67400,67,grand-est
10734869450,48.674606,7.849027,poubelle_dejections,Kilstett,kilstett,67237,67840,67,grand-est
5881534922,48.543175,7.491581,poubelle_dejections,Molsheim,molsheim,67300,67120,67,grand-est
5881534923,48.542911,7.490881,poubelle_dejections,Molsheim,molsheim,67300,67120,67,grand-est
5881534924,48.541673,7.489454,poubelle_dejections,Molsheim,molsheim,67300,67120,67,grand-est
5881534925,48.541693,7.488604,poubelle_dejections,Molsheim,molsheim,67300,67120,67,grand-est
5881534927,48.54226,7.493601,poubelle_dejections,Molsheim,molsheim,67300,67120,67,grand-est
6655882680,48.545464,7.500544,distributeur_sacs,Molsheim,molsheim,67300,67120,67,grand-est
9979512969,48.539392,7.495509,poubelle_dejections,Molsheim,molsheim,67300,67120,67,grand-est
9869006936,48.539758,7.491799,distributeur_sacs,Molsheim,molsheim,67300,67120,67,grand-est
9869006933,48.538618,7.491103,distributeur_sacs,Molsheim,molsheim,67300,67120,67,grand-est
7180745878,48.359524,7.691259,distributeur_sacs,Obenheim,obenheim,67338,67230,67,grand-est
12281605025,48.89359,7.900303,distributeur_sacs,Betschdorf,betschdorf,67339,67660,67,grand-est
11783387872,48.461614,7.488544,poubelle_dejections,Obernai,obernai,67348,67210,67,grand-est
6725759326,48.464006,7.481099,poubelle_dejections,Obernai,obernai,67348,67210,67,grand-est
6695818420,48.46098,7.485138,distributeur_sacs,Obernai,obernai,67348,67210,67,grand-est
6725764400,48.459642,7.482764,poubelle_dejections,Obernai,obernai,67348,67210,67,grand-est
13119727033,48.586708,7.652393,distributeur_sacs,Oberschaeffolsheim,oberschaeffolsheim,67350,67203,67,grand-est
8913737198,48.58873,7.559629,distributeur_sacs,Osthoffen,osthoffen,67363,67990,67,grand-est
8913737197,48.586673,7.55726,distributeur_sacs,Osthoffen,osthoffen,67363,67990,67,grand-est
8913737196,48.584865,7.555281,distributeur_sacs,Osthoffen,osthoffen,67363,67990,67,grand-est
11092805602,48.856659,7.317937,distributeur_sacs,La Petite-Pierre,la-petite-pierre,67371,67290,67,grand-est
13125127022,48.845609,7.609929,distributeur_sacs,Val-de-Moder,val-de-moder,67372,67350,67,grand-est
12053034376,48.696393,7.543632,distributeur_sacs,Rohr,rohr,67406,67270,67,grand-est
11819859337,48.753509,7.899002,distributeur_sacs,Rohrwiller,rohrwiller,67407,67410,67,grand-est
6513880133,48.836271,8.091082,distributeur_sacs,Roppenheim,roppenheim,67409,67480,67,grand-est
6513880132,48.837526,8.08803,distributeur_sacs,Roppenheim,roppenheim,67409,67480,67,grand-est
6513880134,48.836757,8.087735,distributeur_sacs,Roppenheim,roppenheim,67409,67480,67,grand-est
6513880135,48.837506,8.085853,distributeur_sacs,Roppenheim,roppenheim,67409,67480,67,grand-est
4756945030,48.497132,7.474261,distributeur_sacs,Rosheim,rosheim,67411,67560,67,grand-est
4756945034,48.499021,7.478822,distributeur_sacs,Rosheim,rosheim,67411,67560,67,grand-est
11162906083,48.347677,7.106773,distributeur_sacs,Saales,saales,67421,67420,67,grand-est
9839563778,48.610308,7.711319,distributeur_sacs,Schiltigheim,schiltigheim,67447,67300,67,grand-est
4374058963,48.604487,7.733549,distributeur_sacs,Schiltigheim,schiltigheim,67447,67300,67,grand-est
9739438160,48.602536,7.758681,distributeur_sacs,Schiltigheim,schiltigheim,67447,67300,67,grand-est
9741198129,48.602217,7.759998,distributeur_sacs,Schiltigheim,schiltigheim,67447,67300,67,grand-est
12401964435,48.819902,7.719361,distributeur_sacs,Schweighouse-sur-Moder,schweighouse-sur-moder,67458,67590,67,grand-est
9124863403,48.895576,8.089986,distributeur_sacs,Seltz,seltz,67463,67470,67,grand-est
11466022944,48.634169,7.737938,distributeur_sacs,Souffelweyersheim,souffelweyersheim,67471,67460,67,grand-est
12218844120,48.828734,7.959251,distributeur_sacs,Soufflenheim,soufflenheim,67472,67620,67,grand-est
12218794430,48.829558,7.96144,distributeur_sacs,Soufflenheim,soufflenheim,67472,67620,67,grand-est
13296247116,48.829849,7.964603,distributeur_sacs,Soufflenheim,soufflenheim,67472,67620,67,grand-est
4483151783,48.568352,7.759683,poubelle_dejections,Strasbourg,strasbourg,67482,67000/67100/67200,67,grand-est
4226805132,48.603041,7.763579,distributeur_sacs,Strasbourg,strasbourg,67482,67000/67100/67200,67,grand-est
8118790521,48.55864,7.755542,distributeur_sacs,Strasbourg,strasbourg,67482,67000/67100/67200,67,grand-est
12021077462,48.641569,7.456272,distributeur_sacs,Wasselonne,wasselonne,67520,67310,67,grand-est
12218598312,49.036263,7.950973,distributeur_sacs,Wissembourg,wissembourg,67544,67160,67,grand-est
6586930187,49.033067,7.967194,distributeur_sacs,Wissembourg,wissembourg,67544,67160,67,grand-est
11374979052,48.936819,7.745201,distributeur_sacs,Wœrth,woerth,67550,67360,67,grand-est
11405614048,48.937545,7.745081,distributeur_sacs,Wœrth,woerth,67550,67360,67,grand-est
11374979053,48.938484,7.743203,distributeur_sacs,Wœrth,woerth,67550,67360,67,grand-est
6669894784,48.938568,7.744751,distributeur_sacs,Wœrth,woerth,67550,67360,67,grand-est
11374979056,48.940064,7.745014,distributeur_sacs,Wœrth,woerth,67550,67360,67,grand-est
11374979051,48.940728,7.742381,distributeur_sacs,Wœrth,woerth,67550,67360,67,grand-est
11387168441,48.943426,7.743315,distributeur_sacs,Wœrth,woerth,67550,67360,67,grand-est
11374979055,48.94033,7.748478,distributeur_sacs,Wœrth,woerth,67550,67360,67,grand-est
11374955764,48.938404,7.746564,distributeur_sacs,Wœrth,woerth,67550,67360,67,grand-est
11374979054,48.937767,7.748821,distributeur_sacs,Wœrth,woerth,67550,67360,67,grand-est
4135810599,47.776958,7.132386,distributeur_sacs,Aspach-Michelbach,aspach-michelbach,68012,68700,68,grand-est
8954782442,47.774615,7.12956,distributeur_sacs,Aspach-Michelbach,aspach-michelbach,68012,68700,68,grand-est
8109000820,47.796207,7.382492,distributeur_sacs,Baldersheim,baldersheim,68015,68390,68,grand-est
8109000819,47.799268,7.383097,distributeur_sacs,Baldersheim,baldersheim,68015,68390,68,grand-est
8109000817,47.800392,7.382658,distributeur_sacs,Baldersheim,baldersheim,68015,68390,68,grand-est
8108984916,47.801555,7.380588,distributeur_sacs,Baldersheim,baldersheim,68015,68390,68,grand-est
8108984915,47.801564,7.376452,distributeur_sacs,Baldersheim,baldersheim,68015,68390,68,grand-est
8109000818,47.798788,7.376854,distributeur_sacs,Baldersheim,baldersheim,68015,68390,68,grand-est
8108984836,47.827006,7.517577,distributeur_sacs,Bantzenheim,bantzenheim,68020,68490,68,grand-est
8108984837,47.825016,7.516546,distributeur_sacs,Bantzenheim,bantzenheim,68020,68490,68,grand-est
8108984838,47.824232,7.517429,distributeur_sacs,Bantzenheim,bantzenheim,68020,68490,68,grand-est
8108984835,47.828184,7.51455,distributeur_sacs,Bantzenheim,bantzenheim,68020,68490,68,grand-est
8108984914,47.816913,7.382978,distributeur_sacs,Battenheim,battenheim,68022,68390,68,grand-est
8108984912,47.819177,7.382374,distributeur_sacs,Battenheim,battenheim,68022,68390,68,grand-est
8108984910,47.820923,7.383941,distributeur_sacs,Battenheim,battenheim,68022,68390,68,grand-est
8108984911,47.821645,7.382083,distributeur_sacs,Battenheim,battenheim,68022,68390,68,grand-est
8108984909,47.820049,7.378515,distributeur_sacs,Battenheim,battenheim,68022,68390,68,grand-est
8108984913,47.815561,7.380127,distributeur_sacs,Battenheim,battenheim,68022,68390,68,grand-est
12272532299,47.599386,7.492556,distributeur_sacs,Blotzheim,blotzheim,68042,68730,68,grand-est
8108984901,47.863131,7.260219,distributeur_sacs,Bollwiller,bollwiller,68043,68540,68,grand-est
8108984902,47.861564,7.263624,distributeur_sacs,Bollwiller,bollwiller,68043,68540,68,grand-est
8108984904,47.858016,7.259332,distributeur_sacs,Bollwiller,bollwiller,68043,68540,68,grand-est
8108984903,47.85963,7.261953,distributeur_sacs,Bollwiller,bollwiller,68043,68540,68,grand-est
8108984905,47.850907,7.265141,distributeur_sacs,Bollwiller,bollwiller,68043,68540,68,grand-est
8109001055,47.701058,7.358247,distributeur_sacs,Bruebach,bruebach,68055,68440,68,grand-est
8109001054,47.700524,7.359521,distributeur_sacs,Bruebach,bruebach,68055,68440,68,grand-est
8109001053,47.699606,7.363539,distributeur_sacs,Bruebach,bruebach,68055,68440,68,grand-est
8109001056,47.703498,7.360535,distributeur_sacs,Bruebach,bruebach,68055,68440,68,grand-est
8109000969,47.712853,7.299794,distributeur_sacs,Brunstatt-Didenheim,brunstatt-didenheim,68056,68350,68,grand-est
8109000968,47.717381,7.302079,distributeur_sacs,Brunstatt-Didenheim,brunstatt-didenheim,68056,68350,68,grand-est
8109001140,47.723694,7.319587,distributeur_sacs,Brunstatt-Didenheim,brunstatt-didenheim,68056,68350,68,grand-est
8109001141,47.722393,7.317287,distributeur_sacs,Brunstatt-Didenheim,brunstatt-didenheim,68056,68350,68,grand-est
8109001142,47.721005,7.31686,distributeur_sacs,Brunstatt-Didenheim,brunstatt-didenheim,68056,68350,68,grand-est
8109001143,47.718937,7.314356,distributeur_sacs,Brunstatt-Didenheim,brunstatt-didenheim,68056,68350,68,grand-est
8109001144,47.719188,7.32132,distributeur_sacs,Brunstatt-Didenheim,brunstatt-didenheim,68056,68350,68,grand-est
8109000970,47.710227,7.312337,distributeur_sacs,Brunstatt-Didenheim,brunstatt-didenheim,68056,68350,68,grand-est
8109001132,47.726357,7.324734,distributeur_sacs,Brunstatt-Didenheim,brunstatt-didenheim,68056,68350,68,grand-est
8109001139,47.728207,7.324411,distributeur_sacs,Brunstatt-Didenheim,brunstatt-didenheim,68056,68350,68,grand-est
8109001145,47.725297,7.332101,distributeur_sacs,Brunstatt-Didenheim,brunstatt-didenheim,68056,68350,68,grand-est
8109001138,47.730244,7.324853,distributeur_sacs,Brunstatt-Didenheim,brunstatt-didenheim,68056,68350,68,grand-est
8109001135,47.731747,7.319352,distributeur_sacs,Brunstatt-Didenheim,brunstatt-didenheim,68056,68350,68,grand-est
5852098546,47.720493,7.163578,distributeur_sacs,Burnhaupt-le-Bas,burnhaupt-le-bas,68059,68520,68,grand-est
11778591961,47.808769,7.175734,distributeur_sacs,Cernay,cernay,68063,68700,68,grand-est
8108984840,47.820131,7.539496,distributeur_sacs,Chalampé,chalampe,68064,68490,68,grand-est
13351986077,48.070985,7.351383,distributeur_sacs,Colmar,colmar,68066,68000,68,grand-est
13546784280,48.070389,7.35313,distributeur_sacs,Colmar,colmar,68066,68000,68,grand-est
13546875403,48.073858,7.354564,distributeur_sacs,Colmar,colmar,68066,68000,68,grand-est
13381183340,48.075373,7.35788,distributeur_sacs,Colmar,colmar,68066,68000,68,grand-est
12219028982,48.076629,7.352967,distributeur_sacs,Colmar,colmar,68066,68000,68,grand-est
13357646130,48.076174,7.354172,distributeur_sacs,Colmar,colmar,68066,68000,68,grand-est
13357697047,48.07728,7.354386,distributeur_sacs,Colmar,colmar,68066,68000,68,grand-est
13357926661,48.078351,7.354649,distributeur_sacs,Colmar,colmar,68066,68000,68,grand-est
13440227439,48.079887,7.356373,distributeur_sacs,Colmar,colmar,68066,68000,68,grand-est
13440222853,48.080367,7.357212,distributeur_sacs,Colmar,colmar,68066,68000,68,grand-est
13455921172,48.081765,7.357149,distributeur_sacs,Colmar,colmar,68066,68000,68,grand-est
13377715720,48.0792,7.361014,distributeur_sacs,Colmar,colmar,68066,68000,68,grand-est
13381090464,48.075138,7.360145,distributeur_sacs,Colmar,colmar,68066,68000,68,grand-est
11035884887,48.043138,7.307386,distributeur_sacs,Eguisheim,eguisheim,68078,68420,68,grand-est
11035851389,48.043343,7.304671,distributeur_sacs,Eguisheim,eguisheim,68078,68420,68,grand-est
8109001049,47.710863,7.400117,distributeur_sacs,Eschentzwiller,eschentzwiller,68084,68440,68,grand-est
8109001050,47.710514,7.396875,distributeur_sacs,Eschentzwiller,eschentzwiller,68084,68440,68,grand-est
8109001047,47.712918,7.398823,distributeur_sacs,Eschentzwiller,eschentzwiller,68084,68440,68,grand-est
8109001043,47.71703,7.396431,distributeur_sacs,Eschentzwiller,eschentzwiller,68084,68440,68,grand-est
8109001044,47.716612,7.398413,distributeur_sacs,Eschentzwiller,eschentzwiller,68084,68440,68,grand-est
8109001045,47.715084,7.401552,distributeur_sacs,Eschentzwiller,eschentzwiller,68084,68440,68,grand-est
8109001046,47.71354,7.405311,distributeur_sacs,Eschentzwiller,eschentzwiller,68084,68440,68,grand-est
8109001052,47.711303,7.392,distributeur_sacs,Eschentzwiller,eschentzwiller,68084,68440,68,grand-est
8109001051,47.709352,7.39425,distributeur_sacs,Eschentzwiller,eschentzwiller,68084,68440,68,grand-est
8109000976,47.704559,7.227194,distributeur_sacs,Galfingue,galfingue,68101,68990,68,grand-est
8109000978,47.707745,7.225559,distributeur_sacs,Galfingue,galfingue,68101,68990,68,grand-est
8109000977,47.705597,7.224636,distributeur_sacs,Galfingue,galfingue,68101,68990,68,grand-est
8109000979,47.710847,7.228582,distributeur_sacs,Galfingue,galfingue,68101,68990,68,grand-est
8109001028,47.721319,7.418495,distributeur_sacs,Habsheim,habsheim,68118,68440,68,grand-est
8109001041,47.724909,7.424691,distributeur_sacs,Habsheim,habsheim,68118,68440,68,grand-est
8109001040,47.727012,7.42519,distributeur_sacs,Habsheim,habsheim,68118,68440,68,grand-est
8109001039,47.726752,7.426296,distributeur_sacs,Habsheim,habsheim,68118,68440,68,grand-est
8109001038,47.729316,7.422523,distributeur_sacs,Habsheim,habsheim,68118,68440,68,grand-est
8109001037,47.727813,7.418841,distributeur_sacs,Habsheim,habsheim,68118,68440,68,grand-est
8109001036,47.726536,7.417354,distributeur_sacs,Habsheim,habsheim,68118,68440,68,grand-est
8109001035,47.727079,7.415239,distributeur_sacs,Habsheim,habsheim,68118,68440,68,grand-est
8109001034,47.728419,7.417042,distributeur_sacs,Habsheim,habsheim,68118,68440,68,grand-est
8109001033,47.729218,7.416005,distributeur_sacs,Habsheim,habsheim,68118,68440,68,grand-est
8109001032,47.728656,7.414495,distributeur_sacs,Habsheim,habsheim,68118,68440,68,grand-est
8109001031,47.729532,7.413232,distributeur_sacs,Habsheim,habsheim,68118,68440,68,grand-est
8109001030,47.72913,7.408021,distributeur_sacs,Habsheim,habsheim,68118,68440,68,grand-est
8109001029,47.730712,7.419606,distributeur_sacs,Habsheim,habsheim,68118,68440,68,grand-est
11159246213,47.517538,7.478811,distributeur_sacs,Hagenthal-le-Bas,hagenthal-le-bas,68120,68220,68,grand-est
2744394462,47.523781,7.473163,distributeur_sacs,Hagenthal-le-Bas,hagenthal-le-bas,68120,68220,68,grand-est
11117132999,47.528945,7.478971,distributeur_sacs,Hagenthal-le-Bas,hagenthal-le-bas,68120,68220,68,grand-est
11159190843,47.532051,7.477717,distributeur_sacs,Hagenthal-le-Bas,hagenthal-le-bas,68120,68220,68,grand-est
11159246218,47.519035,7.471288,distributeur_sacs,Hagenthal-le-Haut,hagenthal-le-haut,68121,68220,68,grand-est
11117133031,47.520694,7.46996,distributeur_sacs,Hagenthal-le-Haut,hagenthal-le-haut,68121,68220,68,grand-est
11117133000,47.522208,7.473282,distributeur_sacs,Hagenthal-le-Haut,hagenthal-le-haut,68121,68220,68,grand-est
11158979385,47.521695,7.474363,distributeur_sacs,Hagenthal-le-Haut,hagenthal-le-haut,68121,68220,68,grand-est
11117133044,47.523285,7.466802,distributeur_sacs,Hagenthal-le-Haut,hagenthal-le-haut,68121,68220,68,grand-est
11160791173,47.519661,7.469088,distributeur_sacs,Hagenthal-le-Haut,hagenthal-le-haut,68121,68220,68,grand-est
12014835086,47.521801,7.463707,distributeur_sacs,Hagenthal-le-Haut,hagenthal-le-haut,68121,68220,68,grand-est
11117133043,47.520326,7.460295,distributeur_sacs,Hagenthal-le-Haut,hagenthal-le-haut,68121,68220,68,grand-est
12014821062,47.520784,7.453095,distributeur_sacs,Hagenthal-le-Haut,hagenthal-le-haut,68121,68220,68,grand-est
11117133042,47.518882,7.463046,distributeur_sacs,Hagenthal-le-Haut,hagenthal-le-haut,68121,68220,68,grand-est
11160791200,47.517767,7.464236,distributeur_sacs,Hagenthal-le-Haut,hagenthal-le-haut,68121,68220,68,grand-est
11160791175,47.517755,7.468584,distributeur_sacs,Hagenthal-le-Haut,hagenthal-le-haut,68121,68220,68,grand-est
4414889090,47.559385,7.513801,distributeur_sacs,Hégenheim,hegenheim,68126,68220,68,grand-est
4405668803,47.564451,7.529096,distributeur_sacs,Hégenheim,hegenheim,68126,68220,68,grand-est
4427826231,47.562397,7.529421,distributeur_sacs,Hégenheim,hegenheim,68126,68220,68,grand-est
4408260917,47.561793,7.52871,distributeur_sacs,Hégenheim,hegenheim,68126,68220,68,grand-est
4427826214,47.561867,7.525469,distributeur_sacs,Hégenheim,hegenheim,68126,68220,68,grand-est
4427826211,47.561778,7.524875,distributeur_sacs,Hégenheim,hegenheim,68126,68220,68,grand-est
4427826203,47.558536,7.532931,distributeur_sacs,Hégenheim,hegenheim,68126,68220,68,grand-est
4427826206,47.558865,7.533937,distributeur_sacs,Hégenheim,hegenheim,68126,68220,68,grand-est
9858803900,47.577758,7.5195,distributeur_sacs,Hésingue,hesingue,68135,68220,68,grand-est
8109000998,47.760775,7.509594,distributeur_sacs,Hombourg,hombourg,68144,68490,68,grand-est
8109000999,47.760529,7.510731,distributeur_sacs,Hombourg,hombourg,68144,68490,68,grand-est
11233686122,48.067441,7.410634,distributeur_sacs,Horbourg-Wihr,horbourg-wihr,68145,68180,68,grand-est
8109000951,47.76956,7.387315,distributeur_sacs,Illzach,illzach,68154,68110,68,grand-est
8109000927,47.764063,7.369502,distributeur_sacs,Illzach,illzach,68154,68110,68,grand-est
8109000928,47.762725,7.359972,distributeur_sacs,Illzach,illzach,68154,68110,68,grand-est
8109000926,47.766485,7.364772,distributeur_sacs,Illzach,illzach,68154,68110,68,grand-est
8109000891,47.769579,7.360211,distributeur_sacs,Illzach,illzach,68154,68110,68,grand-est
8109000892,47.769047,7.361065,distributeur_sacs,Illzach,illzach,68154,68110,68,grand-est
8109000889,47.77124,7.360552,distributeur_sacs,Illzach,illzach,68154,68110,68,grand-est
8109000888,47.772055,7.360425,distributeur_sacs,Illzach,illzach,68154,68110,68,grand-est
8109000887,47.772668,7.365927,distributeur_sacs,Illzach,illzach,68154,68110,68,grand-est
8109000885,47.77408,7.360922,distributeur_sacs,Illzach,illzach,68154,68110,68,grand-est
6003592170,47.788702,7.352501,distributeur_sacs,Illzach,illzach,68154,68110,68,grand-est
8108984900,47.788705,7.35251,distributeur_sacs,Illzach,illzach,68154,68110,68,grand-est
8109000867,47.78467,7.344651,distributeur_sacs,Illzach,illzach,68154,68110,68,grand-est
8109000866,47.782879,7.341731,distributeur_sacs,Illzach,illzach,68154,68110,68,grand-est
8109000873,47.780891,7.346179,distributeur_sacs,Illzach,illzach,68154,68110,68,grand-est
8109000871,47.78164,7.348144,distributeur_sacs,Illzach,illzach,68154,68110,68,grand-est
8109000872,47.780452,7.348095,distributeur_sacs,Illzach,illzach,68154,68110,68,grand-est
8109000869,47.783061,7.351073,distributeur_sacs,Illzach,illzach,68154,68110,68,grand-est
8109000878,47.779341,7.35661,distributeur_sacs,Illzach,illzach,68154,68110,68,grand-est
8109000877,47.779523,7.350078,distributeur_sacs,Illzach,illzach,68154,68110,68,grand-est
8109000881,47.777554,7.353682,distributeur_sacs,Illzach,illzach,68154,68110,68,grand-est
8109000882,47.776202,7.354822,distributeur_sacs,Illzach,illzach,68154,68110,68,grand-est
8109000890,47.769857,7.358482,distributeur_sacs,Illzach,illzach,68154,68110,68,grand-est
8109000893,47.771391,7.347437,distributeur_sacs,Illzach,illzach,68154,68110,68,grand-est
8109000880,47.774386,7.345297,distributeur_sacs,Illzach,illzach,68154,68110,68,grand-est
8109000879,47.77595,7.346812,distributeur_sacs,Illzach,illzach,68154,68110,68,grand-est
8109000876,47.779295,7.347111,distributeur_sacs,Illzach,illzach,68154,68110,68,grand-est
8109000875,47.777825,7.34399,distributeur_sacs,Illzach,illzach,68154,68110,68,grand-est
8109000874,47.777994,7.342162,distributeur_sacs,Illzach,illzach,68154,68110,68,grand-est
5589132392,48.135213,7.288857,distributeur_sacs,Kaysersberg Vignoble,kaysersberg-vignoble,68162,68240,68,grand-est
8108984892,47.793353,7.319807,distributeur_sacs,Kingersheim,kingersheim,68166,68260,68,grand-est
8108984881,47.796117,7.317366,distributeur_sacs,Kingersheim,kingersheim,68166,68260,68,grand-est
8109000850,47.779704,7.310118,distributeur_sacs,Kingersheim,kingersheim,68166,68260,68,grand-est
8109000852,47.783455,7.312823,distributeur_sacs,Kingersheim,kingersheim,68166,68260,68,grand-est
8108984894,47.789827,7.320468,distributeur_sacs,Kingersheim,kingersheim,68166,68260,68,grand-est
8109000853,47.78313,7.316296,distributeur_sacs,Kingersheim,kingersheim,68166,68260,68,grand-est
8109000865,47.78377,7.338702,distributeur_sacs,Kingersheim,kingersheim,68166,68260,68,grand-est
8109000857,47.785141,7.335216,distributeur_sacs,Kingersheim,kingersheim,68166,68260,68,grand-est
8109000856,47.78401,7.331624,distributeur_sacs,Kingersheim,kingersheim,68166,68260,68,grand-est
8108984890,47.79071,7.337836,distributeur_sacs,Kingersheim,kingersheim,68166,68260,68,grand-est
8108984899,47.789434,7.334833,distributeur_sacs,Kingersheim,kingersheim,68166,68260,68,grand-est
8108984896,47.789251,7.332614,distributeur_sacs,Kingersheim,kingersheim,68166,68260,68,grand-est
8108984891,47.791513,7.333473,distributeur_sacs,Kingersheim,kingersheim,68166,68260,68,grand-est
8108984895,47.789354,7.327267,distributeur_sacs,Kingersheim,kingersheim,68166,68260,68,grand-est
8109000855,47.786422,7.327948,distributeur_sacs,Kingersheim,kingersheim,68166,68260,68,grand-est
8109000854,47.786344,7.327051,distributeur_sacs,Kingersheim,kingersheim,68166,68260,68,grand-est
8108984897,47.787899,7.327354,distributeur_sacs,Kingersheim,kingersheim,68166,68260,68,grand-est
8108984893,47.791743,7.326737,distributeur_sacs,Kingersheim,kingersheim,68166,68260,68,grand-est
8108984882,47.797133,7.327878,distributeur_sacs,Kingersheim,kingersheim,68166,68260,68,grand-est
8108984884,47.797354,7.340231,distributeur_sacs,Kingersheim,kingersheim,68166,68260,68,grand-est
8108984885,47.79543,7.334698,distributeur_sacs,Kingersheim,kingersheim,68166,68260,68,grand-est
8108984886,47.793721,7.335558,distributeur_sacs,Kingersheim,kingersheim,68166,68260,68,grand-est
8108984889,47.79219,7.339504,distributeur_sacs,Kingersheim,kingersheim,68166,68260,68,grand-est
8108984888,47.793628,7.343274,distributeur_sacs,Kingersheim,kingersheim,68166,68260,68,grand-est
8108984887,47.795786,7.342213,distributeur_sacs,Kingersheim,kingersheim,68166,68260,68,grand-est
8108984883,47.799465,7.344155,distributeur_sacs,Kingersheim,kingersheim,68166,68260,68,grand-est
8108984898,47.789671,7.341285,distributeur_sacs,Kingersheim,kingersheim,68166,68260,68,grand-est
8109000858,47.778348,7.321173,distributeur_sacs,Kingersheim,kingersheim,68166,68260,68,grand-est
8109000851,47.778823,7.311627,distributeur_sacs,Kingersheim,kingersheim,68166,68260,68,grand-est
13085245529,47.941,7.122303,poubelle_dejections,Lautenbachzell,lautenbachzell,68178,68610,68,grand-est
13342254961,47.942467,7.144235,poubelle_dejections,Lautenbachzell,lautenbachzell,68178,68610,68,grand-est
13341285094,47.940369,7.150124,poubelle_dejections,Lautenbachzell,lautenbachzell,68178,68610,68,grand-est
11125358028,47.489772,7.479396,poubelle_dejections,Leymen,leymen,68182,68220,68,grand-est
4414651043,47.498013,7.476654,distributeur_sacs,Leymen,leymen,68182,68220,68,grand-est
4413881351,47.499047,7.485845,distributeur_sacs,Leymen,leymen,68182,68220,68,grand-est
5528829160,47.502442,7.491153,poubelle_dejections,Leymen,leymen,68182,68220,68,grand-est
5810734927,47.491152,7.499982,poubelle_dejections,Leymen,leymen,68182,68220,68,grand-est
9192805749,47.500324,7.453483,distributeur_sacs,Liebenswiller,liebenswiller,68183,68220,68,grand-est
11962944282,47.505513,7.456682,distributeur_sacs,Liebenswiller,liebenswiller,68183,68220,68,grand-est
13342306954,47.948536,7.127769,poubelle_dejections,Linthal,linthal,68188,68610,68,grand-est
13001406134,48.031313,7.113493,distributeur_sacs,Luttenbach-près-Munster,luttenbach-pres-munster,68193,68140,68,grand-est
8109000989,47.759748,7.287942,distributeur_sacs,Lutterbach,lutterbach,68195,68460,68,grand-est
8109000990,47.761224,7.286923,distributeur_sacs,Lutterbach,lutterbach,68195,68460,68,grand-est
8109000997,47.755736,7.272271,distributeur_sacs,Lutterbach,lutterbach,68195,68460,68,grand-est
8109000992,47.76176,7.276658,distributeur_sacs,Lutterbach,lutterbach,68195,68460,68,grand-est
8109000991,47.760351,7.283339,distributeur_sacs,Lutterbach,lutterbach,68195,68460,68,grand-est
8109000993,47.759852,7.27754,distributeur_sacs,Lutterbach,lutterbach,68195,68460,68,grand-est
8109000995,47.757037,7.280554,distributeur_sacs,Lutterbach,lutterbach,68195,68460,68,grand-est
8109000996,47.756919,7.277503,distributeur_sacs,Lutterbach,lutterbach,68195,68460,68,grand-est
4450948604,47.775602,6.995001,distributeur_sacs,Masevaux-Niederbruck,masevaux-niederbruck,68201,68290,68,grand-est
4881647015,47.774472,6.997239,distributeur_sacs,Masevaux-Niederbruck,masevaux-niederbruck,68201,68290,68,grand-est
8042994937,47.77474,6.99651,distributeur_sacs,Masevaux-Niederbruck,masevaux-niederbruck,68201,68290,68,grand-est
4881647016,47.775213,6.996417,distributeur_sacs,Masevaux-Niederbruck,masevaux-niederbruck,68201,68290,68,grand-est
8044950002,47.775972,6.995727,distributeur_sacs,Masevaux-Niederbruck,masevaux-niederbruck,68201,68290,68,grand-est
5005718905,47.774125,6.998078,distributeur_sacs,Masevaux-Niederbruck,masevaux-niederbruck,68201,68290,68,grand-est
9358960107,47.773793,6.999737,distributeur_sacs,Masevaux-Niederbruck,masevaux-niederbruck,68201,68290,68,grand-est
4573975462,47.77326,6.997113,distributeur_sacs,Masevaux-Niederbruck,masevaux-niederbruck,68201,68290,68,grand-est
8042994935,47.771973,6.993859,distributeur_sacs,Masevaux-Niederbruck,masevaux-niederbruck,68201,68290,68,grand-est
8082188752,47.768784,6.994967,distributeur_sacs,Masevaux-Niederbruck,masevaux-niederbruck,68201,68290,68,grand-est
8082188730,47.767473,6.999047,distributeur_sacs,Masevaux-Niederbruck,masevaux-niederbruck,68201,68290,68,grand-est
8109000984,47.738883,7.279725,distributeur_sacs,Morschwiller-le-Bas,morschwiller-le-bas,68218,68790,68,grand-est
9517532418,47.735055,7.281406,distributeur_sacs,Morschwiller-le-Bas,morschwiller-le-bas,68218,68790,68,grand-est
8109000980,47.733521,7.267056,distributeur_sacs,Morschwiller-le-Bas,morschwiller-le-bas,68218,68790,68,grand-est
8109000983,47.738464,7.275348,distributeur_sacs,Morschwiller-le-Bas,morschwiller-le-bas,68218,68790,68,grand-est
8109000982,47.738642,7.266447,distributeur_sacs,Morschwiller-le-Bas,morschwiller-le-bas,68218,68790,68,grand-est
6718132223,47.738638,7.26647,distributeur_sacs,Morschwiller-le-Bas,morschwiller-le-bas,68218,68790,68,grand-est
6727544370,47.737603,7.266949,distributeur_sacs,Morschwiller-le-Bas,morschwiller-le-bas,68218,68790,68,grand-est
8109000981,47.736045,7.26332,distributeur_sacs,Morschwiller-le-Bas,morschwiller-le-bas,68218,68790,68,grand-est
8109001136,47.729764,7.33013,distributeur_sacs,Mulhouse,mulhouse,68224,68100/68200,68,grand-est
8109001146,47.726367,7.336828,distributeur_sacs,Mulhouse,mulhouse,68224,68100/68200,68,grand-est
7739118626,47.729291,7.34356,distributeur_sacs,Mulhouse,mulhouse,68224,68100/68200,68,grand-est
8109000943,47.752412,7.359526,distributeur_sacs,Mulhouse,mulhouse,68224,68100/68200,68,grand-est
8109000864,47.779144,7.336271,distributeur_sacs,Mulhouse,mulhouse,68224,68100/68200,68,grand-est
8109000860,47.77726,7.324279,distributeur_sacs,Mulhouse,mulhouse,68224,68100/68200,68,grand-est
8109000863,47.773336,7.327363,distributeur_sacs,Mulhouse,mulhouse,68224,68100/68200,68,grand-est
8109000894,47.769717,7.330718,distributeur_sacs,Mulhouse,mulhouse,68224,68100/68200,68,grand-est
8109000906,47.76223,7.338959,distributeur_sacs,Mulhouse,mulhouse,68224,68100/68200,68,grand-est
8109000904,47.76293,7.330742,distributeur_sacs,Mulhouse,mulhouse,68224,68100/68200,68,grand-est
8109000911,47.75862,7.330872,distributeur_sacs,Mulhouse,mulhouse,68224,68100/68200,68,grand-est
8109000913,47.75973,7.324548,distributeur_sacs,Mulhouse,mulhouse,68224,68100/68200,68,grand-est
8109000914,47.757914,7.324605,distributeur_sacs,Mulhouse,mulhouse,68224,68100/68200,68,grand-est
8109000912,47.756898,7.329459,distributeur_sacs,Mulhouse,mulhouse,68224,68100/68200,68,grand-est
8109000924,47.755753,7.33299,distributeur_sacs,Mulhouse,mulhouse,68224,68100/68200,68,grand-est
8109000910,47.75833,7.334595,distributeur_sacs,Mulhouse,mulhouse,68224,68100/68200,68,grand-est
8109000909,47.757417,7.340625,distributeur_sacs,Mulhouse,mulhouse,68224,68100/68200,68,grand-est
8109000935,47.755069,7.343569,distributeur_sacs,Mulhouse,mulhouse,68224,68100/68200,68,grand-est
8109000934,47.755421,7.344911,distributeur_sacs,Mulhouse,mulhouse,68224,68100/68200,68,grand-est
8109000933,47.756515,7.349662,distributeur_sacs,Mulhouse,mulhouse,68224,68100/68200,68,grand-est
8109000908,47.759187,7.341054,distributeur_sacs,Mulhouse,mulhouse,68224,68100/68200,68,grand-est
8109000907,47.760882,7.342238,distributeur_sacs,Mulhouse,mulhouse,68224,68100/68200,68,grand-est
8109000905,47.7636,7.347197,distributeur_sacs,Mulhouse,mulhouse,68224,68100/68200,68,grand-est
8109000930,47.758682,7.35854,distributeur_sacs,Mulhouse,mulhouse,68224,68100/68200,68,grand-est
8109000929,47.758663,7.355748,distributeur_sacs,Mulhouse,mulhouse,68224,68100/68200,68,grand-est
8109000932,47.75628,7.354932,distributeur_sacs,Mulhouse,mulhouse,68224,68100/68200,68,grand-est
8109000931,47.755684,7.358089,distributeur_sacs,Mulhouse,mulhouse,68224,68100/68200,68,grand-est
8109001057,47.749217,7.351991,distributeur_sacs,Mulhouse,mulhouse,68224,68100/68200,68,grand-est
8109000940,47.752984,7.349937,distributeur_sacs,Mulhouse,mulhouse,68224,68100/68200,68,grand-est
8109000942,47.753422,7.352215,distributeur_sacs,Mulhouse,mulhouse,68224,68100/68200,68,grand-est
8109000941,47.754364,7.351661,distributeur_sacs,Mulhouse,mulhouse,68224,68100/68200,68,grand-est
8109000937,47.75303,7.346749,distributeur_sacs,Mulhouse,mulhouse,68224,68100/68200,68,grand-est
8109000938,47.75213,7.346411,distributeur_sacs,Mulhouse,mulhouse,68224,68100/68200,68,grand-est
8109000936,47.754761,7.344526,distributeur_sacs,Mulhouse,mulhouse,68224,68100/68200,68,grand-est
8109000960,47.7516,7.340954,distributeur_sacs,Mulhouse,mulhouse,68224,68100/68200,68,grand-est
8109001059,47.749213,7.346557,distributeur_sacs,Mulhouse,mulhouse,68224,68100/68200,68,grand-est
8109000939,47.751461,7.348494,distributeur_sacs,Mulhouse,mulhouse,68224,68100/68200,68,grand-est
8109001058,47.749453,7.348244,distributeur_sacs,Mulhouse,mulhouse,68224,68100/68200,68,grand-est
8109001060,47.746392,7.348439,distributeur_sacs,Mulhouse,mulhouse,68224,68100/68200,68,grand-est
8109001061,47.747034,7.347771,distributeur_sacs,Mulhouse,mulhouse,68224,68100/68200,68,grand-est
8109001062,47.747348,7.344068,distributeur_sacs,Mulhouse,mulhouse,68224,68100/68200,68,grand-est
8109001063,47.748309,7.343832,distributeur_sacs,Mulhouse,mulhouse,68224,68100/68200,68,grand-est
8109001064,47.748256,7.342078,distributeur_sacs,Mulhouse,mulhouse,68224,68100/68200,68,grand-est
8109001119,47.745234,7.342403,distributeur_sacs,Mulhouse,mulhouse,68224,68100/68200,68,grand-est
8109001121,47.744639,7.3452,distributeur_sacs,Mulhouse,mulhouse,68224,68100/68200,68,grand-est
8109001122,47.742913,7.348068,distributeur_sacs,Mulhouse,mulhouse,68224,68100/68200,68,grand-est
8109001124,47.741687,7.354217,distributeur_sacs,Mulhouse,mulhouse,68224,68100/68200,68,grand-est
8109001148,47.736144,7.353638,distributeur_sacs,Mulhouse,mulhouse,68224,68100/68200,68,grand-est
8109001105,47.737409,7.340753,distributeur_sacs,Mulhouse,mulhouse,68224,68100/68200,68,grand-est
8109001123,47.741243,7.345768,distributeur_sacs,Mulhouse,mulhouse,68224,68100/68200,68,grand-est
8109001099,47.740864,7.338254,distributeur_sacs,Mulhouse,mulhouse,68224,68100/68200,68,grand-est
8109001100,47.739673,7.336683,distributeur_sacs,Mulhouse,mulhouse,68224,68100/68200,68,grand-est
8109001098,47.741045,7.333604,distributeur_sacs,Mulhouse,mulhouse,68224,68100/68200,68,grand-est
8109001102,47.738761,7.334161,distributeur_sacs,Mulhouse,mulhouse,68224,68100/68200,68,grand-est
8109001101,47.738705,7.337423,distributeur_sacs,Mulhouse,mulhouse,68224,68100/68200,68,grand-est
8109001104,47.735209,7.334333,distributeur_sacs,Mulhouse,mulhouse,68224,68100/68200,68,grand-est
8109001103,47.73579,7.332593,distributeur_sacs,Mulhouse,mulhouse,68224,68100/68200,68,grand-est
8109001137,47.731237,7.328484,distributeur_sacs,Mulhouse,mulhouse,68224,68100/68200,68,grand-est
8109001096,47.738712,7.323133,distributeur_sacs,Mulhouse,mulhouse,68224,68100/68200,68,grand-est
8109001075,47.743232,7.32381,distributeur_sacs,Mulhouse,mulhouse,68224,68100/68200,68,grand-est
8109001073,47.744758,7.325115,distributeur_sacs,Mulhouse,mulhouse,68224,68100/68200,68,grand-est
8109001074,47.744998,7.323235,distributeur_sacs,Mulhouse,mulhouse,68224,68100/68200,68,grand-est
8109001071,47.746208,7.329136,distributeur_sacs,Mulhouse,mulhouse,68224,68100/68200,68,grand-est
8109001072,47.744735,7.328185,distributeur_sacs,Mulhouse,mulhouse,68224,68100/68200,68,grand-est
8109001097,47.743722,7.333346,distributeur_sacs,Mulhouse,mulhouse,68224,68100/68200,68,grand-est
8109001116,47.744995,7.338593,distributeur_sacs,Mulhouse,mulhouse,68224,68100/68200,68,grand-est
8109001117,47.74535,7.338594,distributeur_sacs,Mulhouse,mulhouse,68224,68100/68200,68,grand-est
8109001110,47.745525,7.33791,distributeur_sacs,Mulhouse,mulhouse,68224,68100/68200,68,grand-est
8109001112,47.745543,7.337489,distributeur_sacs,Mulhouse,mulhouse,68224,68100/68200,68,grand-est
8109001111,47.745584,7.337207,distributeur_sacs,Mulhouse,mulhouse,68224,68100/68200,68,grand-est
8109001115,47.74487,7.33787,distributeur_sacs,Mulhouse,mulhouse,68224,68100/68200,68,grand-est
8109001114,47.744735,7.33723,distributeur_sacs,Mulhouse,mulhouse,68224,68100/68200,68,grand-est
8109001113,47.745209,7.336772,distributeur_sacs,Mulhouse,mulhouse,68224,68100/68200,68,grand-est
8109001109,47.746743,7.338105,distributeur_sacs,Mulhouse,mulhouse,68224,68100/68200,68,grand-est
8109001118,47.745641,7.339511,distributeur_sacs,Mulhouse,mulhouse,68224,68100/68200,68,grand-est
8109001066,47.748677,7.337121,distributeur_sacs,Mulhouse,mulhouse,68224,68100/68200,68,grand-est
8109001106,47.746777,7.335326,distributeur_sacs,Mulhouse,mulhouse,68224,68100/68200,68,grand-est
8109001070,47.746977,7.332483,distributeur_sacs,Mulhouse,mulhouse,68224,68100/68200,68,grand-est
8109001068,47.750584,7.332975,distributeur_sacs,Mulhouse,mulhouse,68224,68100/68200,68,grand-est
8109000962,47.751367,7.333945,distributeur_sacs,Mulhouse,mulhouse,68224,68100/68200,68,grand-est
8109000961,47.75071,7.3356,distributeur_sacs,Mulhouse,mulhouse,68224,68100/68200,68,grand-est
8109001067,47.749699,7.335845,distributeur_sacs,Mulhouse,mulhouse,68224,68100/68200,68,grand-est
8109001065,47.749446,7.338768,distributeur_sacs,Mulhouse,mulhouse,68224,68100/68200,68,grand-est
8109000959,47.752884,7.339206,distributeur_sacs,Mulhouse,mulhouse,68224,68100/68200,68,grand-est
8109000958,47.752104,7.335902,distributeur_sacs,Mulhouse,mulhouse,68224,68100/68200,68,grand-est
8109000925,47.753148,7.331384,distributeur_sacs,Mulhouse,mulhouse,68224,68100/68200,68,grand-est
8109000923,47.754521,7.329259,distributeur_sacs,Mulhouse,mulhouse,68224,68100/68200,68,grand-est
8109000922,47.753979,7.327036,distributeur_sacs,Mulhouse,mulhouse,68224,68100/68200,68,grand-est
8109000963,47.751664,7.331074,distributeur_sacs,Mulhouse,mulhouse,68224,68100/68200,68,grand-est
8109001069,47.749475,7.33031,distributeur_sacs,Mulhouse,mulhouse,68224,68100/68200,68,grand-est
8109000964,47.750684,7.325778,distributeur_sacs,Mulhouse,mulhouse,68224,68100/68200,68,grand-est
8109000966,47.749277,7.32476,distributeur_sacs,Mulhouse,mulhouse,68224,68100/68200,68,grand-est
8109000921,47.753283,7.323286,distributeur_sacs,Mulhouse,mulhouse,68224,68100/68200,68,grand-est
8109000919,47.754041,7.318494,distributeur_sacs,Mulhouse,mulhouse,68224,68100/68200,68,grand-est
8109000920,47.752763,7.320148,distributeur_sacs,Mulhouse,mulhouse,68224,68100/68200,68,grand-est
8109000965,47.750424,7.319936,distributeur_sacs,Mulhouse,mulhouse,68224,68100/68200,68,grand-est
8109000918,47.753881,7.314154,distributeur_sacs,Mulhouse,mulhouse,68224,68100/68200,68,grand-est
8109000986,47.751588,7.30712,distributeur_sacs,Mulhouse,mulhouse,68224,68100/68200,68,grand-est
8109000987,47.75175,7.303919,distributeur_sacs,Mulhouse,mulhouse,68224,68100/68200,68,grand-est
8109000985,47.751623,7.309296,distributeur_sacs,Mulhouse,mulhouse,68224,68100/68200,68,grand-est
8109001083,47.742627,7.307145,distributeur_sacs,Mulhouse,mulhouse,68224,68100/68200,68,grand-est
8109001079,47.745268,7.310077,distributeur_sacs,Mulhouse,mulhouse,68224,68100/68200,68,grand-est
8109001080,47.744547,7.310308,distributeur_sacs,Mulhouse,mulhouse,68224,68100/68200,68,grand-est
8109001078,47.743134,7.315382,distributeur_sacs,Mulhouse,mulhouse,68224,68100/68200,68,grand-est
8109001077,47.745646,7.317192,distributeur_sacs,Mulhouse,mulhouse,68224,68100/68200,68,grand-est
8109000967,47.746919,7.322064,distributeur_sacs,Mulhouse,mulhouse,68224,68100/68200,68,grand-est
8109001076,47.743127,7.319956,distributeur_sacs,Mulhouse,mulhouse,68224,68100/68200,68,grand-est
8109001093,47.739536,7.313303,distributeur_sacs,Mulhouse,mulhouse,68224,68100/68200,68,grand-est
8109001094,47.738522,7.31711,distributeur_sacs,Mulhouse,mulhouse,68224,68100/68200,68,grand-est
8109001095,47.736192,7.316371,distributeur_sacs,Mulhouse,mulhouse,68224,68100/68200,68,grand-est
8109001133,47.735259,7.308389,distributeur_sacs,Mulhouse,mulhouse,68224,68100/68200,68,grand-est
8109001134,47.73196,7.308133,distributeur_sacs,Mulhouse,mulhouse,68224,68100/68200,68,grand-est
8109001091,47.736463,7.306005,distributeur_sacs,Mulhouse,mulhouse,68224,68100/68200,68,grand-est
8109001092,47.737339,7.309301,distributeur_sacs,Mulhouse,mulhouse,68224,68100/68200,68,grand-est
8109001081,47.742483,7.310955,distributeur_sacs,Mulhouse,mulhouse,68224,68100/68200,68,grand-est
8109001084,47.74186,7.307971,distributeur_sacs,Mulhouse,mulhouse,68224,68100/68200,68,grand-est
8109001085,47.739057,7.296679,distributeur_sacs,Mulhouse,mulhouse,68224,68100/68200,68,grand-est
8109001087,47.736721,7.299993,distributeur_sacs,Mulhouse,mulhouse,68224,68100/68200,68,grand-est
8109001086,47.736962,7.301458,distributeur_sacs,Mulhouse,mulhouse,68224,68100/68200,68,grand-est
8109001090,47.735716,7.303272,distributeur_sacs,Mulhouse,mulhouse,68224,68100/68200,68,grand-est
8109001089,47.7344,7.299846,distributeur_sacs,Mulhouse,mulhouse,68224,68100/68200,68,grand-est
8109001088,47.735507,7.297879,distributeur_sacs,Mulhouse,mulhouse,68224,68100/68200,68,grand-est
8109001082,47.743262,7.302551,distributeur_sacs,Mulhouse,mulhouse,68224,68100/68200,68,grand-est
8109000915,47.756606,7.316537,distributeur_sacs,Mulhouse,mulhouse,68224,68100/68200,68,grand-est
8109000917,47.755282,7.322162,distributeur_sacs,Mulhouse,mulhouse,68224,68100/68200,68,grand-est
8109000916,47.756817,7.319659,distributeur_sacs,Mulhouse,mulhouse,68224,68100/68200,68,grand-est
8109000898,47.769909,7.318994,distributeur_sacs,Mulhouse,mulhouse,68224,68100/68200,68,grand-est
8109000897,47.771141,7.318274,distributeur_sacs,Mulhouse,mulhouse,68224,68100/68200,68,grand-est
8109000896,47.771734,7.315945,distributeur_sacs,Mulhouse,mulhouse,68224,68100/68200,68,grand-est
8109000861,47.77452,7.317303,distributeur_sacs,Mulhouse,mulhouse,68224,68100/68200,68,grand-est
8109000862,47.774963,7.321913,distributeur_sacs,Mulhouse,mulhouse,68224,68100/68200,68,grand-est
10878368258,48.039856,7.140683,distributeur_sacs,Munster,munster,68226,68140,68,grand-est
10868989467,48.03992,7.128627,distributeur_sacs,Munster,munster,68226,68140,68,grand-est
12997322409,48.039735,7.132609,distributeur_sacs,Munster,munster,68226,68140,68,grand-est
2829498801,48.040923,7.132361,distributeur_sacs,Munster,munster,68226,68140,68,grand-est
10862273385,48.042233,7.130832,distributeur_sacs,Munster,munster,68226,68140,68,grand-est
880817077,48.042305,7.135729,distributeur_sacs,Munster,munster,68226,68140,68,grand-est
10869019801,48.043967,7.133817,distributeur_sacs,Munster,munster,68226,68140,68,grand-est
10862273386,48.043145,7.13768,distributeur_sacs,Munster,munster,68226,68140,68,grand-est
6612168152,47.530225,7.500554,poubelle_dejections,Neuwiller,neuwiller,68232,68220,68,grand-est
8108984847,47.787627,7.501349,distributeur_sacs,Ottmarsheim,ottmarsheim,68253,68490,68,grand-est
8108984841,47.790146,7.505889,distributeur_sacs,Ottmarsheim,ottmarsheim,68253,68490,68,grand-est
8108984844,47.78794,7.504914,distributeur_sacs,Ottmarsheim,ottmarsheim,68253,68490,68,grand-est
8108984848,47.784928,7.503494,distributeur_sacs,Ottmarsheim,ottmarsheim,68253,68490,68,grand-est
8108984849,47.785683,7.510783,distributeur_sacs,Ottmarsheim,ottmarsheim,68253,68490,68,grand-est
8108984846,47.786858,7.506579,distributeur_sacs,Ottmarsheim,ottmarsheim,68253,68490,68,grand-est
8108984845,47.78707,7.508798,distributeur_sacs,Ottmarsheim,ottmarsheim,68253,68490,68,grand-est
8108984843,47.788134,7.51153,distributeur_sacs,Ottmarsheim,ottmarsheim,68253,68490,68,grand-est
8109000988,47.758779,7.297673,distributeur_sacs,Pfastatt,pfastatt,68256,68120,68,grand-est
8109000900,47.764055,7.316122,distributeur_sacs,Pfastatt,pfastatt,68256,68120,68,grand-est
8109000901,47.766119,7.315537,distributeur_sacs,Pfastatt,pfastatt,68256,68120,68,grand-est
8109000902,47.765546,7.310605,distributeur_sacs,Pfastatt,pfastatt,68256,68120,68,grand-est
8109000903,47.764546,7.312764,distributeur_sacs,Pfastatt,pfastatt,68256,68120,68,grand-est
8109000899,47.768423,7.313762,distributeur_sacs,Pfastatt,pfastatt,68256,68120,68,grand-est
8109000849,47.775423,7.305981,distributeur_sacs,Pfastatt,pfastatt,68256,68120,68,grand-est
8109000895,47.768699,7.303171,distributeur_sacs,Pfastatt,pfastatt,68256,68120,68,grand-est
8108984851,47.83775,7.298819,distributeur_sacs,Pulversheim,pulversheim,68258,68840,68,grand-est
8108984854,47.835264,7.300173,distributeur_sacs,Pulversheim,pulversheim,68258,68840,68,grand-est
8108984855,47.834002,7.304335,distributeur_sacs,Pulversheim,pulversheim,68258,68840,68,grand-est
8108984853,47.836682,7.310289,distributeur_sacs,Pulversheim,pulversheim,68258,68840,68,grand-est
8108984856,47.835435,7.304098,distributeur_sacs,Pulversheim,pulversheim,68258,68840,68,grand-est
8108984852,47.840494,7.306432,distributeur_sacs,Pulversheim,pulversheim,68258,68840,68,grand-est
8108984850,47.842748,7.310145,distributeur_sacs,Pulversheim,pulversheim,68258,68840,68,grand-est
8109000954,47.751959,7.240504,distributeur_sacs,Reiningue,reiningue,68267,68950,68,grand-est
8109000955,47.752565,7.232029,distributeur_sacs,Reiningue,reiningue,68267,68950,68,grand-est
8109000956,47.750676,7.232786,distributeur_sacs,Reiningue,reiningue,68267,68950,68,grand-est
8109000957,47.747495,7.233542,distributeur_sacs,Reiningue,reiningue,68267,68950,68,grand-est
6337996361,48.194672,7.316323,poubelle_dejections,Ribeauvillé,ribeauville,68269,68150,68,grand-est
8728369759,48.195103,7.313334,distributeur_sacs,Ribeauvillé,ribeauville,68269,68150,68,grand-est
8728370929,48.1957,7.312408,distributeur_sacs,Ribeauvillé,ribeauville,68269,68150,68,grand-est
8109000847,47.779193,7.285334,distributeur_sacs,Richwiller,richwiller,68270,68120,68,grand-est
8109000848,47.77793,7.27999,distributeur_sacs,Richwiller,richwiller,68270,68120,68,grand-est
8109000845,47.779185,7.275772,distributeur_sacs,Richwiller,richwiller,68270,68120,68,grand-est
8109000843,47.785025,7.271547,distributeur_sacs,Richwiller,richwiller,68270,68120,68,grand-est
8109000844,47.78445,7.274676,distributeur_sacs,Richwiller,richwiller,68270,68120,68,grand-est
8109000846,47.781351,7.283498,distributeur_sacs,Richwiller,richwiller,68270,68120,68,grand-est
8109001154,47.741077,7.373511,distributeur_sacs,Riedisheim,riedisheim,68271,68400,68,grand-est
8109001158,47.742241,7.36776,distributeur_sacs,Riedisheim,riedisheim,68271,68400,68,grand-est
8109001153,47.737967,7.365708,distributeur_sacs,Riedisheim,riedisheim,68271,68400,68,grand-est
8109001152,47.738448,7.361346,distributeur_sacs,Riedisheim,riedisheim,68271,68400,68,grand-est
8109001150,47.738886,7.35942,distributeur_sacs,Riedisheim,riedisheim,68271,68400,68,grand-est
8109001151,47.739057,7.359486,distributeur_sacs,Riedisheim,riedisheim,68271,68400,68,grand-est
8109001155,47.742056,7.362037,distributeur_sacs,Riedisheim,riedisheim,68271,68400,68,grand-est
8109001156,47.743779,7.36556,distributeur_sacs,Riedisheim,riedisheim,68271,68400,68,grand-est
8109001157,47.742985,7.36582,distributeur_sacs,Riedisheim,riedisheim,68271,68400,68,grand-est
8109001160,47.744095,7.366109,distributeur_sacs,Riedisheim,riedisheim,68271,68400,68,grand-est
8109001131,47.746441,7.364126,distributeur_sacs,Riedisheim,riedisheim,68271,68400,68,grand-est
8109001163,47.747617,7.366548,distributeur_sacs,Riedisheim,riedisheim,68271,68400,68,grand-est
8109001165,47.748287,7.36457,distributeur_sacs,Riedisheim,riedisheim,68271,68400,68,grand-est
8109001130,47.746148,7.36138,distributeur_sacs,Riedisheim,riedisheim,68271,68400,68,grand-est
8109001128,47.746644,7.360309,distributeur_sacs,Riedisheim,riedisheim,68271,68400,68,grand-est
8109000944,47.754535,7.363432,distributeur_sacs,Riedisheim,riedisheim,68271,68400,68,grand-est
8109001174,47.7521,7.365633,distributeur_sacs,Riedisheim,riedisheim,68271,68400,68,grand-est
8109001173,47.750774,7.367776,distributeur_sacs,Riedisheim,riedisheim,68271,68400,68,grand-est
8109001166,47.749817,7.364587,distributeur_sacs,Riedisheim,riedisheim,68271,68400,68,grand-est
8109001168,47.748718,7.366585,distributeur_sacs,Riedisheim,riedisheim,68271,68400,68,grand-est
8109001170,47.749118,7.368267,distributeur_sacs,Riedisheim,riedisheim,68271,68400,68,grand-est
7637624980,47.753392,7.36884,distributeur_sacs,Riedisheim,riedisheim,68271,68400,68,grand-est
8109001000,47.752619,7.373088,distributeur_sacs,Riedisheim,riedisheim,68271,68400,68,grand-est
8109001162,47.747185,7.370741,distributeur_sacs,Riedisheim,riedisheim,68271,68400,68,grand-est
8109001164,47.74848,7.369038,distributeur_sacs,Riedisheim,riedisheim,68271,68400,68,grand-est
8109001161,47.746592,7.370519,distributeur_sacs,Riedisheim,riedisheim,68271,68400,68,grand-est
8109001159,47.743684,7.370217,distributeur_sacs,Riedisheim,riedisheim,68271,68400,68,grand-est
8109000947,47.757381,7.373172,distributeur_sacs,Riedisheim,riedisheim,68271,68400,68,grand-est
8109000946,47.75771,7.368405,distributeur_sacs,Riedisheim,riedisheim,68271,68400,68,grand-est
8109000945,47.756184,7.364346,distributeur_sacs,Riedisheim,riedisheim,68271,68400,68,grand-est
8109001125,47.744366,7.35425,distributeur_sacs,Riedisheim,riedisheim,68271,68400,68,grand-est
8109001127,47.746001,7.356949,distributeur_sacs,Riedisheim,riedisheim,68271,68400,68,grand-est
8109001129,47.746114,7.358639,distributeur_sacs,Riedisheim,riedisheim,68271,68400,68,grand-est
8109001126,47.745247,7.355852,distributeur_sacs,Riedisheim,riedisheim,68271,68400,68,grand-est
8109001149,47.738354,7.35738,distributeur_sacs,Riedisheim,riedisheim,68271,68400,68,grand-est
13351635700,47.900313,7.176149,distributeur_sacs,Rimbachzell,rimbachzell,68276,68500,68,grand-est
9543777782,48.165718,7.296869,distributeur_sacs,Riquewihr,riquewihr,68277,68340,68,grand-est
9552424231,48.165414,7.298969,distributeur_sacs,Riquewihr,riquewihr,68277,68340,68,grand-est
8109001002,47.751447,7.380851,distributeur_sacs,Rixheim,rixheim,68278,68170,68,grand-est
8109001003,47.75296,7.382854,distributeur_sacs,Rixheim,rixheim,68278,68170,68,grand-est
8109001001,47.754138,7.382054,distributeur_sacs,Rixheim,rixheim,68278,68170,68,grand-est
8109001004,47.753156,7.384441,distributeur_sacs,Rixheim,rixheim,68278,68170,68,grand-est
8109001007,47.751831,7.384636,distributeur_sacs,Rixheim,rixheim,68278,68170,68,grand-est
12310140891,47.750866,7.384076,distributeur_sacs,Rixheim,rixheim,68278,68170,68,grand-est
8109001005,47.752751,7.387143,distributeur_sacs,Rixheim,rixheim,68278,68170,68,grand-est
8109001008,47.751088,7.394446,distributeur_sacs,Rixheim,rixheim,68278,68170,68,grand-est
8109001010,47.748369,7.39286,distributeur_sacs,Rixheim,rixheim,68278,68170,68,grand-est
8109001009,47.747895,7.387556,distributeur_sacs,Rixheim,rixheim,68278,68170,68,grand-est
8109001027,47.740439,7.394873,distributeur_sacs,Rixheim,rixheim,68278,68170,68,grand-est
8109001026,47.741936,7.396291,distributeur_sacs,Rixheim,rixheim,68278,68170,68,grand-est
8109001014,47.750674,7.419516,distributeur_sacs,Rixheim,rixheim,68278,68170,68,grand-est
8109001013,47.75418,7.416547,distributeur_sacs,Rixheim,rixheim,68278,68170,68,grand-est
8109001017,47.748763,7.40587,distributeur_sacs,Rixheim,rixheim,68278,68170,68,grand-est
8109001015,47.749669,7.410364,distributeur_sacs,Rixheim,rixheim,68278,68170,68,grand-est
8109001016,47.749145,7.411871,distributeur_sacs,Rixheim,rixheim,68278,68170,68,grand-est
8109001018,47.747155,7.407239,distributeur_sacs,Rixheim,rixheim,68278,68170,68,grand-est
8109001019,47.747702,7.40293,distributeur_sacs,Rixheim,rixheim,68278,68170,68,grand-est
8109001020,47.746208,7.404546,distributeur_sacs,Rixheim,rixheim,68278,68170,68,grand-est
8109001021,47.744992,7.404392,distributeur_sacs,Rixheim,rixheim,68278,68170,68,grand-est
8109001022,47.745239,7.40102,distributeur_sacs,Rixheim,rixheim,68278,68170,68,grand-est
8109001024,47.745233,7.398332,distributeur_sacs,Rixheim,rixheim,68278,68170,68,grand-est
8109001025,47.742612,7.397059,distributeur_sacs,Rixheim,rixheim,68278,68170,68,grand-est
8109001023,47.74568,7.399592,distributeur_sacs,Rixheim,rixheim,68278,68170,68,grand-est
8109001011,47.748339,7.39961,distributeur_sacs,Rixheim,rixheim,68278,68170,68,grand-est
8109000953,47.767224,7.399188,distributeur_sacs,Rixheim,rixheim,68278,68170,68,grand-est
8109001012,47.75645,7.415798,distributeur_sacs,Rixheim,rixheim,68278,68170,68,grand-est
8109000952,47.766103,7.393263,distributeur_sacs,Rixheim,rixheim,68278,68170,68,grand-est
8109000950,47.764075,7.389531,distributeur_sacs,Rixheim,rixheim,68278,68170,68,grand-est
8109000949,47.760685,7.392449,distributeur_sacs,Rixheim,rixheim,68278,68170,68,grand-est
8109000948,47.757627,7.385611,distributeur_sacs,Rixheim,rixheim,68278,68170,68,grand-est
8108984860,47.827251,7.362162,distributeur_sacs,Ruelisheim,ruelisheim,68289,68270,68,grand-est
8108984857,47.830175,7.333145,distributeur_sacs,Ruelisheim,ruelisheim,68289,68270,68,grand-est
8108984861,47.828,7.354418,distributeur_sacs,Ruelisheim,ruelisheim,68289,68270,68,grand-est
8108984862,47.827801,7.351118,distributeur_sacs,Ruelisheim,ruelisheim,68289,68270,68,grand-est
8108984858,47.828752,7.334822,distributeur_sacs,Ruelisheim,ruelisheim,68289,68270,68,grand-est
11944990795,47.851813,7.524315,distributeur_sacs,Rumersheim-le-Haut,rumersheim-le-haut,68291,68740,68,grand-est
4425021396,47.572899,7.552014,distributeur_sacs,Saint-Louis,saint-louis,68297,68300,68,grand-est
7414838784,47.584016,7.563915,distributeur_sacs,Saint-Louis,saint-louis,68297,68300,68,grand-est
4425021397,47.586553,7.561006,distributeur_sacs,Saint-Louis,saint-louis,68297,68300,68,grand-est
8109000883,47.778849,7.367757,distributeur_sacs,Sausheim,sausheim,68300,68390,68,grand-est
8109000884,47.776571,7.366354,distributeur_sacs,Sausheim,sausheim,68300,68390,68,grand-est
8109000886,47.774722,7.364906,distributeur_sacs,Sausheim,sausheim,68300,68390,68,grand-est
8109000827,47.780937,7.365896,distributeur_sacs,Sausheim,sausheim,68300,68390,68,grand-est
8109000825,47.787428,7.370769,distributeur_sacs,Sausheim,sausheim,68300,68390,68,grand-est
8109000826,47.783795,7.370355,distributeur_sacs,Sausheim,sausheim,68300,68390,68,grand-est
8109000828,47.780958,7.369029,distributeur_sacs,Sausheim,sausheim,68300,68390,68,grand-est
8109000824,47.787236,7.378606,distributeur_sacs,Sausheim,sausheim,68300,68390,68,grand-est
8109000823,47.792038,7.377975,distributeur_sacs,Sausheim,sausheim,68300,68390,68,grand-est
8109000822,47.79423,7.375739,distributeur_sacs,Sausheim,sausheim,68300,68390,68,grand-est
8109000821,47.794728,7.371625,distributeur_sacs,Sausheim,sausheim,68300,68390,68,grand-est
8109000868,47.785473,7.355349,distributeur_sacs,Sausheim,sausheim,68300,68390,68,grand-est
12462634210,47.758827,7.050133,distributeur_sacs,Sentheim,sentheim,68304,68780,68,grand-est
8956273760,47.753678,7.050286,distributeur_sacs,Sentheim,sentheim,68304,68780,68,grand-est
11907350520,47.655986,7.459036,poubelle_dejections,Sierentz,sierentz,68309,68510,68,grand-est
8108984906,47.82606,7.2712,distributeur_sacs,Staffelfelden,staffelfelden,68321,68850,68,grand-est
8108984908,47.826986,7.248786,distributeur_sacs,Staffelfelden,staffelfelden,68321,68850,68,grand-est
13082140802,47.798429,7.113033,poubelle_dejections,Thann,thann,68334,68800,68,grand-est
13082161403,47.797086,7.113291,poubelle_dejections,Thann,thann,68334,68800,68,grand-est
13092959615,47.798337,7.109303,poubelle_dejections,Thann,thann,68334,68800,68,grand-est
4135619096,47.802316,7.105829,distributeur_sacs,Thann,thann,68334,68800,68,grand-est
13092929344,47.804425,7.10447,poubelle_dejections,Thann,thann,68334,68800,68,grand-est
9794365669,47.812291,7.095695,distributeur_sacs,Thann,thann,68334,68800,68,grand-est
11361485412,47.837325,7.174837,distributeur_sacs,Wattwiller,wattwiller,68359,68700,68,grand-est
11361506217,47.83611,7.179261,distributeur_sacs,Wattwiller,wattwiller,68359,68700,68,grand-est
8109000838,47.784395,7.219333,distributeur_sacs,Wittelsheim,wittelsheim,68375,68310,68,grand-est
8109000837,47.788898,7.220297,distributeur_sacs,Wittelsheim,wittelsheim,68375,68310,68,grand-est
8109000836,47.792789,7.230621,distributeur_sacs,Wittelsheim,wittelsheim,68375,68310,68,grand-est
8109000835,47.800431,7.230957,distributeur_sacs,Wittelsheim,wittelsheim,68375,68310,68,grand-est
8109000834,47.801675,7.231006,distributeur_sacs,Wittelsheim,wittelsheim,68375,68310,68,grand-est
8109000840,47.786437,7.246568,distributeur_sacs,Wittelsheim,wittelsheim,68375,68310,68,grand-est
8109000839,47.788142,7.245628,distributeur_sacs,Wittelsheim,wittelsheim,68375,68310,68,grand-est
8109000842,47.785181,7.248504,distributeur_sacs,Wittelsheim,wittelsheim,68375,68310,68,grand-est
8109000841,47.786713,7.250188,distributeur_sacs,Wittelsheim,wittelsheim,68375,68310,68,grand-est
8108984907,47.81712,7.260012,distributeur_sacs,Wittelsheim,wittelsheim,68375,68310,68,grand-est
8109000832,47.808938,7.240118,distributeur_sacs,Wittelsheim,wittelsheim,68375,68310,68,grand-est
8109000831,47.808759,7.240812,distributeur_sacs,Wittelsheim,wittelsheim,68375,68310,68,grand-est
8109000829,47.809536,7.242209,distributeur_sacs,Wittelsheim,wittelsheim,68375,68310,68,grand-est
8109000830,47.809827,7.239635,distributeur_sacs,Wittelsheim,wittelsheim,68375,68310,68,grand-est
8109000833,47.807458,7.237431,distributeur_sacs,Wittelsheim,wittelsheim,68375,68310,68,grand-est
8108984864,47.824753,7.341485,distributeur_sacs,Wittenheim,wittenheim,68376,68270,68,grand-est
8108984871,47.809391,7.337953,distributeur_sacs,Wittenheim,wittenheim,68376,68270,68,grand-est
8108984873,47.806756,7.33199,distributeur_sacs,Wittenheim,wittenheim,68376,68270,68,grand-est
8108984872,47.808898,7.331855,distributeur_sacs,Wittenheim,wittenheim,68376,68270,68,grand-est
8108984867,47.818293,7.323875,distributeur_sacs,Wittenheim,wittenheim,68376,68270,68,grand-est
8108984866,47.820264,7.32506,distributeur_sacs,Wittenheim,wittenheim,68376,68270,68,grand-est
8108984859,47.825802,7.332321,distributeur_sacs,Wittenheim,wittenheim,68376,68270,68,grand-est
8108984865,47.823155,7.33725,distributeur_sacs,Wittenheim,wittenheim,68376,68270,68,grand-est
8108984863,47.824873,7.338006,distributeur_sacs,Wittenheim,wittenheim,68376,68270,68,grand-est
8108984869,47.814262,7.313154,distributeur_sacs,Wittenheim,wittenheim,68376,68270,68,grand-est
8108984870,47.813835,7.315249,distributeur_sacs,Wittenheim,wittenheim,68376,68270,68,grand-est
8108984868,47.816166,7.317546,distributeur_sacs,Wittenheim,wittenheim,68376,68270,68,grand-est
8108984878,47.802136,7.319378,distributeur_sacs,Wittenheim,wittenheim,68376,68270,68,grand-est
8108984880,47.798882,7.317629,distributeur_sacs,Wittenheim,wittenheim,68376,68270,68,grand-est
8108984879,47.798751,7.32306,distributeur_sacs,Wittenheim,wittenheim,68376,68270,68,grand-est
8108984874,47.803004,7.332129,distributeur_sacs,Wittenheim,wittenheim,68376,68270,68,grand-est
8108984876,47.803045,7.335171,distributeur_sacs,Wittenheim,wittenheim,68376,68270,68,grand-est
8108984875,47.802916,7.338652,distributeur_sacs,Wittenheim,wittenheim,68376,68270,68,grand-est
8108984877,47.801219,7.335976,distributeur_sacs,Wittenheim,wittenheim,68376,68270,68,grand-est
13423777504,47.875283,7.209637,poubelle_dejections,Wuenheim,wuenheim,68381,68500,68,grand-est
8109000975,47.692544,7.290499,distributeur_sacs,Zillisheim,zillisheim,68384,68720,68,grand-est
8109000972,47.6929,7.303591,distributeur_sacs,Zillisheim,zillisheim,68384,68720,68,grand-est
8109000971,47.698214,7.305333,distributeur_sacs,Zillisheim,zillisheim,68384,68720,68,grand-est
8109000973,47.695959,7.297539,distributeur_sacs,Zillisheim,zillisheim,68384,68720,68,grand-est
8109000974,47.696386,7.294027,distributeur_sacs,Zillisheim,zillisheim,68384,68720,68,grand-est
8109001042,47.720269,7.390953,distributeur_sacs,Zimmersheim,zimmersheim,68386,68440,68,grand-est
12853127205,45.865917,4.832349,distributeur_sacs,Albigny-sur-Saône,albigny-sur-saone,69003,69250,69,auvergne-rhone-alpes
12133202756,45.492935,4.819723,poubelle_dejections,Ampuis,ampuis,69007,69420,69,auvergne-rhone-alpes
10117511108,46.024201,4.707245,distributeur_sacs,Arnas,arnas,69013,69400,69,auvergne-rhone-alpes
6481038193,46.107661,4.750804,distributeur_sacs,Belleville-en-Beaujolais,belleville-en-beaujolais,69019,69220,69,auvergne-rhone-alpes
6441466659,46.108176,4.752504,distributeur_sacs,Belleville-en-Beaujolais,belleville-en-beaujolais,69019,69220,69,auvergne-rhone-alpes
6506839992,46.111467,4.736045,distributeur_sacs,Belleville-en-Beaujolais,belleville-en-beaujolais,69019,69220,69,auvergne-rhone-alpes
6478668393,46.109882,4.74584,distributeur_sacs,Belleville-en-Beaujolais,belleville-en-beaujolais,69019,69220,69,auvergne-rhone-alpes
6446503229,46.108377,4.738908,distributeur_sacs,Belleville-en-Beaujolais,belleville-en-beaujolais,69019,69220,69,auvergne-rhone-alpes
6452906178,46.104878,4.744535,distributeur_sacs,Belleville-en-Beaujolais,belleville-en-beaujolais,69019,69220,69,auvergne-rhone-alpes
13260332166,45.947226,4.582542,distributeur_sacs,Val d'Oingt,val-doingt,69024,69620,69,auvergne-rhone-alpes
12123765318,45.674684,4.765465,poubelle_dejections,Brignais,brignais,69027,69530,69,auvergne-rhone-alpes
10127135898,45.671252,4.756879,distributeur_sacs,Brignais,brignais,69027,69530,69,auvergne-rhone-alpes
12609912572,45.71982,4.693729,distributeur_sacs,Brindas,brindas,69028,69126,69,auvergne-rhone-alpes
12609912588,45.721252,4.693811,distributeur_sacs,Brindas,brindas,69028,69126,69,auvergne-rhone-alpes
12609912579,45.720857,4.695761,distributeur_sacs,Brindas,brindas,69028,69126,69,auvergne-rhone-alpes
12609912586,45.722212,4.694117,distributeur_sacs,Brindas,brindas,69028,69126,69,auvergne-rhone-alpes
8699424033,45.793983,4.828283,distributeur_sacs,Caluire-et-Cuire,caluire-et-cuire,69034,69300,69,auvergne-rhone-alpes
8688404959,45.790409,4.830528,distributeur_sacs,Caluire-et-Cuire,caluire-et-cuire,69034,69300,69,auvergne-rhone-alpes
11152381560,45.801115,4.853536,distributeur_sacs,Caluire-et-Cuire,caluire-et-cuire,69034,69300,69,auvergne-rhone-alpes
11061286006,45.800729,4.853191,distributeur_sacs,Caluire-et-Cuire,caluire-et-cuire,69034,69300,69,auvergne-rhone-alpes
11178801003,45.798633,4.850522,distributeur_sacs,Caluire-et-Cuire,caluire-et-cuire,69034,69300,69,auvergne-rhone-alpes
11180460102,45.796632,4.848059,distributeur_sacs,Caluire-et-Cuire,caluire-et-cuire,69034,69300,69,auvergne-rhone-alpes
8691182305,45.793249,4.838845,distributeur_sacs,Caluire-et-Cuire,caluire-et-cuire,69034,69300,69,auvergne-rhone-alpes
11182640626,45.790398,4.839631,distributeur_sacs,Caluire-et-Cuire,caluire-et-cuire,69034,69300,69,auvergne-rhone-alpes
11151001929,45.788315,4.8534,distributeur_sacs,Caluire-et-Cuire,caluire-et-cuire,69034,69300,69,auvergne-rhone-alpes
11020922635,45.787962,4.853445,distributeur_sacs,Caluire-et-Cuire,caluire-et-cuire,69034,69300,69,auvergne-rhone-alpes
8491950634,45.784271,4.845957,distributeur_sacs,Caluire-et-Cuire,caluire-et-cuire,69034,69300,69,auvergne-rhone-alpes
11054799535,45.789238,4.847619,distributeur_sacs,Caluire-et-Cuire,caluire-et-cuire,69034,69300,69,auvergne-rhone-alpes
8691182311,45.78796,4.836407,distributeur_sacs,Caluire-et-Cuire,caluire-et-cuire,69034,69300,69,auvergne-rhone-alpes
8777231205,45.783838,4.831279,distributeur_sacs,Caluire-et-Cuire,caluire-et-cuire,69034,69300,69,auvergne-rhone-alpes
8777231215,45.784774,4.830573,distributeur_sacs,Caluire-et-Cuire,caluire-et-cuire,69034,69300,69,auvergne-rhone-alpes
8691765219,45.788387,4.823609,distributeur_sacs,Caluire-et-Cuire,caluire-et-cuire,69034,69300,69,auvergne-rhone-alpes
8691728016,45.787485,4.822603,distributeur_sacs,Caluire-et-Cuire,caluire-et-cuire,69034,69300,69,auvergne-rhone-alpes
8694608820,45.786263,4.822982,distributeur_sacs,Caluire-et-Cuire,caluire-et-cuire,69034,69300,69,auvergne-rhone-alpes
11126314807,45.791698,4.861068,distributeur_sacs,Caluire-et-Cuire,caluire-et-cuire,69034,69300,69,auvergne-rhone-alpes
11204519605,45.810472,4.860733,distributeur_sacs,Caluire-et-Cuire,caluire-et-cuire,69034,69300,69,auvergne-rhone-alpes
12644533724,45.710973,4.74487,poubelle_dejections,Chaponost,chaponost,69043,69630,69,auvergne-rhone-alpes
10120046695,45.712192,4.744233,distributeur_sacs,Chaponost,chaponost,69043,69630,69,auvergne-rhone-alpes
12644533691,45.716484,4.756745,poubelle_dejections,Chaponost,chaponost,69043,69630,69,auvergne-rhone-alpes
12908845780,45.781906,4.738338,distributeur_sacs,Charbonnières-les-Bains,charbonnieres-les-bains,69044,69260,69,auvergne-rhone-alpes
13438683251,45.781236,4.752862,distributeur_sacs,Charbonnières-les-Bains,charbonnieres-les-bains,69044,69260,69,auvergne-rhone-alpes
13423035338,45.778707,4.753306,distributeur_sacs,Charbonnières-les-Bains,charbonnieres-les-bains,69044,69260,69,auvergne-rhone-alpes
11171345122,46.018921,4.379118,distributeur_sacs,Cublize,cublize,69070,69550,69,auvergne-rhone-alpes
9421267042,45.844986,4.855915,distributeur_sacs,Fontaines-Saint-Martin,fontaines-saint-martin,69087,69270,69,auvergne-rhone-alpes
12657730718,45.73356,4.752154,poubelle_dejections,Francheville,francheville,69089,69340,69,auvergne-rhone-alpes
12219030986,45.999801,4.719143,distributeur_sacs,Gleizé,gleize,69092,69400,69,auvergne-rhone-alpes
13072308809,46.171742,4.718135,distributeur_sacs,Lancié,lancie,69108,69220,69,auvergne-rhone-alpes
8491987099,45.780839,4.842369,distributeur_sacs,Lyon,lyon,69123,00000,69,auvergne-rhone-alpes
8972342286,45.631486,4.783225,distributeur_sacs,Millery,millery,69133,69390,69,auvergne-rhone-alpes
9267047479,45.914707,4.777433,distributeur_sacs,Quincieux,quincieux,69163,69650,69,auvergne-rhone-alpes
12131495385,45.524793,4.864237,poubelle_dejections,Sainte-Colombe,sainte-colombe,69189,69560,69,auvergne-rhone-alpes
12131495387,45.524965,4.865398,poubelle_dejections,Sainte-Colombe,sainte-colombe,69189,69560,69,auvergne-rhone-alpes
12131495456,45.525005,4.867952,poubelle_dejections,Sainte-Colombe,sainte-colombe,69189,69560,69,auvergne-rhone-alpes
13050221010,45.884213,4.803225,distributeur_sacs,Saint-Germain-au-Mont-d'Or,saint-germain-au-mont-dor,69207,69650,69,auvergne-rhone-alpes
11949742428,45.895059,4.42899,distributeur_sacs,Tarare,tarare,69243,69170,69,auvergne-rhone-alpes
10728355656,45.897151,4.433683,distributeur_sacs,Tarare,tarare,69243,69170,69,auvergne-rhone-alpes
9352146441,45.698384,4.887897,poubelle_dejections,Vénissieux,venissieux,69259,69200,69,auvergne-rhone-alpes
10117511107,45.988842,4.731585,distributeur_sacs,Villefranche-sur-Saône,villefranche-sur-saone,69264,69400,69,auvergne-rhone-alpes
13207272464,45.992319,4.728346,distributeur_sacs,Villefranche-sur-Saône,villefranche-sur-saone,69264,69400,69,auvergne-rhone-alpes
13232858835,45.993931,4.723195,distributeur_sacs,Villefranche-sur-Saône,villefranche-sur-saone,69264,69400,69,auvergne-rhone-alpes
7248038198,45.990994,4.720534,distributeur_sacs,Villefranche-sur-Saône,villefranche-sur-saone,69264,69400,69,auvergne-rhone-alpes
7222696984,45.987223,4.71546,distributeur_sacs,Villefranche-sur-Saône,villefranche-sur-saone,69264,69400,69,auvergne-rhone-alpes
2418011338,45.986109,4.71807,distributeur_sacs,Villefranche-sur-Saône,villefranche-sur-saone,69264,69400,69,auvergne-rhone-alpes
2412139551,45.989121,4.718462,distributeur_sacs,Villefranche-sur-Saône,villefranche-sur-saone,69264,69400,69,auvergne-rhone-alpes
12231766196,45.998865,4.716469,distributeur_sacs,Villefranche-sur-Saône,villefranche-sur-saone,69264,69400,69,auvergne-rhone-alpes
13297071064,45.971296,4.749932,distributeur_sacs,Villefranche-sur-Saône,villefranche-sur-saone,69264,69400,69,auvergne-rhone-alpes
12234389790,45.761885,4.960028,distributeur_sacs,Décines-Charpieu,decines-charpieu,69275,69150,69,auvergne-rhone-alpes
10069361498,45.897795,4.842966,distributeur_sacs,Genay,genay,69278,69730,69,auvergne-rhone-alpes
10069282105,45.895988,4.82747,distributeur_sacs,Genay,genay,69278,69730,69,auvergne-rhone-alpes
9482990965,45.796001,5.047529,distributeur_sacs,Jonage,jonage,69279,69330,69,auvergne-rhone-alpes
12806178478,45.661942,4.959109,distributeur_sacs,Mions,mions,69283,69780,69,auvergne-rhone-alpes
12800554830,45.664359,4.957383,distributeur_sacs,Mions,mions,69283,69780,69,auvergne-rhone-alpes
13266703894,45.669139,4.950917,distributeur_sacs,Mions,mions,69283,69780,69,auvergne-rhone-alpes
10839411617,45.757855,5.068935,distributeur_sacs,Pusignan,pusignan,69285,69330,69,auvergne-rhone-alpes
10839411626,45.757793,5.067715,distributeur_sacs,Pusignan,pusignan,69285,69330,69,auvergne-rhone-alpes
10860238620,45.69187,5.028158,distributeur_sacs,Saint-Bonnet-de-Mure,saint-bonnet-de-mure,69287,69720,69,auvergne-rhone-alpes
6431639508,45.700126,5.034482,poubelle_dejections,Saint-Bonnet-de-Mure,saint-bonnet-de-mure,69287,69720,69,auvergne-rhone-alpes
10834216718,45.686871,4.983702,distributeur_sacs,Saint-Priest,saint-priest,69290,69800,69,auvergne-rhone-alpes
6032017126,45.693026,4.933964,distributeur_sacs,Saint-Priest,saint-priest,69290,69800,69,auvergne-rhone-alpes
6032075438,45.693806,4.934202,distributeur_sacs,Saint-Priest,saint-priest,69290,69800,69,auvergne-rhone-alpes
13428668589,45.697006,4.94096,distributeur_sacs,Saint-Priest,saint-priest,69290,69800,69,auvergne-rhone-alpes
2792761020,45.692432,4.961711,distributeur_sacs,Saint-Priest,saint-priest,69290,69800,69,auvergne-rhone-alpes
8199391783,45.69807,4.956885,distributeur_sacs,Saint-Priest,saint-priest,69290,69800,69,auvergne-rhone-alpes
7193038647,45.701239,4.941263,distributeur_sacs,Saint-Priest,saint-priest,69290,69800,69,auvergne-rhone-alpes
10129853209,45.70613,4.924013,distributeur_sacs,Saint-Priest,saint-priest,69290,69800,69,auvergne-rhone-alpes
9076248272,45.70749,4.923175,distributeur_sacs,Saint-Priest,saint-priest,69290,69800,69,auvergne-rhone-alpes
10129853216,45.707784,4.922896,distributeur_sacs,Saint-Priest,saint-priest,69290,69800,69,auvergne-rhone-alpes
10129900820,45.709252,4.921903,distributeur_sacs,Saint-Priest,saint-priest,69290,69800,69,auvergne-rhone-alpes
10129900821,45.708569,4.922378,distributeur_sacs,Saint-Priest,saint-priest,69290,69800,69,auvergne-rhone-alpes
10127836977,45.710371,4.921308,distributeur_sacs,Saint-Priest,saint-priest,69290,69800,69,auvergne-rhone-alpes
10968713248,45.703646,4.921045,distributeur_sacs,Saint-Priest,saint-priest,69290,69800,69,auvergne-rhone-alpes
11350841632,45.69623,4.929963,distributeur_sacs,Saint-Priest,saint-priest,69290,69800,69,auvergne-rhone-alpes
8431890384,45.703635,4.897884,distributeur_sacs,Saint-Priest,saint-priest,69290,69800,69,auvergne-rhone-alpes
12087742905,45.63224,4.868592,distributeur_sacs,Saint-Symphorien-d'Ozon,saint-symphorien-dozon,69291,69360,69,auvergne-rhone-alpes
5474382608,45.632262,4.86449,distributeur_sacs,Saint-Symphorien-d'Ozon,saint-symphorien-dozon,69291,69360,69,auvergne-rhone-alpes
5471875088,45.632158,4.857761,distributeur_sacs,Saint-Symphorien-d'Ozon,saint-symphorien-dozon,69291,69360,69,auvergne-rhone-alpes
5474382609,45.631239,4.860468,distributeur_sacs,Saint-Symphorien-d'Ozon,saint-symphorien-dozon,69291,69360,69,auvergne-rhone-alpes
5471875089,45.632058,4.858346,distributeur_sacs,Saint-Symphorien-d'Ozon,saint-symphorien-dozon,69291,69360,69,auvergne-rhone-alpes
11114207201,45.603733,4.812676,distributeur_sacs,Ternay,ternay,69297,69360,69,auvergne-rhone-alpes
11114207202,45.603157,4.8127,distributeur_sacs,Ternay,ternay,69297,69360,69,auvergne-rhone-alpes
6590026944,45.594848,4.806795,distributeur_sacs,Ternay,ternay,69297,69360,69,auvergne-rhone-alpes
6604823114,45.594856,4.806794,poubelle_dejections,Ternay,ternay,69297,69360,69,auvergne-rhone-alpes
9558850270,47.766449,6.101246,distributeur_sacs,Faverney,faverney,70228,70160,70,bourgogne-franche-comte
6406547037,47.812991,6.380697,distributeur_sacs,Luxeuil-les-Bains,luxeuil-les-bains,70311,70300,70,bourgogne-franche-comte
6643394448,47.813945,6.38159,distributeur_sacs,Luxeuil-les-Bains,luxeuil-les-bains,70311,70300,70,bourgogne-franche-comte
6339726387,47.815611,6.380902,distributeur_sacs,Luxeuil-les-Bains,luxeuil-les-bains,70311,70300,70,bourgogne-franche-comte
6562237853,47.820374,6.378933,poubelle_dejections,Luxeuil-les-Bains,luxeuil-les-bains,70311,70300,70,bourgogne-franche-comte
6562237852,47.820125,6.378891,poubelle_dejections,Luxeuil-les-Bains,luxeuil-les-bains,70311,70300,70,bourgogne-franche-comte
6341470369,47.816924,6.380259,distributeur_sacs,Luxeuil-les-Bains,luxeuil-les-bains,70311,70300,70,bourgogne-franche-comte
6629688715,47.817829,6.387254,distributeur_sacs,Luxeuil-les-Bains,luxeuil-les-bains,70311,70300,70,bourgogne-franche-comte
6653523687,47.819079,6.39011,distributeur_sacs,Luxeuil-les-Bains,luxeuil-les-bains,70311,70300,70,bourgogne-franche-comte
12186657266,47.419394,5.532564,poubelle_dejections,Mantoche,mantoche,70331,70100,70,bourgogne-franche-comte
12186660701,47.419394,5.532564,distributeur_sacs,Mantoche,mantoche,70331,70100,70,bourgogne-franche-comte
8981049825,47.622938,6.162844,poubelle_dejections,Vesoul,vesoul,70550,70000,70,bourgogne-franche-comte
12479876808,47.621888,6.156952,distributeur_sacs,Vesoul,vesoul,70550,70000,70,bourgogne-franche-comte
9696514440,47.629819,6.145321,distributeur_sacs,Vesoul,vesoul,70550,70000,70,bourgogne-franche-comte
9750138879,47.626865,6.144228,distributeur_sacs,Vesoul,vesoul,70550,70000,70,bourgogne-franche-comte
11816145618,46.911965,4.751813,distributeur_sacs,Chagny,chagny,71073,71150,71,bourgogne-franche-comte
4983586106,46.908735,4.75532,distributeur_sacs,Chagny,chagny,71073,71150,71,bourgogne-franche-comte
13161670050,46.78327,4.856923,distributeur_sacs,Chalon-sur-Saône,chalon-sur-saone,71076,71100,71,bourgogne-franche-comte
9124441544,46.780687,4.857697,distributeur_sacs,Chalon-sur-Saône,chalon-sur-saone,71076,71100,71,bourgogne-franche-comte
3268120700,46.210409,4.756858,distributeur_sacs,La Chapelle-de-Guinchay,la-chapelle-de-guinchay,71090,71570,71,bourgogne-franche-comte
3892205686,46.209085,4.76656,distributeur_sacs,La Chapelle-de-Guinchay,la-chapelle-de-guinchay,71090,71570,71,bourgogne-franche-comte
8987674183,46.436685,4.277801,distributeur_sacs,Charolles,charolles,71106,71120,71,bourgogne-franche-comte
2507874749,46.291608,4.307592,distributeur_sacs,La Clayette,la-clayette,71133,71800,71,bourgogne-franche-comte
11985610518,46.779916,4.748748,distributeur_sacs,Givry,givry,71221,71640,71,bourgogne-franche-comte
9368018224,46.783874,4.740093,distributeur_sacs,Givry,givry,71221,71640,71,bourgogne-franche-comte
9368018225,46.782165,4.741516,distributeur_sacs,Givry,givry,71221,71640,71,bourgogne-franche-comte
9198090200,46.306407,4.834859,distributeur_sacs,Mâcon,macon,71270,71000,71,bourgogne-franche-comte
9198090186,46.30635,4.832857,distributeur_sacs,Mâcon,macon,71270,71000,71,bourgogne-franche-comte
9198090221,46.304773,4.83377,distributeur_sacs,Mâcon,macon,71270,71000,71,bourgogne-franche-comte
9198081713,46.303638,4.831609,distributeur_sacs,Mâcon,macon,71270,71000,71,bourgogne-franche-comte
9198090180,46.306756,4.833268,distributeur_sacs,Mâcon,macon,71270,71000,71,bourgogne-franche-comte
8952029093,46.561818,4.912076,distributeur_sacs,Tournus,tournus,71543,71700,71,bourgogne-franche-comte
8952029099,46.562302,4.910499,distributeur_sacs,Tournus,tournus,71543,71700,71,bourgogne-franche-comte
8952029044,46.559943,4.912358,distributeur_sacs,Tournus,tournus,71543,71700,71,bourgogne-franche-comte
4592750317,48.174912,0.426515,distributeur_sacs,Bonnétable,bonnetable,72039,72110,72,pays-de-la-loire
4592750319,48.176766,0.42664,distributeur_sacs,Bonnétable,bonnetable,72039,72110,72,pays-de-la-loire
4592750320,48.177352,0.426291,distributeur_sacs,Bonnétable,bonnetable,72039,72110,72,pays-de-la-loire
4592750318,48.178874,0.432941,distributeur_sacs,Bonnétable,bonnetable,72039,72110,72,pays-de-la-loire
4933829352,48.024121,0.204389,distributeur_sacs,Coulaines,coulaines,72095,72190,72,pays-de-la-loire
4933829351,48.023707,0.203284,distributeur_sacs,Coulaines,coulaines,72095,72190,72,pays-de-la-loire
4933829353,48.022883,0.201137,distributeur_sacs,Coulaines,coulaines,72095,72190,72,pays-de-la-loire
4933829354,48.020536,0.199825,distributeur_sacs,Coulaines,coulaines,72095,72190,72,pays-de-la-loire
5140775830,48.02874,0.210808,distributeur_sacs,Coulaines,coulaines,72095,72190,72,pays-de-la-loire
11124791806,48.351345,0.369377,distributeur_sacs,Mamers,mamers,72180,72600,72,pays-de-la-loire
11107662270,48.35774,0.371805,distributeur_sacs,Mamers,mamers,72180,72600,72,pays-de-la-loire
4933829355,48.019201,0.198266,distributeur_sacs,Le Mans,le-mans,72181,72000/72100,72,pays-de-la-loire
11088933068,48.247458,0.311252,distributeur_sacs,Marolles-les-Braults,marolles-les-braults,72189,72260,72,pays-de-la-loire
7713686442,47.924479,0.744837,distributeur_sacs,Saint-Calais,saint-calais,72269,72120,72,pays-de-la-loire
12484619190,45.534998,6.636078,distributeur_sacs,Aime-la-Plagne,aime-la-plagne,73006,73210,73,auvergne-rhone-alpes
10082511440,45.68499,5.910288,distributeur_sacs,Aix-les-Bains,aix-les-bains,73008,73100,73,auvergne-rhone-alpes
9776993320,45.67594,6.392928,distributeur_sacs,Albertville,albertville,73011,73200,73,auvergne-rhone-alpes
9776491224,45.676337,6.390278,distributeur_sacs,Albertville,albertville,73011,73200,73,auvergne-rhone-alpes
9774589224,45.675125,6.386786,distributeur_sacs,Albertville,albertville,73011,73200,73,auvergne-rhone-alpes
10292001813,45.675828,6.384781,distributeur_sacs,Albertville,albertville,73011,73200,73,auvergne-rhone-alpes
9519522220,45.678139,6.383158,distributeur_sacs,Albertville,albertville,73011,73200,73,auvergne-rhone-alpes
10291991311,45.675209,6.38028,distributeur_sacs,Albertville,albertville,73011,73200,73,auvergne-rhone-alpes
10291996817,45.67527,6.382754,distributeur_sacs,Albertville,albertville,73011,73200,73,auvergne-rhone-alpes
12122629488,45.673032,6.383316,distributeur_sacs,Albertville,albertville,73011,73200,73,auvergne-rhone-alpes
9975479021,45.666383,6.390842,distributeur_sacs,Albertville,albertville,73011,73200,73,auvergne-rhone-alpes
12157147875,45.670516,6.385144,distributeur_sacs,Albertville,albertville,73011,73200,73,auvergne-rhone-alpes
9774588918,45.672867,6.384017,distributeur_sacs,Albertville,albertville,73011,73200,73,auvergne-rhone-alpes
9774588725,45.672965,6.389581,distributeur_sacs,Albertville,albertville,73011,73200,73,auvergne-rhone-alpes
10143342918,45.670095,6.391918,distributeur_sacs,Albertville,albertville,73011,73200,73,auvergne-rhone-alpes
9084226617,45.670527,6.39643,distributeur_sacs,Albertville,albertville,73011,73200,73,auvergne-rhone-alpes
13031148017,45.671767,6.397496,distributeur_sacs,Albertville,albertville,73011,73200,73,auvergne-rhone-alpes
13026676409,45.67114,6.396497,distributeur_sacs,Albertville,albertville,73011,73200,73,auvergne-rhone-alpes
9084272119,45.670751,6.397144,distributeur_sacs,Albertville,albertville,73011,73200,73,auvergne-rhone-alpes
12182551750,45.207919,6.736601,distributeur_sacs,Avrieux,avrieux,73026,73500,73,auvergne-rhone-alpes
11135518545,45.686569,6.567891,distributeur_sacs,Beaufort,beaufort,73034,73270,73,auvergne-rhone-alpes
11124444777,45.686457,6.569043,distributeur_sacs,Beaufort,beaufort,73034,73270,73,auvergne-rhone-alpes
13020926564,45.672205,6.54055,distributeur_sacs,Beaufort,beaufort,73034,73270,73,auvergne-rhone-alpes
12119687977,45.568976,6.777614,distributeur_sacs,Bourg-Saint-Maurice,bourg-saint-maurice,73054,73700,73,auvergne-rhone-alpes
12120557803,45.569128,6.774413,distributeur_sacs,Bourg-Saint-Maurice,bourg-saint-maurice,73054,73700,73,auvergne-rhone-alpes
10713013366,45.571094,6.778219,distributeur_sacs,Bourg-Saint-Maurice,bourg-saint-maurice,73054,73700,73,auvergne-rhone-alpes
10713013365,45.57415,6.778827,distributeur_sacs,Bourg-Saint-Maurice,bourg-saint-maurice,73054,73700,73,auvergne-rhone-alpes
12131989231,45.573909,6.786036,distributeur_sacs,Bourg-Saint-Maurice,bourg-saint-maurice,73054,73700,73,auvergne-rhone-alpes
12648467967,45.570523,6.832516,distributeur_sacs,Bourg-Saint-Maurice,bourg-saint-maurice,73054,73700,73,auvergne-rhone-alpes
12126204185,45.593732,6.791925,distributeur_sacs,Bourg-Saint-Maurice,bourg-saint-maurice,73054,73700,73,auvergne-rhone-alpes
12126195637,45.594629,6.791962,distributeur_sacs,Bourg-Saint-Maurice,bourg-saint-maurice,73054,73700,73,auvergne-rhone-alpes
7240926148,45.615257,6.771671,distributeur_sacs,Bourg-Saint-Maurice,bourg-saint-maurice,73054,73700,73,auvergne-rhone-alpes
12633440765,45.615572,6.770535,distributeur_sacs,Bourg-Saint-Maurice,bourg-saint-maurice,73054,73700,73,auvergne-rhone-alpes
12307242295,45.619652,6.770342,distributeur_sacs,Bourg-Saint-Maurice,bourg-saint-maurice,73054,73700,73,auvergne-rhone-alpes
12307242289,45.619818,6.770553,distributeur_sacs,Bourg-Saint-Maurice,bourg-saint-maurice,73054,73700,73,auvergne-rhone-alpes
12307182045,45.621245,6.772996,distributeur_sacs,Bourg-Saint-Maurice,bourg-saint-maurice,73054,73700,73,auvergne-rhone-alpes
13256121816,45.622256,6.776092,distributeur_sacs,Bourg-Saint-Maurice,bourg-saint-maurice,73054,73700,73,auvergne-rhone-alpes
12346156127,45.624188,6.7753,distributeur_sacs,Bourg-Saint-Maurice,bourg-saint-maurice,73054,73700,73,auvergne-rhone-alpes
11607408519,45.62175,6.769511,distributeur_sacs,Bourg-Saint-Maurice,bourg-saint-maurice,73054,73700,73,auvergne-rhone-alpes
12339460066,45.620052,6.769213,distributeur_sacs,Bourg-Saint-Maurice,bourg-saint-maurice,73054,73700,73,auvergne-rhone-alpes
12307245178,45.619267,6.769895,distributeur_sacs,Bourg-Saint-Maurice,bourg-saint-maurice,73054,73700,73,auvergne-rhone-alpes
12250803311,45.617916,6.769162,distributeur_sacs,Bourg-Saint-Maurice,bourg-saint-maurice,73054,73700,73,auvergne-rhone-alpes
12307285853,45.618046,6.768631,distributeur_sacs,Bourg-Saint-Maurice,bourg-saint-maurice,73054,73700,73,auvergne-rhone-alpes
12339544471,45.61879,6.768859,distributeur_sacs,Bourg-Saint-Maurice,bourg-saint-maurice,73054,73700,73,auvergne-rhone-alpes
13069420234,45.617061,6.766196,distributeur_sacs,Bourg-Saint-Maurice,bourg-saint-maurice,73054,73700,73,auvergne-rhone-alpes
12633546021,45.616585,6.767744,distributeur_sacs,Bourg-Saint-Maurice,bourg-saint-maurice,73054,73700,73,auvergne-rhone-alpes
12633542056,45.616564,6.76817,distributeur_sacs,Bourg-Saint-Maurice,bourg-saint-maurice,73054,73700,73,auvergne-rhone-alpes
13031699271,45.61725,6.768213,distributeur_sacs,Bourg-Saint-Maurice,bourg-saint-maurice,73054,73700,73,auvergne-rhone-alpes
12250671746,45.617217,6.76921,distributeur_sacs,Bourg-Saint-Maurice,bourg-saint-maurice,73054,73700,73,auvergne-rhone-alpes
12390333884,45.613473,6.76642,distributeur_sacs,Bourg-Saint-Maurice,bourg-saint-maurice,73054,73700,73,auvergne-rhone-alpes
12390519384,45.610568,6.767111,distributeur_sacs,Bourg-Saint-Maurice,bourg-saint-maurice,73054,73700,73,auvergne-rhone-alpes
12390400207,45.612029,6.765778,distributeur_sacs,Bourg-Saint-Maurice,bourg-saint-maurice,73054,73700,73,auvergne-rhone-alpes
12390420473,45.610659,6.768773,distributeur_sacs,Bourg-Saint-Maurice,bourg-saint-maurice,73054,73700,73,auvergne-rhone-alpes
12452774556,45.577656,5.899627,distributeur_sacs,Chambéry,chambery,73065,73000,73,auvergne-rhone-alpes
13280138705,45.560245,5.921318,poubelle_dejections,Chambéry,chambery,73065,73000,73,auvergne-rhone-alpes
7125153683,45.569003,5.930227,distributeur_sacs,Chambéry,chambery,73065,73000,73,auvergne-rhone-alpes
1527571741,45.569569,5.926907,distributeur_sacs,Chambéry,chambery,73065,73000,73,auvergne-rhone-alpes
9958580322,45.359232,6.300062,distributeur_sacs,La Chambre,la-chambre,73067,73130,73,auvergne-rhone-alpes
13092502253,45.817488,6.51051,distributeur_sacs,Flumet,flumet,73114,73590,73,auvergne-rhone-alpes
10010456119,45.598523,6.256617,distributeur_sacs,Grésy-sur-Isère,gresy-sur-isere,73129,73460,73,auvergne-rhone-alpes
8349782717,45.600731,6.255716,distributeur_sacs,Grésy-sur-Isère,gresy-sur-isere,73129,73460,73,auvergne-rhone-alpes
8399451582,45.601261,6.25664,distributeur_sacs,Grésy-sur-Isère,gresy-sur-isere,73129,73460,73,auvergne-rhone-alpes
7826519886,45.601303,6.255096,poubelle_dejections,Grésy-sur-Isère,gresy-sur-isere,73129,73460,73,auvergne-rhone-alpes
12630471045,45.570142,6.753752,distributeur_sacs,Landry,landry,73142,73210,73,auvergne-rhone-alpes
12059000440,45.704791,6.11391,poubelle_dejections,Lescheraines,lescheraines,73146,73340,73,auvergne-rhone-alpes
10131049479,45.500974,6.030859,distributeur_sacs,Porte-de-Savoie,porte-de-savoie,73151,73800,73,auvergne-rhone-alpes
11107126993,45.524066,6.793534,distributeur_sacs,Peisey-Nancroix,peisey-nancroix,73197,73210,73,auvergne-rhone-alpes
11691851446,45.374502,6.717515,distributeur_sacs,Pralognan-la-Vanoise,pralognan-la-vanoise,73206,73710,73,auvergne-rhone-alpes
11691851447,45.378164,6.716036,distributeur_sacs,Pralognan-la-Vanoise,pralognan-la-vanoise,73206,73710,73,auvergne-rhone-alpes
11691851449,45.380569,6.721762,distributeur_sacs,Pralognan-la-Vanoise,pralognan-la-vanoise,73206,73710,73,auvergne-rhone-alpes
9967817618,45.219339,6.470078,distributeur_sacs,Saint-Michel-de-Maurienne,saint-michel-de-maurienne,73261,73140,73,auvergne-rhone-alpes
9964301920,45.217993,6.474822,distributeur_sacs,Saint-Michel-de-Maurienne,saint-michel-de-maurienne,73261,73140,73,auvergne-rhone-alpes
9964302336,45.218955,6.47168,distributeur_sacs,Saint-Michel-de-Maurienne,saint-michel-de-maurienne,73261,73140,73,auvergne-rhone-alpes
9964305042,45.218447,6.471665,distributeur_sacs,Saint-Michel-de-Maurienne,saint-michel-de-maurienne,73261,73140,73,auvergne-rhone-alpes
9974229624,45.217176,6.473298,distributeur_sacs,Saint-Michel-de-Maurienne,saint-michel-de-maurienne,73261,73140,73,auvergne-rhone-alpes
9967770818,45.216568,6.47462,distributeur_sacs,Saint-Michel-de-Maurienne,saint-michel-de-maurienne,73261,73140,73,auvergne-rhone-alpes
12388259019,45.620503,6.804628,distributeur_sacs,Séez,seez,73285,73700,73,auvergne-rhone-alpes
12246438066,45.624272,6.797432,distributeur_sacs,Séez,seez,73285,73700,73,auvergne-rhone-alpes
12334930693,45.622791,6.800058,distributeur_sacs,Séez,seez,73285,73700,73,auvergne-rhone-alpes
13537152273,45.623924,6.799588,distributeur_sacs,Séez,seez,73285,73700,73,auvergne-rhone-alpes
13537152272,45.624176,6.798705,distributeur_sacs,Séez,seez,73285,73700,73,auvergne-rhone-alpes
12388253808,45.622537,6.802167,distributeur_sacs,Séez,seez,73285,73700,73,auvergne-rhone-alpes
12248822579,45.6201,6.819908,distributeur_sacs,Séez,seez,73285,73700,73,auvergne-rhone-alpes
12248506408,45.618909,6.81584,distributeur_sacs,Séez,seez,73285,73700,73,auvergne-rhone-alpes
13047878391,45.291519,6.912193,distributeur_sacs,Val-Cenis,val-cenis,73290,73500,73,auvergne-rhone-alpes
12152795916,45.456253,6.900114,distributeur_sacs,Tignes,tignes,73296,73320,73,auvergne-rhone-alpes
12152153825,45.462964,6.901,distributeur_sacs,Tignes,tignes,73296,73320,73,auvergne-rhone-alpes
12153504795,45.466095,6.900847,distributeur_sacs,Tignes,tignes,73296,73320,73,auvergne-rhone-alpes
12161816720,45.466273,6.908296,distributeur_sacs,Tignes,tignes,73296,73320,73,auvergne-rhone-alpes
11185351107,45.746375,6.416203,distributeur_sacs,Ugine,ugine,73303,73400,73,auvergne-rhone-alpes
9031870731,45.745694,6.418122,distributeur_sacs,Ugine,ugine,73303,73400,73,auvergne-rhone-alpes
12099325892,45.4475,6.979167,distributeur_sacs,Val-d'Isère,val-disere,73304,73150,73,auvergne-rhone-alpes
13063511348,45.46287,6.96349,distributeur_sacs,Val-d'Isère,val-disere,73304,73150,73,auvergne-rhone-alpes
10253858521,45.213825,6.697204,distributeur_sacs,Villarodin-Bourget,villarodin-bourget,73322,73500,73,auvergne-rhone-alpes
10151484590,45.821282,6.00836,distributeur_sacs,Alby-sur-Chéran,alby-sur-cheran,74002,74540,74,auvergne-rhone-alpes
10090080912,45.816343,6.019055,distributeur_sacs,Alby-sur-Chéran,alby-sur-cheran,74002,74540,74,auvergne-rhone-alpes
10173252987,45.816314,6.020551,distributeur_sacs,Alby-sur-Chéran,alby-sur-cheran,74002,74540,74,auvergne-rhone-alpes
10060271678,45.816571,6.023934,distributeur_sacs,Alby-sur-Chéran,alby-sur-cheran,74002,74540,74,auvergne-rhone-alpes
10197412043,45.817978,6.021567,distributeur_sacs,Alby-sur-Chéran,alby-sur-cheran,74002,74540,74,auvergne-rhone-alpes
9904173652,45.819562,6.02236,distributeur_sacs,Alby-sur-Chéran,alby-sur-cheran,74002,74540,74,auvergne-rhone-alpes
10060251152,45.818597,6.02222,distributeur_sacs,Alby-sur-Chéran,alby-sur-cheran,74002,74540,74,auvergne-rhone-alpes
9967134946,45.820731,6.023368,distributeur_sacs,Alby-sur-Chéran,alby-sur-cheran,74002,74540,74,auvergne-rhone-alpes
9969280072,45.82136,6.023304,distributeur_sacs,Alby-sur-Chéran,alby-sur-cheran,74002,74540,74,auvergne-rhone-alpes
9968458718,45.818779,6.019456,distributeur_sacs,Alby-sur-Chéran,alby-sur-cheran,74002,74540,74,auvergne-rhone-alpes
9351137471,46.336605,6.464668,distributeur_sacs,Allinges,allinges,74005,74200,74,auvergne-rhone-alpes
9351137470,46.336616,6.464664,poubelle_dejections,Allinges,allinges,74005,74200,74,auvergne-rhone-alpes
11665589779,46.069508,6.334986,poubelle_dejections,Amancy,amancy,74007,74800,74,auvergne-rhone-alpes
10671384597,46.19378,6.216308,distributeur_sacs,Ambilly,ambilly,74008,74100,74,auvergne-rhone-alpes
6570644777,46.194174,6.228202,distributeur_sacs,Ambilly,ambilly,74008,74100,74,auvergne-rhone-alpes
10602640716,46.189621,6.220559,distributeur_sacs,Ambilly,ambilly,74008,74100,74,auvergne-rhone-alpes
10597046718,46.192237,6.222125,distributeur_sacs,Ambilly,ambilly,74008,74100,74,auvergne-rhone-alpes
10597046708,46.193464,6.223059,distributeur_sacs,Ambilly,ambilly,74008,74100,74,auvergne-rhone-alpes
12413862953,46.19319,6.224385,distributeur_sacs,Ambilly,ambilly,74008,74100,74,auvergne-rhone-alpes
12413862952,46.193191,6.224392,poubelle_dejections,Ambilly,ambilly,74008,74100,74,auvergne-rhone-alpes
10597046725,46.193208,6.226234,distributeur_sacs,Ambilly,ambilly,74008,74100,74,auvergne-rhone-alpes
9382305657,46.19475,6.226164,distributeur_sacs,Ambilly,ambilly,74008,74100,74,auvergne-rhone-alpes
10599724850,46.195707,6.223682,distributeur_sacs,Ambilly,ambilly,74008,74100,74,auvergne-rhone-alpes
9623843488,46.196195,6.223629,distributeur_sacs,Ambilly,ambilly,74008,74100,74,auvergne-rhone-alpes
10684049352,46.198453,6.221917,distributeur_sacs,Ambilly,ambilly,74008,74100,74,auvergne-rhone-alpes
6681245689,46.197559,6.22284,distributeur_sacs,Ambilly,ambilly,74008,74100,74,auvergne-rhone-alpes
10599724843,46.195712,6.221893,distributeur_sacs,Ambilly,ambilly,74008,74100,74,auvergne-rhone-alpes
10683766493,46.196679,6.218548,distributeur_sacs,Ambilly,ambilly,74008,74100,74,auvergne-rhone-alpes
10683766474,46.198432,6.220493,distributeur_sacs,Ambilly,ambilly,74008,74100,74,auvergne-rhone-alpes
10683766468,46.198836,6.222217,distributeur_sacs,Ambilly,ambilly,74008,74100,74,auvergne-rhone-alpes
8863691586,46.199089,6.222443,distributeur_sacs,Ambilly,ambilly,74008,74100,74,auvergne-rhone-alpes
8863691578,46.201004,6.224654,distributeur_sacs,Ambilly,ambilly,74008,74100,74,auvergne-rhone-alpes
10049617198,46.201875,6.227368,distributeur_sacs,Ambilly,ambilly,74008,74100,74,auvergne-rhone-alpes
10684066590,46.202679,6.229911,distributeur_sacs,Ambilly,ambilly,74008,74100,74,auvergne-rhone-alpes
13238835942,45.916774,6.139743,distributeur_sacs,Annecy,annecy,74010,74000,74,auvergne-rhone-alpes
9085090041,45.910746,6.140065,distributeur_sacs,Annecy,annecy,74010,74000,74,auvergne-rhone-alpes
12566011884,45.917058,6.129736,distributeur_sacs,Annecy,annecy,74010,74000,74,auvergne-rhone-alpes
13397570678,45.915049,6.118357,distributeur_sacs,Annecy,annecy,74010,74000,74,auvergne-rhone-alpes
8994489713,45.908476,6.108741,distributeur_sacs,Annecy,annecy,74010,74000,74,auvergne-rhone-alpes
8462288465,45.906944,6.108998,distributeur_sacs,Annecy,annecy,74010,74000,74,auvergne-rhone-alpes
13114157368,45.90486,6.122397,distributeur_sacs,Annecy,annecy,74010,74000,74,auvergne-rhone-alpes
9155224710,45.906069,6.125637,distributeur_sacs,Annecy,annecy,74010,74000,74,auvergne-rhone-alpes
9646828652,45.904453,6.124394,distributeur_sacs,Annecy,annecy,74010,74000,74,auvergne-rhone-alpes
6830378723,45.900388,6.124739,distributeur_sacs,Annecy,annecy,74010,74000,74,auvergne-rhone-alpes
9587614466,45.900155,6.125195,distributeur_sacs,Annecy,annecy,74010,74000,74,auvergne-rhone-alpes
9587604865,45.89917,6.124551,distributeur_sacs,Annecy,annecy,74010,74000,74,auvergne-rhone-alpes
6005250500,45.899129,6.123169,distributeur_sacs,Annecy,annecy,74010,74000,74,auvergne-rhone-alpes
6945018810,45.898495,6.1203,distributeur_sacs,Annecy,annecy,74010,74000,74,auvergne-rhone-alpes
12898600341,45.89849,6.120303,poubelle_dejections,Annecy,annecy,74010,74000,74,auvergne-rhone-alpes
13229756198,45.898994,6.112426,distributeur_sacs,Annecy,annecy,74010,74000,74,auvergne-rhone-alpes
13056300781,45.898652,6.113781,distributeur_sacs,Annecy,annecy,74010,74000,74,auvergne-rhone-alpes
13056316086,45.898268,6.115311,distributeur_sacs,Annecy,annecy,74010,74000,74,auvergne-rhone-alpes
6005250994,45.895337,6.117901,distributeur_sacs,Annecy,annecy,74010,74000,74,auvergne-rhone-alpes
5064066805,45.897533,6.1182,poubelle_dejections,Annecy,annecy,74010,74000,74,auvergne-rhone-alpes
12722586348,45.897973,6.125175,distributeur_sacs,Annecy,annecy,74010,74000,74,auvergne-rhone-alpes
13474007242,45.896231,6.131922,distributeur_sacs,Annecy,annecy,74010,74000,74,auvergne-rhone-alpes
12898580989,45.897746,6.12977,poubelle_dejections,Annecy,annecy,74010,74000,74,auvergne-rhone-alpes
12468657660,45.897743,6.129776,distributeur_sacs,Annecy,annecy,74010,74000,74,auvergne-rhone-alpes
12898597563,45.896689,6.126623,poubelle_dejections,Annecy,annecy,74010,74000,74,auvergne-rhone-alpes
12898597633,45.896689,6.126623,distributeur_sacs,Annecy,annecy,74010,74000,74,auvergne-rhone-alpes
11824828539,45.898199,6.126644,distributeur_sacs,Annecy,annecy,74010,74000,74,auvergne-rhone-alpes
13114151114,45.904411,6.142379,distributeur_sacs,Annecy,annecy,74010,74000,74,auvergne-rhone-alpes
13326487648,45.888726,6.10244,distributeur_sacs,Annecy,annecy,74010,74000,74,auvergne-rhone-alpes
12872978370,45.89119,6.10714,distributeur_sacs,Annecy,annecy,74010,74000,74,auvergne-rhone-alpes
8917400840,45.904572,6.106629,distributeur_sacs,Annecy,annecy,74010,74000,74,auvergne-rhone-alpes
8383808079,45.902758,6.099794,distributeur_sacs,Annecy,annecy,74010,74000,74,auvergne-rhone-alpes
8383807255,45.90295,6.099468,distributeur_sacs,Annecy,annecy,74010,74000,74,auvergne-rhone-alpes
8350083866,45.902461,6.094704,distributeur_sacs,Annecy,annecy,74010,74000,74,auvergne-rhone-alpes
8402297628,45.905478,6.094254,distributeur_sacs,Annecy,annecy,74010,74000,74,auvergne-rhone-alpes
12426852038,45.906491,6.099276,distributeur_sacs,Annecy,annecy,74010,74000,74,auvergne-rhone-alpes
8462288225,45.907211,6.102067,distributeur_sacs,Annecy,annecy,74010,74000,74,auvergne-rhone-alpes
8462288211,45.907328,6.101789,distributeur_sacs,Annecy,annecy,74010,74000,74,auvergne-rhone-alpes
8462288278,45.907775,6.103286,distributeur_sacs,Annecy,annecy,74010,74000,74,auvergne-rhone-alpes
8917358208,45.906384,6.106335,distributeur_sacs,Annecy,annecy,74010,74000,74,auvergne-rhone-alpes
8917400855,45.905858,6.106713,distributeur_sacs,Annecy,annecy,74010,74000,74,auvergne-rhone-alpes
9008796512,45.907242,6.106036,distributeur_sacs,Annecy,annecy,74010,74000,74,auvergne-rhone-alpes
8462288417,45.906928,6.104208,distributeur_sacs,Annecy,annecy,74010,74000,74,auvergne-rhone-alpes
8462247409,45.906986,6.103582,distributeur_sacs,Annecy,annecy,74010,74000,74,auvergne-rhone-alpes
8306859054,45.913371,6.09123,distributeur_sacs,Annecy,annecy,74010,74000,74,auvergne-rhone-alpes
9008522608,45.919573,6.121293,distributeur_sacs,Annecy,annecy,74010,74000,74,auvergne-rhone-alpes
9008522775,45.91909,6.123939,distributeur_sacs,Annecy,annecy,74010,74000,74,auvergne-rhone-alpes
13376182724,45.923551,6.142206,distributeur_sacs,Annecy,annecy,74010,74000,74,auvergne-rhone-alpes
13524726743,45.918823,6.142111,distributeur_sacs,Annecy,annecy,74010,74000,74,auvergne-rhone-alpes
6634864702,46.185469,6.247103,distributeur_sacs,Annemasse,annemasse,74012,74100,74,auvergne-rhone-alpes
6634907164,46.184524,6.245197,distributeur_sacs,Annemasse,annemasse,74012,74100,74,auvergne-rhone-alpes
6637140872,46.183293,6.237762,distributeur_sacs,Annemasse,annemasse,74012,74100,74,auvergne-rhone-alpes
6638266813,46.188112,6.238319,distributeur_sacs,Annemasse,annemasse,74012,74100,74,auvergne-rhone-alpes
10594791287,46.19046,6.237603,distributeur_sacs,Annemasse,annemasse,74012,74100,74,auvergne-rhone-alpes
7778037409,46.191451,6.238761,distributeur_sacs,Annemasse,annemasse,74012,74100,74,auvergne-rhone-alpes
7778037486,46.190824,6.238127,distributeur_sacs,Annemasse,annemasse,74012,74100,74,auvergne-rhone-alpes
7643082409,46.189946,6.239892,distributeur_sacs,Annemasse,annemasse,74012,74100,74,auvergne-rhone-alpes
10723837397,46.191103,6.243085,distributeur_sacs,Annemasse,annemasse,74012,74100,74,auvergne-rhone-alpes
10745471949,46.191018,6.244472,distributeur_sacs,Annemasse,annemasse,74012,74100,74,auvergne-rhone-alpes
6637586768,46.188342,6.243365,distributeur_sacs,Annemasse,annemasse,74012,74100,74,auvergne-rhone-alpes
10737783329,46.187532,6.243273,distributeur_sacs,Annemasse,annemasse,74012,74100,74,auvergne-rhone-alpes
6624998087,46.186247,6.248294,distributeur_sacs,Annemasse,annemasse,74012,74100,74,auvergne-rhone-alpes
6629252726,46.191775,6.253007,distributeur_sacs,Annemasse,annemasse,74012,74100,74,auvergne-rhone-alpes
9414039507,46.1935,6.24724,distributeur_sacs,Annemasse,annemasse,74012,74100,74,auvergne-rhone-alpes
9261504240,46.197719,6.243892,distributeur_sacs,Annemasse,annemasse,74012,74100,74,auvergne-rhone-alpes
7188547289,46.195368,6.243818,distributeur_sacs,Annemasse,annemasse,74012,74100,74,auvergne-rhone-alpes
10067569827,46.194309,6.245012,distributeur_sacs,Annemasse,annemasse,74012,74100,74,auvergne-rhone-alpes
6633209799,46.192661,6.24437,distributeur_sacs,Annemasse,annemasse,74012,74100,74,auvergne-rhone-alpes
10633812304,46.193039,6.243949,distributeur_sacs,Annemasse,annemasse,74012,74100,74,auvergne-rhone-alpes
10707622671,46.192391,6.241276,distributeur_sacs,Annemasse,annemasse,74012,74100,74,auvergne-rhone-alpes
7188547288,46.194498,6.23701,distributeur_sacs,Annemasse,annemasse,74012,74100,74,auvergne-rhone-alpes
7029532320,46.19688,6.237751,poubelle_dejections,Annemasse,annemasse,74012,74100,74,auvergne-rhone-alpes
3388098405,46.195349,6.238798,distributeur_sacs,Annemasse,annemasse,74012,74100,74,auvergne-rhone-alpes
7294873589,46.196085,6.23954,distributeur_sacs,Annemasse,annemasse,74012,74100,74,auvergne-rhone-alpes
7294873588,46.195504,6.24112,distributeur_sacs,Annemasse,annemasse,74012,74100,74,auvergne-rhone-alpes
10599724815,46.196897,6.240266,distributeur_sacs,Annemasse,annemasse,74012,74100,74,auvergne-rhone-alpes
7015250764,46.197071,6.235414,distributeur_sacs,Annemasse,annemasse,74012,74100,74,auvergne-rhone-alpes
6639931994,46.196159,6.234933,poubelle_dejections,Annemasse,annemasse,74012,74100,74,auvergne-rhone-alpes
6644542718,46.195289,6.232082,poubelle_dejections,Annemasse,annemasse,74012,74100,74,auvergne-rhone-alpes
6638570552,46.192581,6.231844,poubelle_dejections,Annemasse,annemasse,74012,74100,74,auvergne-rhone-alpes
5318189267,46.194722,6.233982,poubelle_dejections,Annemasse,annemasse,74012,74100,74,auvergne-rhone-alpes
7682988712,46.193946,6.233295,poubelle_dejections,Annemasse,annemasse,74012,74100,74,auvergne-rhone-alpes
10584744763,46.194837,6.235849,poubelle_dejections,Annemasse,annemasse,74012,74100,74,auvergne-rhone-alpes
3312451782,46.193353,6.234545,distributeur_sacs,Annemasse,annemasse,74012,74100,74,auvergne-rhone-alpes
11055623856,46.191343,6.233099,poubelle_dejections,Annemasse,annemasse,74012,74100,74,auvergne-rhone-alpes
8048559358,46.190372,6.233057,distributeur_sacs,Annemasse,annemasse,74012,74100,74,auvergne-rhone-alpes
6638239379,46.189548,6.235148,distributeur_sacs,Annemasse,annemasse,74012,74100,74,auvergne-rhone-alpes
11053572504,46.186021,6.2341,distributeur_sacs,Annemasse,annemasse,74012,74100,74,auvergne-rhone-alpes
9165859876,46.191247,6.231079,distributeur_sacs,Annemasse,annemasse,74012,74100,74,auvergne-rhone-alpes
7020378422,46.198616,6.237981,poubelle_dejections,Annemasse,annemasse,74012,74100,74,auvergne-rhone-alpes
12239666447,46.351252,6.404579,distributeur_sacs,Anthy-sur-Léman,anthy-sur-leman,74013,74200,74,auvergne-rhone-alpes
8137130153,46.351601,6.409232,distributeur_sacs,Anthy-sur-Léman,anthy-sur-leman,74013,74200,74,auvergne-rhone-alpes
828261203,46.355545,6.418079,poubelle_dejections,Anthy-sur-Léman,anthy-sur-leman,74013,74200,74,auvergne-rhone-alpes
12239773562,46.359595,6.416494,distributeur_sacs,Anthy-sur-Léman,anthy-sur-leman,74013,74200,74,auvergne-rhone-alpes
11990938834,46.359433,6.426614,distributeur_sacs,Anthy-sur-Léman,anthy-sur-leman,74013,74200,74,auvergne-rhone-alpes
11997959440,46.355896,6.425474,distributeur_sacs,Anthy-sur-Léman,anthy-sur-leman,74013,74200,74,auvergne-rhone-alpes
11997959439,46.356545,6.425491,distributeur_sacs,Anthy-sur-Léman,anthy-sur-leman,74013,74200,74,auvergne-rhone-alpes
9820929533,46.356456,6.426754,distributeur_sacs,Anthy-sur-Léman,anthy-sur-leman,74013,74200,74,auvergne-rhone-alpes
13089193193,46.026374,6.63848,distributeur_sacs,Arâches-la-Frasse,araches-la-frasse,74014,74300,74,auvergne-rhone-alpes
12199061701,46.042587,6.632607,distributeur_sacs,Arâches-la-Frasse,araches-la-frasse,74014,74300,74,auvergne-rhone-alpes
9064695388,45.944009,6.157015,distributeur_sacs,Argonay,argonay,74019,74370,74,auvergne-rhone-alpes
12741044093,45.9655,6.03594,poubelle_dejections,La Balme-de-Sillingy,la-balme-de-sillingy,74026,74330,74,auvergne-rhone-alpes
12086523164,46.094343,6.101533,distributeur_sacs,Beaumont,beaumont,74031,74160,74,auvergne-rhone-alpes
11542670821,46.167806,6.322857,poubelle_dejections,Bonne,bonne,74040,74380,74,auvergne-rhone-alpes
8261371883,46.263675,6.367913,poubelle_dejections,Bons-en-Chablais,bons-en-chablais,74043,74890,74,auvergne-rhone-alpes
8309010762,46.263662,6.36791,distributeur_sacs,Bons-en-Chablais,bons-en-chablais,74043,74890,74,auvergne-rhone-alpes
13422062184,45.777982,5.995539,distributeur_sacs,Chainaz-les-Frasses,chainaz-les-frasses,74054,74540,74,auvergne-rhone-alpes
9603670530,45.980871,6.925968,distributeur_sacs,Chamonix-Mont-Blanc,chamonix-mont-blanc,74056,74400,74,auvergne-rhone-alpes
9601773761,45.981439,6.925491,distributeur_sacs,Chamonix-Mont-Blanc,chamonix-mont-blanc,74056,74400,74,auvergne-rhone-alpes
9603666277,45.980544,6.92579,distributeur_sacs,Chamonix-Mont-Blanc,chamonix-mont-blanc,74056,74400,74,auvergne-rhone-alpes
10009135958,45.800514,6.724125,distributeur_sacs,Les Contamines-Montjoie,les-contamines-montjoie,74085,74170,74,auvergne-rhone-alpes
13014043148,46.127516,6.338851,poubelle_dejections,Contamine-sur-Arve,contamine-sur-arve,74087,74130,74,auvergne-rhone-alpes
10753319877,46.185585,6.282122,poubelle_dejections,Cranves-Sales,cranves-sales,74094,74380,74,auvergne-rhone-alpes
12030655943,46.027446,6.1062,poubelle_dejections,Cruseilles,cruseilles,74096,74350,74,auvergne-rhone-alpes
10274117397,46.303338,6.293986,poubelle_dejections,Douvaine,douvaine,74105,74140,74,auvergne-rhone-alpes
10278009483,46.306205,6.299507,poubelle_dejections,Douvaine,douvaine,74105,74140,74,auvergne-rhone-alpes
10295128459,46.308779,6.298918,poubelle_dejections,Douvaine,douvaine,74105,74140,74,auvergne-rhone-alpes
13202615333,46.308377,6.302922,poubelle_dejections,Douvaine,douvaine,74105,74140,74,auvergne-rhone-alpes
11329683679,46.306487,6.3037,poubelle_dejections,Douvaine,douvaine,74105,74140,74,auvergne-rhone-alpes
9163274004,46.305341,6.302417,distributeur_sacs,Douvaine,douvaine,74105,74140,74,auvergne-rhone-alpes
9163274023,46.304311,6.303479,distributeur_sacs,Douvaine,douvaine,74105,74140,74,auvergne-rhone-alpes
11414416537,46.301428,6.314396,poubelle_dejections,Douvaine,douvaine,74105,74140,74,auvergne-rhone-alpes
11414416533,46.300982,6.314954,poubelle_dejections,Douvaine,douvaine,74105,74140,74,auvergne-rhone-alpes
8321526036,45.936769,6.092479,distributeur_sacs,Epagny Metz-Tessy,epagny-metz-tessy,74112,74330,74,auvergne-rhone-alpes
8321780611,45.936165,6.09366,distributeur_sacs,Epagny Metz-Tessy,epagny-metz-tessy,74112,74330,74,auvergne-rhone-alpes
9651611645,45.938425,6.104303,distributeur_sacs,Epagny Metz-Tessy,epagny-metz-tessy,74112,74330,74,auvergne-rhone-alpes
9033056152,45.938692,6.106109,distributeur_sacs,Epagny Metz-Tessy,epagny-metz-tessy,74112,74330,74,auvergne-rhone-alpes
9041425730,45.941236,6.10682,distributeur_sacs,Epagny Metz-Tessy,epagny-metz-tessy,74112,74330,74,auvergne-rhone-alpes
8910089479,45.937482,6.093314,distributeur_sacs,Epagny Metz-Tessy,epagny-metz-tessy,74112,74330,74,auvergne-rhone-alpes
8910096789,45.938173,6.090317,distributeur_sacs,Epagny Metz-Tessy,epagny-metz-tessy,74112,74330,74,auvergne-rhone-alpes
8917400569,45.932549,6.110233,distributeur_sacs,Epagny Metz-Tessy,epagny-metz-tessy,74112,74330,74,auvergne-rhone-alpes
10793998525,46.165208,6.190288,distributeur_sacs,Étrembières,etrembieres,74118,74100,74,auvergne-rhone-alpes
10793998527,46.165043,6.19045,distributeur_sacs,Étrembières,etrembieres,74118,74100,74,auvergne-rhone-alpes
8660430733,46.17601,6.224301,distributeur_sacs,Étrembières,etrembieres,74118,74100,74,auvergne-rhone-alpes
8643635564,46.17613,6.223042,distributeur_sacs,Étrembières,etrembieres,74118,74100,74,auvergne-rhone-alpes
8651101873,46.176593,6.224199,distributeur_sacs,Étrembières,etrembieres,74118,74100,74,auvergne-rhone-alpes
6654711332,46.178293,6.223758,distributeur_sacs,Étrembières,etrembieres,74118,74100,74,auvergne-rhone-alpes
8656763745,46.179772,6.228303,distributeur_sacs,Étrembières,etrembieres,74118,74100,74,auvergne-rhone-alpes
8117337395,46.399533,6.582905,distributeur_sacs,Évian-les-Bains,evian-les-bains,74119,74500,74,auvergne-rhone-alpes
8117337352,46.399324,6.581991,distributeur_sacs,Évian-les-Bains,evian-les-bains,74119,74500,74,auvergne-rhone-alpes
8117337312,46.399769,6.582662,distributeur_sacs,Évian-les-Bains,evian-les-bains,74119,74500,74,auvergne-rhone-alpes
8115150064,46.398691,6.576706,distributeur_sacs,Évian-les-Bains,evian-les-bains,74119,74500,74,auvergne-rhone-alpes
12431638469,46.398528,6.574535,poubelle_dejections,Évian-les-Bains,evian-les-bains,74119,74500,74,auvergne-rhone-alpes
7600753416,46.400347,6.593837,distributeur_sacs,Évian-les-Bains,evian-les-bains,74119,74500,74,auvergne-rhone-alpes
10604885526,46.350147,6.357959,distributeur_sacs,Excenevex,excenevex,74121,74140,74,auvergne-rhone-alpes
9921434341,45.748495,6.293769,distributeur_sacs,Faverges-Seythenex,faverges-seythenex,74123,74210,74,auvergne-rhone-alpes
9932838190,45.747234,6.29559,distributeur_sacs,Faverges-Seythenex,faverges-seythenex,74123,74210,74,auvergne-rhone-alpes
9934129232,45.747262,6.294139,distributeur_sacs,Faverges-Seythenex,faverges-seythenex,74123,74210,74,auvergne-rhone-alpes
9934129231,45.747326,6.29324,distributeur_sacs,Faverges-Seythenex,faverges-seythenex,74123,74210,74,auvergne-rhone-alpes
9921434573,45.747802,6.293189,distributeur_sacs,Faverges-Seythenex,faverges-seythenex,74123,74210,74,auvergne-rhone-alpes
8463535859,45.745089,6.294722,distributeur_sacs,Faverges-Seythenex,faverges-seythenex,74123,74210,74,auvergne-rhone-alpes
9932828084,45.745531,6.295672,distributeur_sacs,Faverges-Seythenex,faverges-seythenex,74123,74210,74,auvergne-rhone-alpes
9934129097,45.745087,6.296,distributeur_sacs,Faverges-Seythenex,faverges-seythenex,74123,74210,74,auvergne-rhone-alpes
9932838115,45.746531,6.297122,distributeur_sacs,Faverges-Seythenex,faverges-seythenex,74123,74210,74,auvergne-rhone-alpes
9933557079,45.74765,6.297695,distributeur_sacs,Faverges-Seythenex,faverges-seythenex,74123,74210,74,auvergne-rhone-alpes
9953593566,45.742652,6.292882,distributeur_sacs,Faverges-Seythenex,faverges-seythenex,74123,74210,74,auvergne-rhone-alpes
9921296349,45.746272,6.290295,distributeur_sacs,Faverges-Seythenex,faverges-seythenex,74123,74210,74,auvergne-rhone-alpes
11074179092,46.185967,6.207497,poubelle_dejections,Gaillard,gaillard,74133,74240,74,auvergne-rhone-alpes
7062965077,46.188245,6.20929,poubelle_dejections,Gaillard,gaillard,74133,74240,74,auvergne-rhone-alpes
12301522780,46.178343,6.673115,distributeur_sacs,Les Gets,les-gets,74134,74260,74,auvergne-rhone-alpes
12128305710,46.160565,6.669352,distributeur_sacs,Les Gets,les-gets,74134,74260,74,auvergne-rhone-alpes
12139824618,46.160657,6.669643,distributeur_sacs,Les Gets,les-gets,74134,74260,74,auvergne-rhone-alpes
9554047229,45.781801,6.203271,distributeur_sacs,Lathuile,lathuile,74147,74210,74,auvergne-rhone-alpes
8441435582,46.252834,6.328269,distributeur_sacs,Machilly,machilly,74158,74140,74,auvergne-rhone-alpes
8260170128,46.328574,6.418484,distributeur_sacs,Margencel,margencel,74163,74200,74,auvergne-rhone-alpes
11108445653,46.3391,6.42398,distributeur_sacs,Margencel,margencel,74163,74200,74,auvergne-rhone-alpes
11108445651,46.343575,6.433724,distributeur_sacs,Margencel,margencel,74163,74200,74,auvergne-rhone-alpes
11883190789,46.088788,6.506005,poubelle_dejections,Marignier,marignier,74164,74970,74,auvergne-rhone-alpes
12522650397,46.399137,6.634008,poubelle_dejections,Maxilly-sur-Léman,maxilly-sur-leman,74172,74500,74,auvergne-rhone-alpes
8949671900,45.863057,6.185898,distributeur_sacs,Menthon-Saint-Bernard,menthon-saint-bernard,74176,74290,74,auvergne-rhone-alpes
9562204393,45.858572,6.19674,distributeur_sacs,Menthon-Saint-Bernard,menthon-saint-bernard,74176,74290,74,auvergne-rhone-alpes
11313863719,46.350527,6.293317,poubelle_dejections,Messery,messery,74180,74140,74,auvergne-rhone-alpes
8176212443,46.354453,6.317383,poubelle_dejections,Messery,messery,74180,74140,74,auvergne-rhone-alpes
10114065953,46.196348,6.694807,distributeur_sacs,Montriond,montriond,74188,74110,74,auvergne-rhone-alpes
12218945272,46.183763,6.70407,distributeur_sacs,Morzine,morzine,74191,74110,74,auvergne-rhone-alpes
12290315276,46.189821,6.69655,distributeur_sacs,Morzine,morzine,74191,74110,74,auvergne-rhone-alpes
12710036166,45.805056,6.037082,distributeur_sacs,Mûres,mures,74194,74540,74,auvergne-rhone-alpes
12541246231,46.396507,6.599184,poubelle_dejections,Neuvecelle,neuvecelle,74200,74500,74,auvergne-rhone-alpes
12791595958,46.393958,6.60305,poubelle_dejections,Neuvecelle,neuvecelle,74200,74500,74,auvergne-rhone-alpes
12791595841,46.393585,6.602837,poubelle_dejections,Neuvecelle,neuvecelle,74200,74500,74,auvergne-rhone-alpes
12791595873,46.393567,6.602042,poubelle_dejections,Neuvecelle,neuvecelle,74200,74500,74,auvergne-rhone-alpes
12427912606,46.311513,6.492532,distributeur_sacs,Orcier,orcier,74206,74550,74,auvergne-rhone-alpes
12743113167,46.313163,6.490998,distributeur_sacs,Orcier,orcier,74206,74550,74,auvergne-rhone-alpes
12778941674,45.922,6.714548,poubelle_dejections,Passy,passy,74208,74190,74,auvergne-rhone-alpes
12778935302,45.926093,6.718615,poubelle_dejections,Passy,passy,74208,74190,74,auvergne-rhone-alpes
12778899770,45.924494,6.717016,poubelle_dejections,Passy,passy,74208,74190,74,auvergne-rhone-alpes
13526721552,45.906593,6.074823,distributeur_sacs,Poisy,poisy,74213,74330,74,auvergne-rhone-alpes
13526694098,45.916535,6.067973,distributeur_sacs,Poisy,poisy,74213,74330,74,auvergne-rhone-alpes
10596697429,45.834366,6.568748,distributeur_sacs,Praz-sur-Arly,praz-sur-arly,74215,74120,74,auvergne-rhone-alpes
10596714025,45.835754,6.567174,distributeur_sacs,Praz-sur-Arly,praz-sur-arly,74215,74120,74,auvergne-rhone-alpes
10576801268,46.392319,6.537679,poubelle_dejections,Publier,publier,74218,74500,74,auvergne-rhone-alpes
12425680276,46.39453,6.545583,poubelle_dejections,Publier,publier,74218,74500,74,auvergne-rhone-alpes
10922417452,46.400697,6.527638,distributeur_sacs,Publier,publier,74218,74500,74,auvergne-rhone-alpes
10572320878,46.39868,6.529938,poubelle_dejections,Publier,publier,74218,74500,74,auvergne-rhone-alpes
10570908137,46.3954,6.530553,poubelle_dejections,Publier,publier,74218,74500,74,auvergne-rhone-alpes
10922417500,46.401285,6.521006,distributeur_sacs,Publier,publier,74218,74500,74,auvergne-rhone-alpes
10922417488,46.403435,6.522105,distributeur_sacs,Publier,publier,74218,74500,74,auvergne-rhone-alpes
10922417475,46.402026,6.525257,distributeur_sacs,Publier,publier,74218,74500,74,auvergne-rhone-alpes
8057273760,46.221873,6.311684,poubelle_dejections,Saint-Cergues,saint-cergues,74229,74140,74,auvergne-rhone-alpes
8057273763,46.222101,6.311758,poubelle_dejections,Saint-Cergues,saint-cergues,74229,74140,74,auvergne-rhone-alpes
8057273762,46.222256,6.311986,poubelle_dejections,Saint-Cergues,saint-cergues,74229,74140,74,auvergne-rhone-alpes
8057273765,46.221919,6.311432,poubelle_dejections,Saint-Cergues,saint-cergues,74229,74140,74,auvergne-rhone-alpes
12376671229,45.799763,5.970631,distributeur_sacs,Saint-Félix,saint-felix,74233,74540,74,auvergne-rhone-alpes
9998733957,45.83298,6.164955,distributeur_sacs,Saint-Jorioz,saint-jorioz,74242,74410,74,auvergne-rhone-alpes
13519617771,45.833975,6.162012,distributeur_sacs,Saint-Jorioz,saint-jorioz,74242,74410,74,auvergne-rhone-alpes
13068340022,45.934436,6.632826,distributeur_sacs,Sallanches,sallanches,74256,74700,74,auvergne-rhone-alpes
13068305727,45.934546,6.633624,distributeur_sacs,Sallanches,sallanches,74256,74700,74,auvergne-rhone-alpes
12299203675,45.934057,6.633692,distributeur_sacs,Sallanches,sallanches,74256,74700,74,auvergne-rhone-alpes
12296141239,45.934893,6.635073,distributeur_sacs,Sallanches,sallanches,74256,74700,74,auvergne-rhone-alpes
13410579503,45.936463,6.635844,distributeur_sacs,Sallanches,sallanches,74256,74700,74,auvergne-rhone-alpes
13065606373,45.936503,6.631256,distributeur_sacs,Sallanches,sallanches,74256,74700,74,auvergne-rhone-alpes
13408334505,45.935096,6.631965,distributeur_sacs,Sallanches,sallanches,74256,74700,74,auvergne-rhone-alpes
13068418001,45.933703,6.63203,distributeur_sacs,Sallanches,sallanches,74256,74700,74,auvergne-rhone-alpes
13065561735,45.936881,6.630915,distributeur_sacs,Sallanches,sallanches,74256,74700,74,auvergne-rhone-alpes
10757212850,46.084122,6.724061,distributeur_sacs,Samoëns,samoens,74258,74340,74,auvergne-rhone-alpes
10757212856,46.083515,6.727184,distributeur_sacs,Samoëns,samoens,74258,74340,74,auvergne-rhone-alpes
10757212852,46.083629,6.726794,distributeur_sacs,Samoëns,samoens,74258,74340,74,auvergne-rhone-alpes
10756220035,46.082714,6.725825,distributeur_sacs,Samoëns,samoens,74258,74340,74,auvergne-rhone-alpes
10756220028,46.083608,6.7252,distributeur_sacs,Samoëns,samoens,74258,74340,74,auvergne-rhone-alpes
9738411992,46.077272,6.718672,distributeur_sacs,Samoëns,samoens,74258,74340,74,auvergne-rhone-alpes
10779293825,46.328915,6.377418,poubelle_dejections,Sciez,sciez,74263,74140,74,auvergne-rhone-alpes
8238297030,46.331002,6.375384,poubelle_dejections,Sciez,sciez,74263,74140,74,auvergne-rhone-alpes
8273341299,46.332681,6.38103,poubelle_dejections,Sciez,sciez,74263,74140,74,auvergne-rhone-alpes
8150982786,46.333589,6.388927,distributeur_sacs,Sciez,sciez,74263,74140,74,auvergne-rhone-alpes
12734508454,45.868062,6.143498,distributeur_sacs,Sevrier,sevrier,74267,74320,74,auvergne-rhone-alpes
9550529475,45.837794,6.215553,distributeur_sacs,Talloires-Montmin,talloires-montmin,74275,74290,74,auvergne-rhone-alpes
9550546521,45.839355,6.21338,distributeur_sacs,Talloires-Montmin,talloires-montmin,74275,74290,74,auvergne-rhone-alpes
9562204395,45.840534,6.210981,distributeur_sacs,Talloires-Montmin,talloires-montmin,74275,74290,74,auvergne-rhone-alpes
9562964105,45.840442,6.210989,distributeur_sacs,Talloires-Montmin,talloires-montmin,74275,74290,74,auvergne-rhone-alpes
12684236858,45.8494,6.210509,distributeur_sacs,Talloires-Montmin,talloires-montmin,74275,74290,74,auvergne-rhone-alpes
9323360113,45.829363,6.22076,distributeur_sacs,Talloires-Montmin,talloires-montmin,74275,74290,74,auvergne-rhone-alpes
9575556491,45.825498,6.225046,distributeur_sacs,Talloires-Montmin,talloires-montmin,74275,74290,74,auvergne-rhone-alpes
9323403617,45.82515,6.223492,distributeur_sacs,Talloires-Montmin,talloires-montmin,74275,74290,74,auvergne-rhone-alpes
9547159424,45.825783,6.21915,distributeur_sacs,Talloires-Montmin,talloires-montmin,74275,74290,74,auvergne-rhone-alpes
13391252263,45.882037,6.321106,distributeur_sacs,Thônes,thones,74280,74230,74,auvergne-rhone-alpes
4461667570,45.881672,6.325756,distributeur_sacs,Thônes,thones,74280,74230,74,auvergne-rhone-alpes
13390639898,45.882622,6.323829,distributeur_sacs,Thônes,thones,74280,74230,74,auvergne-rhone-alpes
11309199585,46.361387,6.486133,poubelle_dejections,Thonon-les-Bains,thonon-les-bains,74281,74200,74,auvergne-rhone-alpes
8065524808,46.369519,6.496266,poubelle_dejections,Thonon-les-Bains,thonon-les-bains,74281,74200,74,auvergne-rhone-alpes
8063477497,46.373019,6.496911,poubelle_dejections,Thonon-les-Bains,thonon-les-bains,74281,74200,74,auvergne-rhone-alpes
8227256781,46.370832,6.49129,poubelle_dejections,Thonon-les-Bains,thonon-les-bains,74281,74200,74,auvergne-rhone-alpes
9319523640,46.369699,6.482215,poubelle_dejections,Thonon-les-Bains,thonon-les-bains,74281,74200,74,auvergne-rhone-alpes
8089611162,46.3698,6.481045,distributeur_sacs,Thonon-les-Bains,thonon-les-bains,74281,74200,74,auvergne-rhone-alpes
8227256784,46.367261,6.482811,poubelle_dejections,Thonon-les-Bains,thonon-les-bains,74281,74200,74,auvergne-rhone-alpes
8404526192,46.367101,6.480053,poubelle_dejections,Thonon-les-Bains,thonon-les-bains,74281,74200,74,auvergne-rhone-alpes
10298104299,46.369342,6.478891,poubelle_dejections,Thonon-les-Bains,thonon-les-bains,74281,74200,74,auvergne-rhone-alpes
10298104301,46.368932,6.479912,distributeur_sacs,Thonon-les-Bains,thonon-les-bains,74281,74200,74,auvergne-rhone-alpes
8090508294,46.369869,6.480219,poubelle_dejections,Thonon-les-Bains,thonon-les-bains,74281,74200,74,auvergne-rhone-alpes
9601923047,46.369822,6.478685,poubelle_dejections,Thonon-les-Bains,thonon-les-bains,74281,74200,74,auvergne-rhone-alpes
8084555473,46.373164,6.480403,distributeur_sacs,Thonon-les-Bains,thonon-les-bains,74281,74200,74,auvergne-rhone-alpes
8089611200,46.370758,6.481864,poubelle_dejections,Thonon-les-Bains,thonon-les-bains,74281,74200,74,auvergne-rhone-alpes
8065496436,46.370685,6.485041,poubelle_dejections,Thonon-les-Bains,thonon-les-bains,74281,74200,74,auvergne-rhone-alpes
8065496425,46.370592,6.484451,distributeur_sacs,Thonon-les-Bains,thonon-les-bains,74281,74200,74,auvergne-rhone-alpes
8084698241,46.372552,6.481672,distributeur_sacs,Thonon-les-Bains,thonon-les-bains,74281,74200,74,auvergne-rhone-alpes
10776523652,46.37526,6.482147,poubelle_dejections,Thonon-les-Bains,thonon-les-bains,74281,74200,74,auvergne-rhone-alpes
9633469085,46.373929,6.479454,poubelle_dejections,Thonon-les-Bains,thonon-les-bains,74281,74200,74,auvergne-rhone-alpes
9633461469,46.373395,6.47825,poubelle_dejections,Thonon-les-Bains,thonon-les-bains,74281,74200,74,auvergne-rhone-alpes
10315018082,46.373587,6.478025,poubelle_dejections,Thonon-les-Bains,thonon-les-bains,74281,74200,74,auvergne-rhone-alpes
10314921568,46.373512,6.477878,poubelle_dejections,Thonon-les-Bains,thonon-les-bains,74281,74200,74,auvergne-rhone-alpes
8078454697,46.376589,6.489082,poubelle_dejections,Thonon-les-Bains,thonon-les-bains,74281,74200,74,auvergne-rhone-alpes
8078454698,46.377241,6.489796,poubelle_dejections,Thonon-les-Bains,thonon-les-bains,74281,74200,74,auvergne-rhone-alpes
12609755163,46.376667,6.491796,poubelle_dejections,Thonon-les-Bains,thonon-les-bains,74281,74200,74,auvergne-rhone-alpes
12329089662,46.387599,6.485691,poubelle_dejections,Thonon-les-Bains,thonon-les-bains,74281,74200,74,auvergne-rhone-alpes
12615608464,46.388567,6.494454,poubelle_dejections,Thonon-les-Bains,thonon-les-bains,74281,74200,74,auvergne-rhone-alpes
8100822904,46.358709,6.451468,poubelle_dejections,Thonon-les-Bains,thonon-les-bains,74281,74200,74,auvergne-rhone-alpes
7980731698,46.358008,6.452855,poubelle_dejections,Thonon-les-Bains,thonon-les-bains,74281,74200,74,auvergne-rhone-alpes
8100822895,46.365944,6.455524,poubelle_dejections,Thonon-les-Bains,thonon-les-bains,74281,74200,74,auvergne-rhone-alpes
12154183023,46.364084,6.462208,poubelle_dejections,Thonon-les-Bains,thonon-les-bains,74281,74200,74,auvergne-rhone-alpes
7593634242,46.371472,6.472344,poubelle_dejections,Thonon-les-Bains,thonon-les-bains,74281,74200,74,auvergne-rhone-alpes
7593267931,46.369486,6.475027,poubelle_dejections,Thonon-les-Bains,thonon-les-bains,74281,74200,74,auvergne-rhone-alpes
7593267957,46.368997,6.473188,poubelle_dejections,Thonon-les-Bains,thonon-les-bains,74281,74200,74,auvergne-rhone-alpes
8100822875,46.369743,6.467165,poubelle_dejections,Thonon-les-Bains,thonon-les-bains,74281,74200,74,auvergne-rhone-alpes
8093600248,46.367625,6.470946,poubelle_dejections,Thonon-les-Bains,thonon-les-bains,74281,74200,74,auvergne-rhone-alpes
8093600245,46.36671,6.469465,poubelle_dejections,Thonon-les-Bains,thonon-les-bains,74281,74200,74,auvergne-rhone-alpes
11698483040,46.36617,6.472296,poubelle_dejections,Thonon-les-Bains,thonon-les-bains,74281,74200,74,auvergne-rhone-alpes
8071814711,46.358149,6.473348,poubelle_dejections,Thonon-les-Bains,thonon-les-bains,74281,74200,74,auvergne-rhone-alpes
8096608834,46.362854,6.461024,distributeur_sacs,Thonon-les-Bains,thonon-les-bains,74281,74200,74,auvergne-rhone-alpes
8096608826,46.361956,6.459601,poubelle_dejections,Thonon-les-Bains,thonon-les-bains,74281,74200,74,auvergne-rhone-alpes
11081818056,46.136761,6.426415,distributeur_sacs,La Tour,la-tour,74284,74250,74,auvergne-rhone-alpes
1813005011,46.136012,6.428229,distributeur_sacs,La Tour,la-tour,74284,74250,74,auvergne-rhone-alpes
11595087983,46.106896,5.972417,poubelle_dejections,Valleiry,valleiry,74288,74520,74,auvergne-rhone-alpes
10542582427,46.256296,6.262629,poubelle_dejections,Veigy-Foncenex,veigy-foncenex,74293,74140,74,auvergne-rhone-alpes
11293430328,46.217158,6.43884,poubelle_dejections,Villard,villard,74301,74420,74,auvergne-rhone-alpes
11472788972,46.215259,6.437839,poubelle_dejections,Villard,villard,74301,74420,74,auvergne-rhone-alpes
11081024717,46.141187,6.421116,distributeur_sacs,Ville-en-Sallaz,ville-en-sallaz,74304,74250,74,auvergne-rhone-alpes
11081024716,46.137761,6.420635,distributeur_sacs,Ville-en-Sallaz,ville-en-sallaz,74304,74250,74,auvergne-rhone-alpes
11081850442,46.139327,6.420051,distributeur_sacs,Ville-en-Sallaz,ville-en-sallaz,74304,74250,74,auvergne-rhone-alpes
10652644158,46.20003,6.24061,distributeur_sacs,Ville-la-Grand,ville-la-grand,74305,74100,74,auvergne-rhone-alpes
7190863568,46.201884,6.249428,poubelle_dejections,Ville-la-Grand,ville-la-grand,74305,74100,74,auvergne-rhone-alpes
12339910015,46.145997,6.40976,poubelle_dejections,Viuz-en-Sallaz,viuz-en-sallaz,74311,74250,74,auvergne-rhone-alpes
12172605485,48.841332,2.430883,distributeur_sacs,Paris,paris,75056,00000,75,ile-de-france
11215302372,48.816797,2.348914,distributeur_sacs,Paris,paris,75056,00000,75,ile-de-france
12015119111,48.844489,2.337637,distributeur_sacs,Paris,paris,75056,00000,75,ile-de-france
10788378698,49.427013,1.128303,distributeur_sacs,Bonsecours,bonsecours,76103,76240,76,normandie
10788631744,49.426508,1.122988,distributeur_sacs,Bonsecours,bonsecours,76103,76240,76,normandie
7024575174,49.423383,1.126266,distributeur_sacs,Bonsecours,bonsecours,76103,76240,76,normandie
7039574316,49.420164,1.131968,distributeur_sacs,Bonsecours,bonsecours,76103,76240,76,normandie
7039562867,49.420733,1.130643,poubelle_dejections,Bonsecours,bonsecours,76103,76240,76,normandie
7598116941,49.469261,1.117203,distributeur_sacs,Bois-Guillaume,bois-guillaume,76108,76230,76,normandie
1937309075,49.473193,1.116678,distributeur_sacs,Bois-Guillaume,bois-guillaume,76108,76230,76,normandie
1942525631,49.47993,1.113286,distributeur_sacs,Bois-Guillaume,bois-guillaume,76108,76230,76,normandie
6724756173,49.451613,1.037427,distributeur_sacs,Canteleu,canteleu,76157,76380,76,normandie
7196012130,49.451822,1.033662,distributeur_sacs,Canteleu,canteleu,76157,76380,76,normandie
12891748192,49.507257,0.412544,distributeur_sacs,La Cerlangue,la-cerlangue,76169,76430,76,normandie
5260945444,49.444314,1.150921,distributeur_sacs,Darnétal,darnetal,76212,76160,76,normandie
7299949357,49.463785,1.048143,distributeur_sacs,Déville-lès-Rouen,deville-les-rouen,76216,76250,76,normandie
7284407937,49.472468,1.042753,distributeur_sacs,Déville-lès-Rouen,deville-les-rouen,76216,76250,76,normandie
9371142805,49.482054,0.879192,distributeur_sacs,Duclair,duclair,76222,76480,76,normandie
6492568313,49.536103,0.146251,distributeur_sacs,Fontaine-la-Mallet,fontaine-la-mallet,76270,76290,76,normandie
11066991664,49.60924,1.530757,distributeur_sacs,Forges-les-Eaux,forges-les-eaux,76276,76440,76,normandie
11054587324,49.613892,1.544378,distributeur_sacs,Forges-les-Eaux,forges-les-eaux,76276,76440,76,normandie
11054587323,49.611991,1.547266,distributeur_sacs,Forges-les-Eaux,forges-les-eaux,76276,76440,76,normandie
4554208280,49.478934,0.15655,distributeur_sacs,Le Havre,le-havre,76351,76600/76610/76620,76,normandie
11302286941,49.49811,0.142487,distributeur_sacs,Le Havre,le-havre,76351,76600/76610/76620,76,normandie
11198730669,49.4898,0.11232,distributeur_sacs,Le Havre,le-havre,76351,76600/76610/76620,76,normandie
11472878061,49.492234,0.112548,distributeur_sacs,Le Havre,le-havre,76351,76600/76610/76620,76,normandie
11695262121,49.503393,0.122171,distributeur_sacs,Le Havre,le-havre,76351,76600/76610/76620,76,normandie
8018210306,49.486917,0.102444,distributeur_sacs,Le Havre,le-havre,76351,76600/76610/76620,76,normandie
13392877142,49.493209,0.097139,distributeur_sacs,Le Havre,le-havre,76351,76600/76610/76620,76,normandie
11462352035,49.492913,0.09645,distributeur_sacs,Le Havre,le-havre,76351,76600/76610/76620,76,normandie
11967583504,49.503136,0.089067,distributeur_sacs,Le Havre,le-havre,76351,76600/76610/76620,76,normandie
13289873776,49.506128,0.100389,distributeur_sacs,Le Havre,le-havre,76351,76600/76610/76620,76,normandie
11212398609,49.470867,1.088544,distributeur_sacs,Mont-Saint-Aignan,mont-saint-aignan,76451,76130,76,normandie
13136764540,49.546477,1.06781,distributeur_sacs,Montville,montville,76452,76710,76,normandie
13142911717,49.54751,1.071659,distributeur_sacs,Montville,montville,76452,76710,76,normandie
11067197545,49.52255,1.247547,poubelle_dejections,Morgny-la-Pommeraye,morgny-la-pommeraye,76453,76750,76,normandie
6721843202,49.567017,0.953901,distributeur_sacs,Pavilly,pavilly,76495,76570,76,normandie
6721843203,49.567004,0.953882,poubelle_dejections,Pavilly,pavilly,76495,76570,76,normandie
12160109304,49.388492,1.021295,distributeur_sacs,Petit-Couronne,petit-couronne,76497,76650,76,normandie
12708113379,49.426023,1.057376,distributeur_sacs,Le Petit-Quevilly,le-petit-quevilly,76498,76140,76,normandie
12708113380,49.426894,1.05506,distributeur_sacs,Le Petit-Quevilly,le-petit-quevilly,76498,76140,76,normandie
8246096380,49.421937,1.062916,distributeur_sacs,Le Petit-Quevilly,le-petit-quevilly,76498,76140,76,normandie
7471889939,49.415108,1.074688,distributeur_sacs,Le Petit-Quevilly,le-petit-quevilly,76498,76140,76,normandie
13073748865,49.90414,0.925261,distributeur_sacs,Quiberville,quiberville,76515,76860,76,normandie
6918583925,49.421847,1.081465,distributeur_sacs,Rouen,rouen,76540,76000/76100,76,normandie
5509194189,49.424221,1.070178,distributeur_sacs,Rouen,rouen,76540,76000/76100,76,normandie
5509194204,49.425268,1.072692,distributeur_sacs,Rouen,rouen,76540,76000/76100,76,normandie
7057274286,49.427855,1.074039,distributeur_sacs,Rouen,rouen,76540,76000/76100,76,normandie
13416660038,49.43224,1.080903,distributeur_sacs,Rouen,rouen,76540,76000/76100,76,normandie
7724761747,49.427984,1.081877,distributeur_sacs,Rouen,rouen,76540,76000/76100,76,normandie
6357931814,49.427446,1.079807,distributeur_sacs,Rouen,rouen,76540,76000/76100,76,normandie
5703132243,49.426818,1.077711,distributeur_sacs,Rouen,rouen,76540,76000/76100,76,normandie
7394566285,49.423613,1.077335,distributeur_sacs,Rouen,rouen,76540,76000/76100,76,normandie
7092083122,49.421863,1.079926,distributeur_sacs,Rouen,rouen,76540,76000/76100,76,normandie
7195090558,49.423916,1.084449,distributeur_sacs,Rouen,rouen,76540,76000/76100,76,normandie
4724260886,49.425295,1.090972,distributeur_sacs,Rouen,rouen,76540,76000/76100,76,normandie
4724287462,49.426143,1.090311,distributeur_sacs,Rouen,rouen,76540,76000/76100,76,normandie
6350700431,49.425605,1.091911,distributeur_sacs,Rouen,rouen,76540,76000/76100,76,normandie
7775803338,49.42516,1.094507,distributeur_sacs,Rouen,rouen,76540,76000/76100,76,normandie
7092024010,49.427403,1.091897,distributeur_sacs,Rouen,rouen,76540,76000/76100,76,normandie
6913861558,49.426769,1.090163,distributeur_sacs,Rouen,rouen,76540,76000/76100,76,normandie
6928726571,49.428647,1.087655,distributeur_sacs,Rouen,rouen,76540,76000/76100,76,normandie
7083258483,49.428556,1.089209,distributeur_sacs,Rouen,rouen,76540,76000/76100,76,normandie
8117093901,49.429869,1.088033,distributeur_sacs,Rouen,rouen,76540,76000/76100,76,normandie
5590692160,49.429492,1.086919,distributeur_sacs,Rouen,rouen,76540,76000/76100,76,normandie
4499140189,49.432789,1.09121,distributeur_sacs,Rouen,rouen,76540,76000/76100,76,normandie
6440466812,49.429926,1.094297,distributeur_sacs,Rouen,rouen,76540,76000/76100,76,normandie
5676129890,49.432743,1.100893,distributeur_sacs,Rouen,rouen,76540,76000/76100,76,normandie
7776552331,49.424475,1.096308,distributeur_sacs,Rouen,rouen,76540,76000/76100,76,normandie
4894489023,49.434541,1.106643,distributeur_sacs,Rouen,rouen,76540,76000/76100,76,normandie
4583796936,49.444344,1.111822,distributeur_sacs,Rouen,rouen,76540,76000/76100,76,normandie
6175543795,49.442921,1.108502,distributeur_sacs,Rouen,rouen,76540,76000/76100,76,normandie
6551035775,49.442432,1.112548,distributeur_sacs,Rouen,rouen,76540,76000/76100,76,normandie
4525824967,49.441632,1.111697,distributeur_sacs,Rouen,rouen,76540,76000/76100,76,normandie
12832388926,49.440066,1.104869,distributeur_sacs,Rouen,rouen,76540,76000/76100,76,normandie
4096443124,49.442347,1.106069,distributeur_sacs,Rouen,rouen,76540,76000/76100,76,normandie
6091011252,49.443059,1.104275,distributeur_sacs,Rouen,rouen,76540,76000/76100,76,normandie
6175617694,49.44356,1.108403,distributeur_sacs,Rouen,rouen,76540,76000/76100,76,normandie
4459383313,49.443771,1.107121,distributeur_sacs,Rouen,rouen,76540,76000/76100,76,normandie
12102655903,49.444993,1.104137,distributeur_sacs,Rouen,rouen,76540,76000/76100,76,normandie
6550963439,49.4466,1.104924,distributeur_sacs,Rouen,rouen,76540,76000/76100,76,normandie
7944677223,49.456847,1.129632,distributeur_sacs,Rouen,rouen,76540,76000/76100,76,normandie
12894727462,49.447116,1.137451,poubelle_dejections,Rouen,rouen,76540,76000/76100,76,normandie
7329839184,49.448246,1.140861,distributeur_sacs,Rouen,rouen,76540,76000/76100,76,normandie
12895082325,49.462153,1.135562,poubelle_dejections,Rouen,rouen,76540,76000/76100,76,normandie
5648288394,49.447444,1.096723,distributeur_sacs,Rouen,rouen,76540,76000/76100,76,normandie
4584137973,49.444075,1.10084,distributeur_sacs,Rouen,rouen,76540,76000/76100,76,normandie
5486808333,49.444535,1.099722,distributeur_sacs,Rouen,rouen,76540,76000/76100,76,normandie
4774741636,49.442996,1.09685,distributeur_sacs,Rouen,rouen,76540,76000/76100,76,normandie
6481286015,49.441374,1.098804,distributeur_sacs,Rouen,rouen,76540,76000/76100,76,normandie
4774735337,49.442417,1.096572,distributeur_sacs,Rouen,rouen,76540,76000/76100,76,normandie
4774708665,49.44221,1.095941,distributeur_sacs,Rouen,rouen,76540,76000/76100,76,normandie
4583405231,49.441324,1.102698,distributeur_sacs,Rouen,rouen,76540,76000/76100,76,normandie
4972599253,49.441432,1.103687,distributeur_sacs,Rouen,rouen,76540,76000/76100,76,normandie
4147600082,49.440059,1.103276,distributeur_sacs,Rouen,rouen,76540,76000/76100,76,normandie
4826846133,49.438702,1.102732,distributeur_sacs,Rouen,rouen,76540,76000/76100,76,normandie
7201855631,49.439653,1.097986,distributeur_sacs,Rouen,rouen,76540,76000/76100,76,normandie
4489927222,49.43463,1.087579,distributeur_sacs,Rouen,rouen,76540,76000/76100,76,normandie
4665520780,49.440429,1.086431,distributeur_sacs,Rouen,rouen,76540,76000/76100,76,normandie
5320790300,49.44082,1.089684,distributeur_sacs,Rouen,rouen,76540,76000/76100,76,normandie
6376639403,49.444473,1.087542,distributeur_sacs,Rouen,rouen,76540,76000/76100,76,normandie
12095020436,49.444238,1.085164,distributeur_sacs,Rouen,rouen,76540,76000/76100,76,normandie
12095021878,49.443895,1.079983,distributeur_sacs,Rouen,rouen,76540,76000/76100,76,normandie
13421148609,49.438979,1.082057,distributeur_sacs,Rouen,rouen,76540,76000/76100,76,normandie
8075507718,49.434552,1.080715,distributeur_sacs,Rouen,rouen,76540,76000/76100,76,normandie
4908056693,49.437833,1.080571,distributeur_sacs,Rouen,rouen,76540,76000/76100,76,normandie
12095130168,49.443589,1.076211,distributeur_sacs,Rouen,rouen,76540,76000/76100,76,normandie
6900540820,49.452032,1.06875,distributeur_sacs,Rouen,rouen,76540,76000/76100,76,normandie
6157483403,49.446836,1.066294,distributeur_sacs,Rouen,rouen,76540,76000/76100,76,normandie
11071428836,49.377073,1.109323,distributeur_sacs,Saint-Étienne-du-Rouvray,saint-etienne-du-rouvray,76575,76800,76,normandie
9904877569,49.501088,0.933126,distributeur_sacs,Saint-Pierre-de-Varengeville,saint-pierre-de-varengeville,76636,76480,76,normandie
9904877570,49.500834,0.935756,distributeur_sacs,Saint-Pierre-de-Varengeville,saint-pierre-de-varengeville,76636,76480,76,normandie
12977924207,49.672413,1.280956,poubelle_dejections,Saint-Saëns,saint-saens,76648,76680,76,normandie
7880699372,49.419556,1.081495,distributeur_sacs,Sotteville-lès-Rouen,sotteville-les-rouen,76681,76300,76,normandie
8038155134,49.420299,1.08021,distributeur_sacs,Sotteville-lès-Rouen,sotteville-les-rouen,76681,76300,76,normandie
7947044091,50.060256,1.374942,distributeur_sacs,Le Tréport,le-treport,76711,76470,76,normandie
7947044090,50.060303,1.373884,distributeur_sacs,Le Tréport,le-treport,76711,76470,76,normandie
7947044101,50.059906,1.375755,distributeur_sacs,Le Tréport,le-treport,76711,76470,76,normandie
7947037448,50.060277,1.365808,distributeur_sacs,Le Tréport,le-treport,76711,76470,76,normandie
7947106476,50.060405,1.368866,distributeur_sacs,Le Tréport,le-treport,76711,76470,76,normandie
7947037426,50.062182,1.36752,distributeur_sacs,Le Tréport,le-treport,76711,76470,76,normandie
7947044075,50.063141,1.368872,distributeur_sacs,Le Tréport,le-treport,76711,76470,76,normandie
13072809214,49.87438,0.798467,distributeur_sacs,Veules-les-Roses,veules-les-roses,76735,76980,76,normandie
12982296275,49.800932,0.631398,distributeur_sacs,Vittefleur,vittefleur,76748,76450,76,normandie
8754299931,48.736231,2.845585,distributeur_sacs,Les Chapelles-Bourbon,les-chapelles-bourbon,77091,77610,77,ile-de-france
7988262601,48.827155,2.649536,distributeur_sacs,Croissy-Beaubourg,croissy-beaubourg,77146,77183,77,ile-de-france
7988182663,48.827768,2.659642,distributeur_sacs,Croissy-Beaubourg,croissy-beaubourg,77146,77183,77,ile-de-france
11991484021,48.820095,2.705787,distributeur_sacs,Ferrières-en-Brie,ferrieres-en-brie,77181,77164,77,ile-de-france
11991519105,48.820845,2.703654,distributeur_sacs,Ferrières-en-Brie,ferrieres-en-brie,77181,77164,77,ile-de-france
12030840784,48.822051,2.700734,distributeur_sacs,Ferrières-en-Brie,ferrieres-en-brie,77181,77164,77,ile-de-france
7837069065,48.413267,2.712388,poubelle_dejections,Fontainebleau,fontainebleau,77186,77300,77,ile-de-france
7837077799,48.407504,2.689533,distributeur_sacs,Fontainebleau,fontainebleau,77186,77300,77,ile-de-france
7851483131,48.40795,2.697928,distributeur_sacs,Fontainebleau,fontainebleau,77186,77300,77,ile-de-france
7835958349,48.405069,2.701375,distributeur_sacs,Fontainebleau,fontainebleau,77186,77300,77,ile-de-france
7837060962,48.403797,2.701627,distributeur_sacs,Fontainebleau,fontainebleau,77186,77300,77,ile-de-france
7837069063,48.400445,2.695776,poubelle_dejections,Fontainebleau,fontainebleau,77186,77300,77,ile-de-france
7837060963,48.405609,2.69893,distributeur_sacs,Fontainebleau,fontainebleau,77186,77300,77,ile-de-france
12074947938,48.317179,2.696772,distributeur_sacs,Grez-sur-Loing,grez-sur-loing,77216,77880,77,ile-de-france
9212563539,48.627055,2.666217,distributeur_sacs,Limoges-Fourches,limoges-fourches,77252,77550,77,ile-de-france
9212563619,48.627046,2.664266,distributeur_sacs,Limoges-Fourches,limoges-fourches,77252,77550,77,ile-de-france
7386384093,48.627268,2.58991,distributeur_sacs,Moissy-Cramayel,moissy-cramayel,77296,77550,77,ile-de-france
9214916569,48.59043,2.668583,distributeur_sacs,Montereau-sur-le-Jard,montereau-sur-le-jard,77306,77950,77,ile-de-france
7487206762,48.855117,2.760683,poubelle_dejections,Montévrain,montevrain,77307,77144,77,ile-de-france
3877406679,48.759082,2.67305,distributeur_sacs,Ozoir-la-Ferrière,ozoir-la-ferriere,77350,77330,77,ile-de-france
4464807583,48.766398,2.678985,distributeur_sacs,Ozoir-la-Ferrière,ozoir-la-ferriere,77350,77330,77,ile-de-france
4464807582,48.766174,2.678507,distributeur_sacs,Ozoir-la-Ferrière,ozoir-la-ferriere,77350,77330,77,ile-de-france
3877420064,48.759711,2.676174,distributeur_sacs,Ozoir-la-Ferrière,ozoir-la-ferriere,77350,77330,77,ile-de-france
3877406680,48.760097,2.673258,distributeur_sacs,Ozoir-la-Ferrière,ozoir-la-ferriere,77350,77330,77,ile-de-france
3765843026,48.761597,2.673642,distributeur_sacs,Ozoir-la-Ferrière,ozoir-la-ferriere,77350,77330,77,ile-de-france
3765843025,48.762084,2.672844,distributeur_sacs,Ozoir-la-Ferrière,ozoir-la-ferriere,77350,77330,77,ile-de-france
3756178793,48.762699,2.667724,distributeur_sacs,Ozoir-la-Ferrière,ozoir-la-ferriere,77350,77330,77,ile-de-france
3746108583,48.763567,2.670213,distributeur_sacs,Ozoir-la-Ferrière,ozoir-la-ferriere,77350,77330,77,ile-de-france
3746133148,48.763651,2.670395,distributeur_sacs,Ozoir-la-Ferrière,ozoir-la-ferriere,77350,77330,77,ile-de-france
3746111700,48.764268,2.67209,distributeur_sacs,Ozoir-la-Ferrière,ozoir-la-ferriere,77350,77330,77,ile-de-france
3756387955,48.770091,2.671513,distributeur_sacs,Ozoir-la-Ferrière,ozoir-la-ferriere,77350,77330,77,ile-de-france
3746104630,48.763344,2.665335,distributeur_sacs,Ozoir-la-Ferrière,ozoir-la-ferriere,77350,77330,77,ile-de-france
9213691223,48.617039,2.654676,distributeur_sacs,Réau,reau,77384,77550,77,ile-de-france
2299194554,48.856858,2.779159,distributeur_sacs,Serris,serris,77449,77700,77,ile-de-france
10654295661,48.738221,2.765493,distributeur_sacs,Tournan-en-Brie,tournan-en-brie,77470,77220,77,ile-de-france
9767814535,48.346819,2.455461,poubelle_dejections,Tousson,tousson,77471,77123,77,ile-de-france
8621759531,48.963824,2.952351,poubelle_dejections,Trilport,trilport,77475,77470,77,ile-de-france
8624989641,48.963443,2.953859,distributeur_sacs,Trilport,trilport,77475,77470,77,ile-de-france
12635878813,48.904101,2.015757,distributeur_sacs,Aigremont,aigremont,78007,78240,78,ile-de-france
12635844144,48.904669,2.016784,distributeur_sacs,Aigremont,aigremont,78007,78240,78,ile-de-france
12823581343,48.981235,2.060959,distributeur_sacs,Andrésy,andresy,78015,78570,78,ile-de-france
12823583294,48.984004,2.063692,distributeur_sacs,Andrésy,andresy,78015,78570,78,ile-de-france
12823553699,48.97893,2.056846,distributeur_sacs,Andrésy,andresy,78015,78570,78,ile-de-france
13110718515,48.963653,1.906547,distributeur_sacs,Bouafle,bouafle,78090,78410,78,ile-de-france
12115210496,48.870606,2.150779,poubelle_dejections,Bougival,bougival,78092,78380,78,ile-de-france
13190537046,48.979023,1.67055,distributeur_sacs,Buchelay,buchelay,78118,78200,78,ile-de-france
12432754234,48.838854,2.139913,poubelle_dejections,La Celle-Saint-Cloud,la-celle-saint-cloud,78126,78170,78,ile-de-france
13110718516,48.966058,1.934135,distributeur_sacs,Chapet,chapet,78140,78130,78,ile-de-france
13110718517,48.965307,1.939197,distributeur_sacs,Chapet,chapet,78140,78130,78,ile-de-france
13097200443,48.991395,2.093671,distributeur_sacs,Conflans-Sainte-Honorine,conflans-sainte-honorine,78172,78700,78,ile-de-france
13097200432,48.991555,2.095115,distributeur_sacs,Conflans-Sainte-Honorine,conflans-sainte-honorine,78172,78700,78,ile-de-france
13569865796,48.998684,2.103044,distributeur_sacs,Conflans-Sainte-Honorine,conflans-sainte-honorine,78172,78700,78,ile-de-france
13294551306,48.872097,2.137979,distributeur_sacs,Croissy-sur-Seine,croissy-sur-seine,78190,78290,78,ile-de-france
5143061520,48.87211,2.137984,poubelle_dejections,Croissy-sur-Seine,croissy-sur-seine,78190,78290,78,ile-de-france
12647194629,48.870802,2.138544,distributeur_sacs,Croissy-sur-Seine,croissy-sur-seine,78190,78290,78,ile-de-france
13110718518,48.955458,1.920671,distributeur_sacs,Ecquevilly,ecquevilly,78206,78920,78,ile-de-france
12830042450,48.590604,1.730983,poubelle_dejections,Émancé,emance,78209,78125,78,ile-de-france
13110718513,48.968042,1.828323,distributeur_sacs,Épône,epone,78217,78680,78,ile-de-france
13110718514,48.965146,1.875912,distributeur_sacs,Flins-sur-Seine,flins-sur-seine,78238,78410,78,ile-de-france
13110718519,48.962788,1.863143,distributeur_sacs,Flins-sur-Seine,flins-sur-seine,78238,78410,78,ile-de-france
13102970170,49.009817,1.899023,distributeur_sacs,Hardricourt,hardricourt,78299,78250,78,ile-de-france
13121400854,49.003053,1.732468,distributeur_sacs,Limay,limay,78335,78520,78,ile-de-france
13121400855,49.001111,1.727228,distributeur_sacs,Limay,limay,78335,78520,78,ile-de-france
13121400856,48.997862,1.726283,distributeur_sacs,Limay,limay,78335,78520,78,ile-de-france
13121400853,48.994207,1.731978,distributeur_sacs,Limay,limay,78335,78520,78,ile-de-france
13123565008,48.989088,1.748117,distributeur_sacs,Limay,limay,78335,78520,78,ile-de-france
2564096103,48.743716,2.062189,distributeur_sacs,Magny-les-Hameaux,magny-les-hameaux,78356,78114,78,ile-de-france
12039741726,48.874101,2.087607,distributeur_sacs,Marly-le-Roi,marly-le-roi,78372,78160,78,ile-de-france
5520932752,48.999226,2.064253,poubelle_dejections,Maurecourt,maurecourt,78382,78780,78,ile-de-france
13097820018,49.005901,1.907166,distributeur_sacs,Meulan-en-Yvelines,meulan-en-yvelines,78401,78250,78,ile-de-france
3667201887,48.881837,1.861666,distributeur_sacs,Montainville,montainville,78415,78124,78,ile-de-france
13475711806,49.046158,1.825689,distributeur_sacs,Montalet-le-Bois,montalet-le-bois,78416,78440,78,ile-de-france
13475711485,49.046522,1.826375,distributeur_sacs,Montalet-le-Bois,montalet-le-bois,78416,78440,78,ile-de-france
5254838616,48.787142,2.047008,distributeur_sacs,Montigny-le-Bretonneux,montigny-le-bretonneux,78423,78180,78,ile-de-france
13232326951,48.92908,1.932741,distributeur_sacs,Morainvilliers,morainvilliers,78431,78630,78,ile-de-france
13236034464,48.938937,1.839755,distributeur_sacs,Nézel,nezel,78451,78410,78,ile-de-france
13092634493,48.840907,1.703983,poubelle_dejections,Orgerus,orgerus,78465,78910,78,ile-de-france
13092634494,48.84094,1.705048,poubelle_dejections,Orgerus,orgerus,78465,78910,78,ile-de-france
13512809636,48.922702,1.975024,distributeur_sacs,Orgeval,orgeval,78466,78630,78,ile-de-france
13512809628,48.921959,1.975108,distributeur_sacs,Orgeval,orgeval,78466,78630,78,ile-de-france
13517061044,48.919344,1.976295,distributeur_sacs,Orgeval,orgeval,78466,78630,78,ile-de-france
13316019689,48.893857,2.109528,distributeur_sacs,Le Pecq,le-pecq,78481,78230,78,ile-de-france
9352267087,48.822613,1.942646,distributeur_sacs,Plaisir,plaisir,78490,78370,78,ile-de-france
7523546446,48.928936,2.033539,distributeur_sacs,Poissy,poissy,78498,78300,78,ile-de-france
7331916871,48.931535,2.035332,distributeur_sacs,Poissy,poissy,78498,78300,78,ile-de-france
7395614014,48.93061,2.040312,distributeur_sacs,Poissy,poissy,78498,78300,78,ile-de-france
8973169861,48.929499,2.038746,distributeur_sacs,Poissy,poissy,78498,78300,78,ile-de-france
11368890724,48.929206,2.04023,distributeur_sacs,Poissy,poissy,78498,78300,78,ile-de-france
8931679984,48.929615,2.041686,distributeur_sacs,Poissy,poissy,78498,78300,78,ile-de-france
7313063780,48.930941,2.042511,distributeur_sacs,Poissy,poissy,78498,78300,78,ile-de-france
8096575338,48.930947,2.04479,distributeur_sacs,Poissy,poissy,78498,78300,78,ile-de-france
7333516379,48.931887,2.05081,distributeur_sacs,Poissy,poissy,78498,78300,78,ile-de-france
8931679990,48.935846,2.047868,distributeur_sacs,Poissy,poissy,78498,78300,78,ile-de-france
10155195365,48.934854,2.047842,distributeur_sacs,Poissy,poissy,78498,78300,78,ile-de-france
8931679991,48.93521,2.048258,distributeur_sacs,Poissy,poissy,78498,78300,78,ile-de-france
12568356788,48.935616,2.049096,distributeur_sacs,Poissy,poissy,78498,78300,78,ile-de-france
12568339478,48.935837,2.049863,distributeur_sacs,Poissy,poissy,78498,78300,78,ile-de-france
7392458459,48.935277,2.052268,distributeur_sacs,Poissy,poissy,78498,78300,78,ile-de-france
9140187591,48.938083,2.057093,distributeur_sacs,Poissy,poissy,78498,78300,78,ile-de-france
7401894070,48.939163,2.057022,distributeur_sacs,Poissy,poissy,78498,78300,78,ile-de-france
7392504826,48.935924,2.057246,distributeur_sacs,Poissy,poissy,78498,78300,78,ile-de-france
9145366938,48.936262,2.055908,distributeur_sacs,Poissy,poissy,78498,78300,78,ile-de-france
7532175360,48.935212,2.059048,distributeur_sacs,Poissy,poissy,78498,78300,78,ile-de-france
8391888030,48.933984,2.057775,distributeur_sacs,Poissy,poissy,78498,78300,78,ile-de-france
9690695083,48.930308,2.051505,distributeur_sacs,Poissy,poissy,78498,78300,78,ile-de-france
7391439544,48.930905,2.053071,distributeur_sacs,Poissy,poissy,78498,78300,78,ile-de-france
7396122730,48.929012,2.052614,distributeur_sacs,Poissy,poissy,78498,78300,78,ile-de-france
9134208145,48.929795,2.05759,distributeur_sacs,Poissy,poissy,78498,78300,78,ile-de-france
8584004979,48.930929,2.05825,distributeur_sacs,Poissy,poissy,78498,78300,78,ile-de-france
8070343261,48.928311,2.050127,distributeur_sacs,Poissy,poissy,78498,78300,78,ile-de-france
7443538379,48.928036,2.046023,distributeur_sacs,Poissy,poissy,78498,78300,78,ile-de-france
7399799553,48.927071,2.042778,distributeur_sacs,Poissy,poissy,78498,78300,78,ile-de-france
7305437493,48.925685,2.049854,distributeur_sacs,Poissy,poissy,78498,78300,78,ile-de-france
7398380106,48.921342,2.028204,distributeur_sacs,Poissy,poissy,78498,78300,78,ile-de-france
7447567917,48.919292,2.03535,distributeur_sacs,Poissy,poissy,78498,78300,78,ile-de-france
7903389726,48.923738,2.037249,distributeur_sacs,Poissy,poissy,78498,78300,78,ile-de-france
7410575507,48.92744,2.041066,distributeur_sacs,Poissy,poissy,78498,78300,78,ile-de-france
7449685031,48.924691,2.030948,distributeur_sacs,Poissy,poissy,78498,78300,78,ile-de-france
7911389823,48.923164,2.031793,distributeur_sacs,Poissy,poissy,78498,78300,78,ile-de-france
13092813528,48.55305,1.911462,distributeur_sacs,Ponthévrard,ponthevrard,78499,78730,78,ile-de-france
13123565007,48.967973,1.77879,distributeur_sacs,Porcheville,porcheville,78501,78440,78,ile-de-france
13316025344,48.879362,2.113244,distributeur_sacs,Le Port-Marly,le-port-marly,78502,78560,78,ile-de-france
13316019666,48.880303,2.111669,distributeur_sacs,Le Port-Marly,le-port-marly,78502,78560,78,ile-de-france
4898979097,48.87718,2.113122,distributeur_sacs,Le Port-Marly,le-port-marly,78502,78560,78,ile-de-france
5119300094,48.565362,1.926313,distributeur_sacs,Saint-Arnoult-en-Yvelines,saint-arnoult-en-yvelines,78537,78730,78,ile-de-france
5119300095,48.571155,1.91596,distributeur_sacs,Saint-Arnoult-en-Yvelines,saint-arnoult-en-yvelines,78537,78730,78,ile-de-france
5119300086,48.578379,1.944924,distributeur_sacs,Saint-Arnoult-en-Yvelines,saint-arnoult-en-yvelines,78537,78730,78,ile-de-france
5119300091,48.571861,1.940921,distributeur_sacs,Saint-Arnoult-en-Yvelines,saint-arnoult-en-yvelines,78537,78730,78,ile-de-france
5119300090,48.572195,1.941924,distributeur_sacs,Saint-Arnoult-en-Yvelines,saint-arnoult-en-yvelines,78537,78730,78,ile-de-france
5119300093,48.572614,1.936887,distributeur_sacs,Saint-Arnoult-en-Yvelines,saint-arnoult-en-yvelines,78537,78730,78,ile-de-france
5119300092,48.572873,1.937616,distributeur_sacs,Saint-Arnoult-en-Yvelines,saint-arnoult-en-yvelines,78537,78730,78,ile-de-france
5119300089,48.570481,1.950239,distributeur_sacs,Saint-Arnoult-en-Yvelines,saint-arnoult-en-yvelines,78537,78730,78,ile-de-france
5119300088,48.57244,1.950777,distributeur_sacs,Saint-Arnoult-en-Yvelines,saint-arnoult-en-yvelines,78537,78730,78,ile-de-france
5119300087,48.577193,1.951431,distributeur_sacs,Saint-Arnoult-en-Yvelines,saint-arnoult-en-yvelines,78537,78730,78,ile-de-france
8234538915,48.803306,2.060065,poubelle_dejections,Saint-Cyr-l'École,saint-cyr-lecole,78545,78210,78,ile-de-france
7817100951,48.799544,2.066604,poubelle_dejections,Saint-Cyr-l'École,saint-cyr-lecole,78545,78210,78,ile-de-france
8729135644,48.803126,2.06312,poubelle_dejections,Saint-Cyr-l'École,saint-cyr-lecole,78545,78210,78,ile-de-france
8319073301,48.803082,2.072326,poubelle_dejections,Saint-Cyr-l'École,saint-cyr-lecole,78545,78210,78,ile-de-france
12165905580,48.887604,2.092363,poubelle_dejections,Saint-Germain-en-Laye,saint-germain-en-laye,78551,78100,78,ile-de-france
12165905579,48.887605,2.092354,distributeur_sacs,Saint-Germain-en-Laye,saint-germain-en-laye,78551,78100,78,ile-de-france
12165895694,48.88762,2.096395,poubelle_dejections,Saint-Germain-en-Laye,saint-germain-en-laye,78551,78100,78,ile-de-france
12165895695,48.88762,2.096402,distributeur_sacs,Saint-Germain-en-Laye,saint-germain-en-laye,78551,78100,78,ile-de-france
7040401643,48.696761,2.06503,distributeur_sacs,Saint-Rémy-lès-Chevreuse,saint-remy-les-chevreuse,78575,78470,78,ile-de-france
7454763983,48.70321,2.069303,poubelle_dejections,Saint-Rémy-lès-Chevreuse,saint-remy-les-chevreuse,78575,78470,78,ile-de-france
7040401641,48.698654,2.066454,distributeur_sacs,Saint-Rémy-lès-Chevreuse,saint-remy-les-chevreuse,78575,78470,78,ile-de-france
7723886584,48.705471,2.071225,poubelle_dejections,Saint-Rémy-lès-Chevreuse,saint-remy-les-chevreuse,78575,78470,78,ile-de-france
10172063638,48.939251,2.152605,distributeur_sacs,Sartrouville,sartrouville,78586,78500,78,ile-de-france
13061555525,48.572454,1.877752,poubelle_dejections,Sonchamp,sonchamp,78601,78120,78,ile-de-france
13078934391,48.613631,1.840993,poubelle_dejections,Sonchamp,sonchamp,78601,78120,78,ile-de-france
10540131387,48.771269,1.980462,distributeur_sacs,Trappes,trappes,78621,78190,78,ile-de-france
12822733163,48.98071,2.00294,distributeur_sacs,Triel-sur-Seine,triel-sur-seine,78624,78510,78,ile-de-france
13132341971,48.974412,1.984671,distributeur_sacs,Vernouillet,vernouillet,78643,78540,78,ile-de-france
13132341970,48.974771,1.986162,distributeur_sacs,Vernouillet,vernouillet,78643,78540,78,ile-de-france
9900985628,48.805126,2.13053,distributeur_sacs,Versailles,versailles,78646,78000,78,ile-de-france
9891980918,48.802188,2.13122,distributeur_sacs,Versailles,versailles,78646,78000,78,ile-de-france
9963601616,48.801564,2.131853,distributeur_sacs,Versailles,versailles,78646,78000,78,ile-de-france
9888628490,48.79171,2.14624,distributeur_sacs,Versailles,versailles,78646,78000,78,ile-de-france
9888541496,48.790286,2.147981,distributeur_sacs,Versailles,versailles,78646,78000,78,ile-de-france
9918682523,48.794679,2.144164,poubelle_dejections,Versailles,versailles,78646,78000,78,ile-de-france
6044465994,48.797035,2.135831,distributeur_sacs,Versailles,versailles,78646,78000,78,ile-de-france
6935213379,48.805478,2.135804,distributeur_sacs,Versailles,versailles,78646,78000,78,ile-de-france
6935213378,48.805813,2.141733,distributeur_sacs,Versailles,versailles,78646,78000,78,ile-de-france
11876934423,48.8062,2.146662,distributeur_sacs,Versailles,versailles,78646,78000,78,ile-de-france
6935213376,48.805103,2.152023,distributeur_sacs,Versailles,versailles,78646,78000,78,ile-de-france
9885648809,48.803116,2.148646,distributeur_sacs,Versailles,versailles,78646,78000,78,ile-de-france
9914274868,48.80128,2.147042,distributeur_sacs,Versailles,versailles,78646,78000,78,ile-de-france
13082000695,48.798374,2.143584,distributeur_sacs,Versailles,versailles,78646,78000,78,ile-de-france
9918896520,48.798119,2.151678,distributeur_sacs,Versailles,versailles,78646,78000,78,ile-de-france
9832333875,48.796988,2.153911,distributeur_sacs,Versailles,versailles,78646,78000,78,ile-de-france
9946592578,48.798573,2.153797,distributeur_sacs,Versailles,versailles,78646,78000,78,ile-de-france
6939533915,48.804972,2.160359,distributeur_sacs,Versailles,versailles,78646,78000,78,ile-de-france
6939533911,48.805216,2.161032,distributeur_sacs,Versailles,versailles,78646,78000,78,ile-de-france
6935213380,48.803958,2.160602,distributeur_sacs,Versailles,versailles,78646,78000,78,ile-de-france
6935213375,48.803272,2.159619,distributeur_sacs,Versailles,versailles,78646,78000,78,ile-de-france
6939533916,48.804641,2.158993,distributeur_sacs,Versailles,versailles,78646,78000,78,ile-de-france
6939533913,48.804104,2.158959,distributeur_sacs,Versailles,versailles,78646,78000,78,ile-de-france
13543284980,48.927046,2.005049,distributeur_sacs,Villennes-sur-Seine,villennes-sur-seine,78672,78670,78,ile-de-france
13526030583,48.936951,1.990764,distributeur_sacs,Villennes-sur-Seine,villennes-sur-seine,78672,78670,78,ile-de-france
13526030507,48.937484,1.9925,distributeur_sacs,Villennes-sur-Seine,villennes-sur-seine,78672,78670,78,ile-de-france
13526030614,48.936494,1.991937,distributeur_sacs,Villennes-sur-Seine,villennes-sur-seine,78672,78670,78,ile-de-france
13495335204,48.936221,1.991944,distributeur_sacs,Villennes-sur-Seine,villennes-sur-seine,78672,78670,78,ile-de-france
13573436162,48.938437,1.999146,distributeur_sacs,Villennes-sur-Seine,villennes-sur-seine,78672,78670,78,ile-de-france
13464593798,48.941075,1.985565,distributeur_sacs,Villennes-sur-Seine,villennes-sur-seine,78672,78670,78,ile-de-france
6935213381,48.804669,2.161534,distributeur_sacs,Viroflay,viroflay,78686,78220,78,ile-de-france
12376991840,48.801914,2.161511,distributeur_sacs,Viroflay,viroflay,78686,78220,78,ile-de-france
12321123955,48.80309,2.165867,distributeur_sacs,Viroflay,viroflay,78686,78220,78,ile-de-france
12762847861,48.803361,2.162099,distributeur_sacs,Viroflay,viroflay,78686,78220,78,ile-de-france
4870469102,48.805353,2.165881,distributeur_sacs,Viroflay,viroflay,78686,78220,78,ile-de-france
9258348804,48.80396,2.169348,distributeur_sacs,Viroflay,viroflay,78686,78220,78,ile-de-france
9925721318,48.7993,2.170544,distributeur_sacs,Viroflay,viroflay,78686,78220,78,ile-de-france
12871354342,48.800859,2.162413,distributeur_sacs,Viroflay,viroflay,78686,78220,78,ile-de-france
11331573636,48.801402,2.179528,distributeur_sacs,Viroflay,viroflay,78686,78220,78,ile-de-france
11346614219,48.799791,2.172986,distributeur_sacs,Viroflay,viroflay,78686,78220,78,ile-de-france
12335167669,48.804315,2.173774,distributeur_sacs,Viroflay,viroflay,78686,78220,78,ile-de-france
5345074682,48.804911,2.171772,distributeur_sacs,Viroflay,viroflay,78686,78220,78,ile-de-france
5345074681,48.806882,2.173402,distributeur_sacs,Viroflay,viroflay,78686,78220,78,ile-de-france
11375565377,48.807571,2.176879,distributeur_sacs,Viroflay,viroflay,78686,78220,78,ile-de-france
11272593549,48.805781,2.17779,distributeur_sacs,Viroflay,viroflay,78686,78220,78,ile-de-france
13254598400,48.804098,2.177046,distributeur_sacs,Viroflay,viroflay,78686,78220,78,ile-de-france
11751023812,48.808309,2.167551,distributeur_sacs,Viroflay,viroflay,78686,78220,78,ile-de-france
9687930692,48.762692,2.056887,distributeur_sacs,Voisins-le-Bretonneux,voisins-le-bretonneux,78688,78960,78,ile-de-france
12039414416,46.984407,-0.446339,distributeur_sacs,Argentonnay,argentonnay,79013,79150,79,nouvelle-aquitaine
12039481447,46.984253,-0.447837,distributeur_sacs,Argentonnay,argentonnay,79013,79150,79,nouvelle-aquitaine
10559707276,46.871331,-0.538017,distributeur_sacs,Bressuire,bressuire,79049,79300,79,nouvelle-aquitaine
9198145150,46.872149,-0.537736,distributeur_sacs,Bressuire,bressuire,79049,79300,79,nouvelle-aquitaine
8241386457,46.8409,-0.498157,distributeur_sacs,Bressuire,bressuire,79049,79300,79,nouvelle-aquitaine
8241386450,46.840661,-0.499514,distributeur_sacs,Bressuire,bressuire,79049,79300,79,nouvelle-aquitaine
13074829072,46.841706,-0.49875,distributeur_sacs,Bressuire,bressuire,79049,79300,79,nouvelle-aquitaine
10568658628,46.844309,-0.490895,distributeur_sacs,Bressuire,bressuire,79049,79300,79,nouvelle-aquitaine
9178869055,46.842414,-0.485846,distributeur_sacs,Bressuire,bressuire,79049,79300,79,nouvelle-aquitaine
9178869042,46.843073,-0.484626,distributeur_sacs,Bressuire,bressuire,79049,79300,79,nouvelle-aquitaine
8328307667,46.84253,-0.491683,distributeur_sacs,Bressuire,bressuire,79049,79300,79,nouvelle-aquitaine
1917603716,46.842104,-0.493248,distributeur_sacs,Bressuire,bressuire,79049,79300,79,nouvelle-aquitaine
8328307660,46.840089,-0.492733,distributeur_sacs,Bressuire,bressuire,79049,79300,79,nouvelle-aquitaine
1937328748,46.839407,-0.493333,distributeur_sacs,Bressuire,bressuire,79049,79300,79,nouvelle-aquitaine
1987476231,46.83817,-0.495119,distributeur_sacs,Bressuire,bressuire,79049,79300,79,nouvelle-aquitaine
12630140632,46.838357,-0.495027,distributeur_sacs,Bressuire,bressuire,79049,79300,79,nouvelle-aquitaine
9874830492,46.838797,-0.494118,distributeur_sacs,Bressuire,bressuire,79049,79300,79,nouvelle-aquitaine
10651419318,46.839132,-0.492214,distributeur_sacs,Bressuire,bressuire,79049,79300,79,nouvelle-aquitaine
9828664088,46.84085,-0.49039,distributeur_sacs,Bressuire,bressuire,79049,79300,79,nouvelle-aquitaine
2485143549,46.840474,-0.490425,distributeur_sacs,Bressuire,bressuire,79049,79300,79,nouvelle-aquitaine
11221795376,46.836386,-0.492259,distributeur_sacs,Bressuire,bressuire,79049,79300,79,nouvelle-aquitaine
9521301171,46.837787,-0.494231,distributeur_sacs,Bressuire,bressuire,79049,79300,79,nouvelle-aquitaine
11083960612,46.836998,-0.495667,distributeur_sacs,Bressuire,bressuire,79049,79300,79,nouvelle-aquitaine
7044710262,46.485353,-0.404219,poubelle_dejections,Champdeniers,champdeniers,79066,79220,79,nouvelle-aquitaine
12796092700,46.748018,-0.473946,distributeur_sacs,La Chapelle-Saint-Laurent,la-chapelle-saint-laurent,79076,79430,79,nouvelle-aquitaine
1564366319,46.321645,-0.585033,distributeur_sacs,Coulon,coulon,79100,79510,79,nouvelle-aquitaine
1355203505,46.320895,-0.585788,distributeur_sacs,Coulon,coulon,79100,79510,79,nouvelle-aquitaine
10746492332,46.340679,-0.481425,distributeur_sacs,Niort,niort,79191,79000,79,nouvelle-aquitaine
10858023281,46.32653,-0.463237,distributeur_sacs,Niort,niort,79191,79000,79,nouvelle-aquitaine
10746492337,46.327241,-0.462891,distributeur_sacs,Niort,niort,79191,79000,79,nouvelle-aquitaine
10858023283,46.327354,-0.460582,distributeur_sacs,Niort,niort,79191,79000,79,nouvelle-aquitaine
4799554416,46.327591,-0.464536,distributeur_sacs,Niort,niort,79191,79000,79,nouvelle-aquitaine
8167609657,46.32849,-0.464401,poubelle_dejections,Niort,niort,79191,79000,79,nouvelle-aquitaine
4799554403,46.330906,-0.462197,distributeur_sacs,Niort,niort,79191,79000,79,nouvelle-aquitaine
10797400159,46.347929,-0.470477,distributeur_sacs,Niort,niort,79191,79000,79,nouvelle-aquitaine
10797400168,46.34318,-0.4564,distributeur_sacs,Niort,niort,79191,79000,79,nouvelle-aquitaine
10797400140,46.333197,-0.427299,distributeur_sacs,Niort,niort,79191,79000,79,nouvelle-aquitaine
9758765464,46.326573,-0.424011,distributeur_sacs,Niort,niort,79191,79000,79,nouvelle-aquitaine
10797400146,46.339199,-0.436439,distributeur_sacs,Niort,niort,79191,79000,79,nouvelle-aquitaine
10797400147,46.325458,-0.431165,distributeur_sacs,Niort,niort,79191,79000,79,nouvelle-aquitaine
10951701713,46.324085,-0.438905,distributeur_sacs,Niort,niort,79191,79000,79,nouvelle-aquitaine
6875177182,46.322342,-0.458523,distributeur_sacs,Niort,niort,79191,79000,79,nouvelle-aquitaine
6875177181,46.322713,-0.457832,distributeur_sacs,Niort,niort,79191,79000,79,nouvelle-aquitaine
4799554394,46.324381,-0.461803,distributeur_sacs,Niort,niort,79191,79000,79,nouvelle-aquitaine
6964146512,46.32459,-0.461826,distributeur_sacs,Niort,niort,79191,79000,79,nouvelle-aquitaine
6964146567,46.325244,-0.462582,distributeur_sacs,Niort,niort,79191,79000,79,nouvelle-aquitaine
9761179600,46.321605,-0.464996,distributeur_sacs,Niort,niort,79191,79000,79,nouvelle-aquitaine
6964176496,46.320323,-0.465801,poubelle_dejections,Niort,niort,79191,79000,79,nouvelle-aquitaine
4799559625,46.325496,-0.466435,distributeur_sacs,Niort,niort,79191,79000,79,nouvelle-aquitaine
9761185769,46.323665,-0.473632,distributeur_sacs,Niort,niort,79191,79000,79,nouvelle-aquitaine
10858023275,46.324301,-0.475607,distributeur_sacs,Niort,niort,79191,79000,79,nouvelle-aquitaine
10746492320,46.323491,-0.475225,distributeur_sacs,Niort,niort,79191,79000,79,nouvelle-aquitaine
6884802585,49.919389,2.296411,distributeur_sacs,Amiens,amiens,80021,80000,80,hauts-de-france
8399065041,49.919562,2.295996,poubelle_dejections,Amiens,amiens,80021,80000,80,hauts-de-france
6884797785,49.921142,2.294807,distributeur_sacs,Amiens,amiens,80021,80000,80,hauts-de-france
6884832085,49.917978,2.294842,distributeur_sacs,Amiens,amiens,80021,80000,80,hauts-de-france
1825603591,49.902789,2.272926,distributeur_sacs,Amiens,amiens,80021,80000,80,hauts-de-france
8651241272,49.885395,2.300223,distributeur_sacs,Amiens,amiens,80021,80000,80,hauts-de-france
6884770786,49.898614,2.306265,distributeur_sacs,Amiens,amiens,80021,80000,80,hauts-de-france
6884772385,49.901049,2.306434,distributeur_sacs,Amiens,amiens,80021,80000,80,hauts-de-france
13291075619,49.901199,2.302311,distributeur_sacs,Amiens,amiens,80021,80000,80,hauts-de-france
6884752885,49.905147,2.312059,distributeur_sacs,Amiens,amiens,80021,80000,80,hauts-de-france
6884765485,49.905037,2.31215,distributeur_sacs,Amiens,amiens,80021,80000,80,hauts-de-france
6884767785,49.899941,2.310779,distributeur_sacs,Amiens,amiens,80021,80000,80,hauts-de-france
6884770785,49.899758,2.314626,distributeur_sacs,Amiens,amiens,80021,80000,80,hauts-de-france
6622738973,49.897281,2.316173,distributeur_sacs,Amiens,amiens,80021,80000,80,hauts-de-france
6884790086,49.895167,2.310278,distributeur_sacs,Amiens,amiens,80021,80000,80,hauts-de-france
6884776785,49.895931,2.307759,distributeur_sacs,Amiens,amiens,80021,80000,80,hauts-de-france
12076776083,49.893072,2.300582,distributeur_sacs,Amiens,amiens,80021,80000,80,hauts-de-france
10022569099,49.907858,2.517128,distributeur_sacs,Corbie,corbie,80212,80800,80,hauts-de-france
10024723103,49.908813,2.512323,distributeur_sacs,Corbie,corbie,80212,80800,80,hauts-de-france
10022569095,49.907102,2.51302,distributeur_sacs,Corbie,corbie,80212,80800,80,hauts-de-france
12600416253,50.340191,1.572634,distributeur_sacs,Fort-Mahon-Plage,fort-mahon-plage,80333,80120,80,hauts-de-france
13001146131,50.329736,1.56581,distributeur_sacs,Fort-Mahon-Plage,fort-mahon-plage,80333,80120,80,hauts-de-france
13004616148,50.330784,1.565249,distributeur_sacs,Fort-Mahon-Plage,fort-mahon-plage,80333,80120,80,hauts-de-france
13004616154,50.332659,1.563909,distributeur_sacs,Fort-Mahon-Plage,fort-mahon-plage,80333,80120,80,hauts-de-france
12998860905,50.327147,1.567113,distributeur_sacs,Quend,quend,80649,80120,80,hauts-de-france
13175079112,49.811445,2.695676,distributeur_sacs,Rosières-en-Santerre,rosieres-en-santerre,80680,80170,80,hauts-de-france
7947081587,50.182497,1.643945,distributeur_sacs,Saint-Valery-sur-Somme,saint-valery-sur-somme,80721,80230,80,hauts-de-france
7947081591,50.180507,1.644292,distributeur_sacs,Saint-Valery-sur-Somme,saint-valery-sur-somme,80721,80230,80,hauts-de-france
7947081590,50.181675,1.64421,distributeur_sacs,Saint-Valery-sur-Somme,saint-valery-sur-somme,80721,80230,80,hauts-de-france
13343134637,49.855255,2.23497,distributeur_sacs,Saleux,saleux,80724,80480,80,hauts-de-france
13343134636,49.855257,2.234973,poubelle_dejections,Saleux,saleux,80724,80480,80,hauts-de-france
13343134604,49.868221,2.240429,distributeur_sacs,Salouël,salouel,80725,80480,80,hauts-de-france
13343134602,49.865858,2.249583,distributeur_sacs,Salouël,salouel,80725,80480,80,hauts-de-france
13343099399,49.842953,2.234576,distributeur_sacs,Vers-sur-Selle,vers-sur-selle,80791,80480,80,hauts-de-france
12772789117,49.840821,2.231854,distributeur_sacs,Vers-sur-Selle,vers-sur-selle,80791,80480,80,hauts-de-france
13343134601,49.839369,2.229384,distributeur_sacs,Vers-sur-Selle,vers-sur-selle,80791,80480,80,hauts-de-france
12772789116,49.842907,2.230636,distributeur_sacs,Vers-sur-Selle,vers-sur-selle,80791,80480,80,hauts-de-france
12782576756,43.929749,2.134267,distributeur_sacs,Albi,albi,81004,81000,81,occitanie
3528362104,43.947983,2.1449,distributeur_sacs,Albi,albi,81004,81000,81,occitanie
11405505058,43.953423,2.209139,distributeur_sacs,Arthès,arthes,81018,81160,81,occitanie
11405505060,43.954821,2.208525,distributeur_sacs,Arthès,arthes,81018,81160,81,occitanie
11314401976,43.959204,2.199959,distributeur_sacs,Arthès,arthes,81018,81160,81,occitanie
9241523802,43.959127,2.199874,distributeur_sacs,Arthès,arthes,81018,81160,81,occitanie
11405505043,43.955482,2.20381,distributeur_sacs,Arthès,arthes,81018,81160,81,occitanie
9099225834,43.957269,2.204501,distributeur_sacs,Arthès,arthes,81018,81160,81,occitanie
9099225827,43.957016,2.205472,distributeur_sacs,Arthès,arthes,81018,81160,81,occitanie
12699168233,43.505041,2.371609,poubelle_dejections,Aussillon,aussillon,81021,81200,81,occitanie
12699169465,43.505041,2.371609,distributeur_sacs,Aussillon,aussillon,81021,81200,81,occitanie
6899004142,43.496468,2.364164,distributeur_sacs,Aussillon,aussillon,81021,81200,81,occitanie
6131075124,43.895882,1.898445,distributeur_sacs,Gaillac,gaillac,81099,81600,81,occitanie
13571484085,43.475908,2.641362,distributeur_sacs,Labastide-Rouairoux,labastide-rouairoux,81115,81270,81,occitanie
12699201548,43.494613,2.37518,distributeur_sacs,Mazamet,mazamet,81163,81200,81,occitanie
7023143472,43.476537,2.378489,distributeur_sacs,Mazamet,mazamet,81163,81200,81,occitanie
7297139545,43.50433,2.40468,distributeur_sacs,Pont-de-Larn,pont-de-larn,81209,81660,81,occitanie
11277359427,43.93967,2.204687,distributeur_sacs,Saint-Juéry,saint-juery,81257,81160,81,occitanie
11229103965,43.940727,2.199151,distributeur_sacs,Saint-Juéry,saint-juery,81257,81160,81,occitanie
11229103962,43.941466,2.201463,distributeur_sacs,Saint-Juéry,saint-juery,81257,81160,81,occitanie
9267569598,43.909721,2.106811,distributeur_sacs,Le Sequestre,le-sequestre,81284,81990,81,occitanie
12698915507,43.555828,2.122007,distributeur_sacs,Soual,soual,81289,81580,81,occitanie
12698879851,43.555866,2.120895,distributeur_sacs,Soual,soual,81289,81580,81,occitanie
13255783722,44.233574,1.771236,distributeur_sacs,Caylus,caylus,82038,82160,82,occitanie
13255783721,44.233999,1.771112,distributeur_sacs,Caylus,caylus,82038,82160,82,occitanie
13321424143,44.236488,1.773611,distributeur_sacs,Caylus,caylus,82038,82160,82,occitanie
10125139959,43.942095,1.367409,distributeur_sacs,Corbarieu,corbarieu,82044,82370,82,occitanie
9952490128,44.129708,1.242106,distributeur_sacs,Lafrançaise,lafrancaise,82087,82130,82,occitanie
13058295341,44.255262,1.136218,distributeur_sacs,Lauzerte,lauzerte,82094,82110,82,occitanie
6808129242,44.106365,1.084628,distributeur_sacs,Moissac,moissac,82112,82200,82,occitanie
6817594747,44.106083,1.085291,distributeur_sacs,Moissac,moissac,82112,82200,82,occitanie
6817594748,44.105469,1.085403,distributeur_sacs,Moissac,moissac,82112,82200,82,occitanie
6808129243,44.103715,1.083941,distributeur_sacs,Moissac,moissac,82112,82200,82,occitanie
13267062156,44.101939,1.096508,poubelle_dejections,Moissac,moissac,82112,82200,82,occitanie
9481637010,44.017359,1.356675,distributeur_sacs,Montauban,montauban,82121,82000,82,occitanie
11866556851,44.016072,1.344862,poubelle_dejections,Montauban,montauban,82121,82000,82,occitanie
4302610560,44.072929,1.518248,distributeur_sacs,Nègrepelisse,negrepelisse,82134,82800,82,occitanie
13112205546,44.150801,1.756178,distributeur_sacs,Saint-Antonin-Noble-Val,saint-antonin-noble-val,82155,82140,82,occitanie
13112223485,44.152241,1.754055,distributeur_sacs,Saint-Antonin-Noble-Val,saint-antonin-noble-val,82155,82140,82,occitanie
10630003852,43.774514,6.242985,distributeur_sacs,Aiguines,aiguines,83002,83630,83,provence-alpes-cote-d-azur
9684721214,43.535516,6.701349,distributeur_sacs,Bagnols-en-Forêt,bagnols-en-foret,83008,83600,83,provence-alpes-cote-d-azur
5927510693,43.140933,5.755761,distributeur_sacs,Bandol,bandol,83009,83150,83,provence-alpes-cote-d-azur
13311194917,43.143255,6.339561,distributeur_sacs,Bormes-les-Mimosas,bormes-les-mimosas,83019,83230,83,provence-alpes-cote-d-azur
13310569369,43.209367,6.569215,distributeur_sacs,La Croix-Valmer,la-croix-valmer,83048,83420,83,provence-alpes-cote-d-azur
8700969617,43.53877,6.448237,poubelle_dejections,Draguignan,draguignan,83050,83300,83,provence-alpes-cote-d-azur
12330587843,43.229559,6.585048,distributeur_sacs,Gassin,gassin,83065,83580,83,provence-alpes-cote-d-azur
12196789635,43.282609,6.588186,distributeur_sacs,Grimaud,grimaud,83068,83310,83,provence-alpes-cote-d-azur
12337312343,43.108336,6.125778,distributeur_sacs,Hyères,hyeres,83069,83400,83,provence-alpes-cote-d-azur
11731593223,43.116126,6.125528,distributeur_sacs,Hyères,hyeres,83069,83400,83,provence-alpes-cote-d-azur
12684651386,43.493738,6.362501,poubelle_dejections,Lorgues,lorgues,83072,83510,83,provence-alpes-cote-d-azur
10020296143,43.4726,6.566528,distributeur_sacs,Le Muy,le-muy,83086,83490,83,provence-alpes-cote-d-azur
10020296167,43.471504,6.565291,distributeur_sacs,Le Muy,le-muy,83086,83490,83,provence-alpes-cote-d-azur
7801318406,43.209183,6.618368,distributeur_sacs,Ramatuelle,ramatuelle,83101,83350,83,provence-alpes-cote-d-azur
10983607925,43.655921,6.13186,distributeur_sacs,Régusse,regusse,83102,83630,83,provence-alpes-cote-d-azur
10983640543,43.653427,6.132625,distributeur_sacs,Régusse,regusse,83102,83630,83,provence-alpes-cote-d-azur
10983607924,43.655263,6.1329,distributeur_sacs,Régusse,regusse,83102,83630,83,provence-alpes-cote-d-azur
10760742128,43.65585,6.131856,distributeur_sacs,Régusse,regusse,83102,83630,83,provence-alpes-cote-d-azur
10748626474,43.656422,6.129232,distributeur_sacs,Régusse,regusse,83102,83630,83,provence-alpes-cote-d-azur
10751763556,43.656739,6.130255,distributeur_sacs,Régusse,regusse,83102,83630,83,provence-alpes-cote-d-azur
11279824398,43.175977,5.92713,distributeur_sacs,Le Revest-les-Eaux,le-revest-les-eaux,83103,83200,83,provence-alpes-cote-d-azur
3085792389,43.444182,6.638178,distributeur_sacs,Roquebrune-sur-Argens,roquebrune-sur-argens,83107,83520,83,provence-alpes-cote-d-azur
3009978265,43.443143,6.637273,distributeur_sacs,Roquebrune-sur-Argens,roquebrune-sur-argens,83107,83520,83,provence-alpes-cote-d-azur
4226319397,43.444233,6.637054,distributeur_sacs,Roquebrune-sur-Argens,roquebrune-sur-argens,83107,83520,83,provence-alpes-cote-d-azur
11394915143,43.442061,6.640618,distributeur_sacs,Roquebrune-sur-Argens,roquebrune-sur-argens,83107,83520,83,provence-alpes-cote-d-azur
2796469424,43.342698,6.688786,distributeur_sacs,Roquebrune-sur-Argens,roquebrune-sur-argens,83107,83520,83,provence-alpes-cote-d-azur
2803825104,43.342139,6.693916,distributeur_sacs,Roquebrune-sur-Argens,roquebrune-sur-argens,83107,83520,83,provence-alpes-cote-d-azur
4895922796,43.341085,6.125131,distributeur_sacs,Sainte-Anastasie-sur-Issole,sainte-anastasie-sur-issole,83111,83136,83,provence-alpes-cote-d-azur
5944077867,43.163233,5.691826,poubelle_dejections,Saint-Cyr-sur-Mer,saint-cyr-sur-mer,83112,83270,83,provence-alpes-cote-d-azur
13306653088,43.325349,6.664945,distributeur_sacs,Sainte-Maxime,sainte-maxime,83115,83120,83,provence-alpes-cote-d-azur
13306727452,43.320819,6.664443,distributeur_sacs,Sainte-Maxime,sainte-maxime,83115,83120,83,provence-alpes-cote-d-azur
13306699969,43.32096,6.66458,distributeur_sacs,Sainte-Maxime,sainte-maxime,83115,83120,83,provence-alpes-cote-d-azur
13306716914,43.316597,6.667078,distributeur_sacs,Sainte-Maxime,sainte-maxime,83115,83120,83,provence-alpes-cote-d-azur
12715407418,43.428219,6.765363,distributeur_sacs,Saint-Raphaël,saint-raphael,83118,83700/83530,83,provence-alpes-cote-d-azur
12129452276,43.421683,6.769347,poubelle_dejections,Saint-Raphaël,saint-raphael,83118,83700/83530,83,provence-alpes-cote-d-azur
13120935274,43.416555,6.781997,distributeur_sacs,Saint-Raphaël,saint-raphael,83118,83700/83530,83,provence-alpes-cote-d-azur
9905442658,43.418857,6.807004,distributeur_sacs,Saint-Raphaël,saint-raphael,83118,83700/83530,83,provence-alpes-cote-d-azur
12330905796,43.270251,6.640797,distributeur_sacs,Saint-Tropez,saint-tropez,83119,83990,83,provence-alpes-cote-d-azur
12330939410,43.271588,6.64131,distributeur_sacs,Saint-Tropez,saint-tropez,83119,83990,83,provence-alpes-cote-d-azur
12330723476,43.271379,6.638555,distributeur_sacs,Saint-Tropez,saint-tropez,83119,83990,83,provence-alpes-cote-d-azur
12330955151,43.272824,6.64115,distributeur_sacs,Saint-Tropez,saint-tropez,83119,83990,83,provence-alpes-cote-d-azur
12330956510,43.272644,6.64171,distributeur_sacs,Saint-Tropez,saint-tropez,83119,83990,83,provence-alpes-cote-d-azur
12330953873,43.273186,6.641487,distributeur_sacs,Saint-Tropez,saint-tropez,83119,83990,83,provence-alpes-cote-d-azur
10078488323,43.12313,5.788142,distributeur_sacs,Sanary-sur-Mer,sanary-sur-mer,83123,83110,83,provence-alpes-cote-d-azur
4165361941,43.077546,5.808937,distributeur_sacs,Six-Fours-les-Plages,six-fours-les-plages,83129,83140,83,provence-alpes-cote-d-azur
4414008637,43.11306,5.935132,poubelle_dejections,Toulon,toulon,83137,83000/83100/83200,83,provence-alpes-cote-d-azur
12211864855,43.131603,5.934708,distributeur_sacs,Toulon,toulon,83137,83000/83100/83200,83,provence-alpes-cote-d-azur
12218081467,43.133808,5.936553,distributeur_sacs,Toulon,toulon,83137,83000/83100/83200,83,provence-alpes-cote-d-azur
12213472680,43.134661,5.937834,distributeur_sacs,Toulon,toulon,83137,83000/83100/83200,83,provence-alpes-cote-d-azur
12199031936,43.131674,5.93259,distributeur_sacs,Toulon,toulon,83137,83000/83100/83200,83,provence-alpes-cote-d-azur
12211531458,43.131461,5.930228,distributeur_sacs,Toulon,toulon,83137,83000/83100/83200,83,provence-alpes-cote-d-azur
1892942240,43.948708,4.808239,distributeur_sacs,Avignon,avignon,84007,84000,84,provence-alpes-cote-d-azur
13087315812,43.823729,5.307766,distributeur_sacs,Bonnieux,bonnieux,84020,84480,84,provence-alpes-cote-d-azur
9785124154,43.734199,5.370594,distributeur_sacs,Cadenet,cadenet,84026,84160,84,provence-alpes-cote-d-azur
11224925640,44.104655,4.757319,distributeur_sacs,Caderousse,caderousse,84027,84860,84,provence-alpes-cote-d-azur
11224897926,44.104439,4.755731,distributeur_sacs,Caderousse,caderousse,84027,84860,84,provence-alpes-cote-d-azur
11224928005,44.10453,4.759153,distributeur_sacs,Caderousse,caderousse,84027,84860,84,provence-alpes-cote-d-azur
11224926898,44.099534,4.75694,distributeur_sacs,Caderousse,caderousse,84027,84860,84,provence-alpes-cote-d-azur
11224926883,44.10114,4.757933,distributeur_sacs,Caderousse,caderousse,84027,84860,84,provence-alpes-cote-d-azur
12584515014,44.102569,4.758209,distributeur_sacs,Caderousse,caderousse,84027,84860,84,provence-alpes-cote-d-azur
11224918829,44.10317,4.757438,distributeur_sacs,Caderousse,caderousse,84027,84860,84,provence-alpes-cote-d-azur
11224908992,44.102295,4.753704,distributeur_sacs,Caderousse,caderousse,84027,84860,84,provence-alpes-cote-d-azur
11224870135,44.103076,4.752416,distributeur_sacs,Caderousse,caderousse,84027,84860,84,provence-alpes-cote-d-azur
11224909013,44.100912,4.754503,distributeur_sacs,Caderousse,caderousse,84027,84860,84,provence-alpes-cote-d-azur
11224934235,44.101179,4.754262,distributeur_sacs,Caderousse,caderousse,84027,84860,84,provence-alpes-cote-d-azur
1891202564,44.054322,5.047175,distributeur_sacs,Carpentras,carpentras,84031,84200,84,provence-alpes-cote-d-azur
1891202558,44.052419,5.047255,distributeur_sacs,Carpentras,carpentras,84031,84200,84,provence-alpes-cote-d-azur
12584515012,44.056823,4.828838,distributeur_sacs,Châteauneuf-du-Pape,chateauneuf-du-pape,84037,84230,84,provence-alpes-cote-d-azur
11387137798,44.056681,4.829752,distributeur_sacs,Châteauneuf-du-Pape,chateauneuf-du-pape,84037,84230,84,provence-alpes-cote-d-azur
12092958436,44.056982,4.829774,distributeur_sacs,Châteauneuf-du-Pape,chateauneuf-du-pape,84037,84230,84,provence-alpes-cote-d-azur
12584515013,44.056705,4.830296,distributeur_sacs,Châteauneuf-du-Pape,chateauneuf-du-pape,84037,84230,84,provence-alpes-cote-d-azur
10026462139,44.055766,4.831438,distributeur_sacs,Châteauneuf-du-Pape,chateauneuf-du-pape,84037,84230,84,provence-alpes-cote-d-azur
11217343053,44.056579,4.83328,distributeur_sacs,Châteauneuf-du-Pape,chateauneuf-du-pape,84037,84230,84,provence-alpes-cote-d-azur
10026462140,44.055751,4.833726,distributeur_sacs,Châteauneuf-du-Pape,chateauneuf-du-pape,84037,84230,84,provence-alpes-cote-d-azur
11217744650,44.055476,4.831886,distributeur_sacs,Châteauneuf-du-Pape,chateauneuf-du-pape,84037,84230,84,provence-alpes-cote-d-azur
10026462141,44.055936,4.8342,distributeur_sacs,Châteauneuf-du-Pape,chateauneuf-du-pape,84037,84230,84,provence-alpes-cote-d-azur
11209568963,44.057805,4.833174,distributeur_sacs,Châteauneuf-du-Pape,chateauneuf-du-pape,84037,84230,84,provence-alpes-cote-d-azur
11217777905,44.05829,4.830676,distributeur_sacs,Châteauneuf-du-Pape,chateauneuf-du-pape,84037,84230,84,provence-alpes-cote-d-azur
11209576643,44.057887,4.829429,distributeur_sacs,Châteauneuf-du-Pape,chateauneuf-du-pape,84037,84230,84,provence-alpes-cote-d-azur
11217794238,44.05882,4.829916,distributeur_sacs,Châteauneuf-du-Pape,chateauneuf-du-pape,84037,84230,84,provence-alpes-cote-d-azur
12584508100,44.091065,4.884645,distributeur_sacs,Courthézon,courthezon,84039,84350,84,provence-alpes-cote-d-azur
12584508099,44.090619,4.887999,distributeur_sacs,Courthézon,courthezon,84039,84350,84,provence-alpes-cote-d-azur
11199945211,44.086924,4.888036,distributeur_sacs,Courthézon,courthezon,84039,84350,84,provence-alpes-cote-d-azur
10026462135,44.085664,4.88532,distributeur_sacs,Courthézon,courthezon,84039,84350,84,provence-alpes-cote-d-azur
12584594769,44.086843,4.884807,distributeur_sacs,Courthézon,courthezon,84039,84350,84,provence-alpes-cote-d-azur
11385408271,44.087875,4.885345,distributeur_sacs,Courthézon,courthezon,84039,84350,84,provence-alpes-cote-d-azur
11199991950,44.088474,4.885721,distributeur_sacs,Courthézon,courthezon,84039,84350,84,provence-alpes-cote-d-azur
12584508098,44.089529,4.884438,distributeur_sacs,Courthézon,courthezon,84039,84350,84,provence-alpes-cote-d-azur
11385841415,44.087495,4.881743,distributeur_sacs,Courthézon,courthezon,84039,84350,84,provence-alpes-cote-d-azur
11499552681,44.08833,4.883093,distributeur_sacs,Courthézon,courthezon,84039,84350,84,provence-alpes-cote-d-azur
11385841418,44.087204,4.883977,distributeur_sacs,Courthézon,courthezon,84039,84350,84,provence-alpes-cote-d-azur
10026462138,44.085593,4.882564,distributeur_sacs,Courthézon,courthezon,84039,84350,84,provence-alpes-cote-d-azur
11200105905,44.085945,4.884151,distributeur_sacs,Courthézon,courthezon,84039,84350,84,provence-alpes-cote-d-azur
10026462134,44.085287,4.884111,distributeur_sacs,Courthézon,courthezon,84039,84350,84,provence-alpes-cote-d-azur
11207657186,44.084224,4.882995,distributeur_sacs,Courthézon,courthezon,84039,84350,84,provence-alpes-cote-d-azur
12584510801,44.090614,4.88436,distributeur_sacs,Courthézon,courthezon,84039,84350,84,provence-alpes-cote-d-azur
12582351623,44.094762,4.878987,distributeur_sacs,Courthézon,courthezon,84039,84350,84,provence-alpes-cote-d-azur
11217229942,44.093999,4.879386,distributeur_sacs,Courthézon,courthezon,84039,84350,84,provence-alpes-cote-d-azur
12582351624,44.07212,4.86433,distributeur_sacs,Courthézon,courthezon,84039,84350,84,provence-alpes-cote-d-azur
11086695906,43.863725,5.239817,distributeur_sacs,Goult,goult,84051,84220,84,provence-alpes-cote-d-azur
11217845809,44.114223,4.900012,distributeur_sacs,Jonquières,jonquieres,84056,84150,84,provence-alpes-cote-d-azur
7995843561,44.11526,4.900577,distributeur_sacs,Jonquières,jonquieres,84056,84150,84,provence-alpes-cote-d-azur
11217812822,44.11573,4.899322,distributeur_sacs,Jonquières,jonquieres,84056,84150,84,provence-alpes-cote-d-azur
10775119138,44.117505,4.901037,distributeur_sacs,Jonquières,jonquieres,84056,84150,84,provence-alpes-cote-d-azur
9994534063,44.116695,4.905358,distributeur_sacs,Jonquières,jonquieres,84056,84150,84,provence-alpes-cote-d-azur
12346199375,44.306219,4.686799,distributeur_sacs,Lapalud,lapalud,84064,84840,84,provence-alpes-cote-d-azur
10876611716,44.176048,5.131115,distributeur_sacs,Malaucène,malaucene,84069,84340,84,provence-alpes-cote-d-azur
10876196775,44.173792,5.132192,distributeur_sacs,Malaucène,malaucene,84069,84340,84,provence-alpes-cote-d-azur
12585148900,44.116046,4.824029,distributeur_sacs,Orange,orange,84087,84100,84,provence-alpes-cote-d-azur
9963192868,44.122575,4.823592,distributeur_sacs,Orange,orange,84087,84100,84,provence-alpes-cote-d-azur
12860434130,44.121401,4.82088,distributeur_sacs,Orange,orange,84087,84100,84,provence-alpes-cote-d-azur
12585157804,44.129576,4.821367,distributeur_sacs,Orange,orange,84087,84100,84,provence-alpes-cote-d-azur
12585157806,44.132952,4.821513,distributeur_sacs,Orange,orange,84087,84100,84,provence-alpes-cote-d-azur
13266848880,44.132079,4.83134,distributeur_sacs,Orange,orange,84087,84100,84,provence-alpes-cote-d-azur
12585157805,44.131622,4.829308,distributeur_sacs,Orange,orange,84087,84100,84,provence-alpes-cote-d-azur
13266848885,44.129717,4.830296,distributeur_sacs,Orange,orange,84087,84100,84,provence-alpes-cote-d-azur
9990283431,44.126937,4.830141,distributeur_sacs,Orange,orange,84087,84100,84,provence-alpes-cote-d-azur
9990283432,44.126197,4.830399,distributeur_sacs,Orange,orange,84087,84100,84,provence-alpes-cote-d-azur
9990283430,44.12647,4.837014,distributeur_sacs,Orange,orange,84087,84100,84,provence-alpes-cote-d-azur
9990283429,44.123968,4.837215,distributeur_sacs,Orange,orange,84087,84100,84,provence-alpes-cote-d-azur
10020292338,44.144167,4.805346,distributeur_sacs,Orange,orange,84087,84100,84,provence-alpes-cote-d-azur
10223302953,44.143778,4.805746,distributeur_sacs,Orange,orange,84087,84100,84,provence-alpes-cote-d-azur
12585174593,44.140062,4.809477,distributeur_sacs,Orange,orange,84087,84100,84,provence-alpes-cote-d-azur
9963192866,44.141046,4.80802,distributeur_sacs,Orange,orange,84087,84100,84,provence-alpes-cote-d-azur
9963192861,44.140373,4.808087,distributeur_sacs,Orange,orange,84087,84100,84,provence-alpes-cote-d-azur
10004248779,44.142928,4.805865,distributeur_sacs,Orange,orange,84087,84100,84,provence-alpes-cote-d-azur
10004248778,44.141842,4.806303,distributeur_sacs,Orange,orange,84087,84100,84,provence-alpes-cote-d-azur
9976653390,44.140505,4.804154,distributeur_sacs,Orange,orange,84087,84100,84,provence-alpes-cote-d-azur
9734141992,44.14082,4.804133,distributeur_sacs,Orange,orange,84087,84100,84,provence-alpes-cote-d-azur
10581472865,44.139853,4.805586,distributeur_sacs,Orange,orange,84087,84100,84,provence-alpes-cote-d-azur
9990283438,44.138755,4.803973,distributeur_sacs,Orange,orange,84087,84100,84,provence-alpes-cote-d-azur
9963192849,44.137066,4.803674,distributeur_sacs,Orange,orange,84087,84100,84,provence-alpes-cote-d-azur
4386784585,44.137306,4.805042,distributeur_sacs,Orange,orange,84087,84100,84,provence-alpes-cote-d-azur
9963192850,44.137102,4.805706,distributeur_sacs,Orange,orange,84087,84100,84,provence-alpes-cote-d-azur
10004248780,44.136773,4.806406,distributeur_sacs,Orange,orange,84087,84100,84,provence-alpes-cote-d-azur
9963192853,44.136658,4.807663,distributeur_sacs,Orange,orange,84087,84100,84,provence-alpes-cote-d-azur
9963192852,44.137523,4.807695,distributeur_sacs,Orange,orange,84087,84100,84,provence-alpes-cote-d-azur
10079586404,44.137784,4.808346,distributeur_sacs,Orange,orange,84087,84100,84,provence-alpes-cote-d-azur
9963192865,44.138146,4.807346,distributeur_sacs,Orange,orange,84087,84100,84,provence-alpes-cote-d-azur
9963192862,44.138807,4.807278,distributeur_sacs,Orange,orange,84087,84100,84,provence-alpes-cote-d-azur
9963192851,44.137242,4.809298,distributeur_sacs,Orange,orange,84087,84100,84,provence-alpes-cote-d-azur
9963192860,44.136984,4.810371,distributeur_sacs,Orange,orange,84087,84100,84,provence-alpes-cote-d-azur
10281230661,44.137667,4.811731,distributeur_sacs,Orange,orange,84087,84100,84,provence-alpes-cote-d-azur
10004248776,44.13753,4.814048,distributeur_sacs,Orange,orange,84087,84100,84,provence-alpes-cote-d-azur
10004248777,44.137484,4.816809,distributeur_sacs,Orange,orange,84087,84100,84,provence-alpes-cote-d-azur
12585157807,44.133685,4.817446,distributeur_sacs,Orange,orange,84087,84100,84,provence-alpes-cote-d-azur
9990283434,44.135826,4.815502,distributeur_sacs,Orange,orange,84087,84100,84,provence-alpes-cote-d-azur
9963192869,44.135895,4.814095,distributeur_sacs,Orange,orange,84087,84100,84,provence-alpes-cote-d-azur
2303423209,44.135653,4.810948,distributeur_sacs,Orange,orange,84087,84100,84,provence-alpes-cote-d-azur
9990283435,44.135255,4.811415,distributeur_sacs,Orange,orange,84087,84100,84,provence-alpes-cote-d-azur
11335759382,44.134571,4.813102,distributeur_sacs,Orange,orange,84087,84100,84,provence-alpes-cote-d-azur
9990283433,44.133817,4.811868,distributeur_sacs,Orange,orange,84087,84100,84,provence-alpes-cote-d-azur
9963192867,44.134215,4.813353,distributeur_sacs,Orange,orange,84087,84100,84,provence-alpes-cote-d-azur
12585157803,44.132864,4.81129,distributeur_sacs,Orange,orange,84087,84100,84,provence-alpes-cote-d-azur
12585157802,44.130246,4.81199,distributeur_sacs,Orange,orange,84087,84100,84,provence-alpes-cote-d-azur
9990283427,44.126403,4.819663,distributeur_sacs,Orange,orange,84087,84100,84,provence-alpes-cote-d-azur
9990283426,44.123993,4.819425,distributeur_sacs,Orange,orange,84087,84100,84,provence-alpes-cote-d-azur
12585157801,44.128159,4.812865,distributeur_sacs,Orange,orange,84087,84100,84,provence-alpes-cote-d-azur
9577091745,44.132979,4.804552,distributeur_sacs,Orange,orange,84087,84100,84,provence-alpes-cote-d-azur
9963192858,44.130725,4.807079,distributeur_sacs,Orange,orange,84087,84100,84,provence-alpes-cote-d-azur
9988484242,44.133328,4.809334,distributeur_sacs,Orange,orange,84087,84100,84,provence-alpes-cote-d-azur
9990283436,44.135224,4.809558,distributeur_sacs,Orange,orange,84087,84100,84,provence-alpes-cote-d-azur
9963192854,44.135183,4.810902,distributeur_sacs,Orange,orange,84087,84100,84,provence-alpes-cote-d-azur
9963192856,44.135302,4.810082,distributeur_sacs,Orange,orange,84087,84100,84,provence-alpes-cote-d-azur
9963192855,44.136146,4.81075,distributeur_sacs,Orange,orange,84087,84100,84,provence-alpes-cote-d-azur
9990283437,44.136427,4.809544,distributeur_sacs,Orange,orange,84087,84100,84,provence-alpes-cote-d-azur
3314874484,44.135891,4.807107,distributeur_sacs,Orange,orange,84087,84100,84,provence-alpes-cote-d-azur
10060955323,44.136371,4.804605,distributeur_sacs,Orange,orange,84087,84100,84,provence-alpes-cote-d-azur
12587390821,44.13533,4.804673,distributeur_sacs,Orange,orange,84087,84100,84,provence-alpes-cote-d-azur
12585174592,44.136331,4.800132,distributeur_sacs,Orange,orange,84087,84100,84,provence-alpes-cote-d-azur
9990283428,44.132835,4.797506,distributeur_sacs,Orange,orange,84087,84100,84,provence-alpes-cote-d-azur
9963192857,44.150396,4.798006,distributeur_sacs,Orange,orange,84087,84100,84,provence-alpes-cote-d-azur
10046893527,44.150355,4.802876,distributeur_sacs,Orange,orange,84087,84100,84,provence-alpes-cote-d-azur
8048255802,43.694186,5.497953,poubelle_dejections,Pertuis,pertuis,84089,84120,84,provence-alpes-cote-d-azur
11428490677,44.359369,4.913013,distributeur_sacs,Richerenches,richerenches,84097,84600,84,provence-alpes-cote-d-azur
11428490678,44.359452,4.912142,distributeur_sacs,Richerenches,richerenches,84097,84600,84,provence-alpes-cote-d-azur
11428490676,44.359821,4.91296,distributeur_sacs,Richerenches,richerenches,84097,84600,84,provence-alpes-cote-d-azur
12584783897,44.206603,5.02264,distributeur_sacs,Séguret,seguret,84126,84110,84,provence-alpes-cote-d-azur
11196517450,44.238819,5.074152,distributeur_sacs,Vaison-la-Romaine,vaison-la-romaine,84137,84110,84,provence-alpes-cote-d-azur
11196525088,44.238989,5.071529,distributeur_sacs,Vaison-la-Romaine,vaison-la-romaine,84137,84110,84,provence-alpes-cote-d-azur
12732991267,44.234459,5.090046,distributeur_sacs,Vaison-la-Romaine,vaison-la-romaine,84137,84110,84,provence-alpes-cote-d-azur
12615404815,44.382554,4.990623,distributeur_sacs,Valréas,valreas,84138,84600,84,provence-alpes-cote-d-azur
3613195407,43.921828,5.128868,distributeur_sacs,Fontaine-de-Vaucluse,fontaine-de-vaucluse,84139,84800,84,provence-alpes-cote-d-azur
12571229209,44.312659,4.952058,distributeur_sacs,Visan,visan,84150,84820,84,provence-alpes-cote-d-azur
12078016901,46.945517,-2.186697,poubelle_dejections,Barbâtre,barbatre,85011,85630,85,pays-de-la-loire
12078027092,46.945523,-2.186679,distributeur_sacs,Barbâtre,barbatre,85011,85630,85,pays-de-la-loire
13130954613,46.604159,-1.84934,distributeur_sacs,Bretignolles-sur-Mer,bretignolles-sur-mer,85035,85470,85,pays-de-la-loire
13130936034,46.612476,-1.859504,distributeur_sacs,Bretignolles-sur-Mer,bretignolles-sur-mer,85035,85470,85,pays-de-la-loire
13121610499,46.60728,-1.850794,distributeur_sacs,Bretignolles-sur-Mer,bretignolles-sur-mer,85035,85470,85,pays-de-la-loire
8575506129,46.705014,-1.917824,distributeur_sacs,Le Fenouiller,le-fenouiller,85088,85800,85,pays-de-la-loire
5614658181,46.468233,-0.804301,poubelle_dejections,Fontenay-le-Comte,fontenay-le-comte,85092,85200,85,pays-de-la-loire
12595834558,46.468669,-0.803221,distributeur_sacs,Fontenay-le-Comte,fontenay-le-comte,85092,85200,85,pays-de-la-loire
11045981705,46.390013,-1.482658,distributeur_sacs,Longeville-sur-Mer,longeville-sur-mer,85127,85560,85,pays-de-la-loire
6255365264,46.457284,-1.185331,poubelle_dejections,Luçon,lucon,85128,85400,85,pays-de-la-loire
11147326643,46.340749,-0.793534,distributeur_sacs,Maillé,maille,85132,85420,85,pays-de-la-loire
9991957236,46.534289,-1.218061,distributeur_sacs,Mareuil-sur-Lay-Dissais,mareuil-sur-lay-dissais,85135,85320,85,pays-de-la-loire
9197427200,46.977814,-1.310985,distributeur_sacs,Montaigu-Vendée,montaigu-vendee,85146,85600,85,pays-de-la-loire
12462911091,46.977663,-1.313415,distributeur_sacs,Montaigu-Vendée,montaigu-vendee,85146,85600,85,pays-de-la-loire
8874437867,46.974104,-1.312042,distributeur_sacs,Montaigu-Vendée,montaigu-vendee,85146,85600,85,pays-de-la-loire
13065636107,46.47121,-1.02623,distributeur_sacs,Nalliers,nalliers,85159,85370,85,pays-de-la-loire
8176466923,46.586205,-1.399697,poubelle_dejections,Nesmy,nesmy,85160,85310,85,pays-de-la-loire
6783167588,46.74491,-1.906876,distributeur_sacs,Notre-Dame-de-Riez,notre-dame-de-riez,85189,85270,85,pays-de-la-loire
11209004782,46.667337,-1.428469,distributeur_sacs,La Roche-sur-Yon,la-roche-sur-yon,85191,85000,85,pays-de-la-loire
9250067714,46.670262,-1.425959,poubelle_dejections,La Roche-sur-Yon,la-roche-sur-yon,85191,85000,85,pays-de-la-loire
9176396782,46.668521,-1.428304,distributeur_sacs,La Roche-sur-Yon,la-roche-sur-yon,85191,85000,85,pays-de-la-loire
11217921616,46.676982,-1.432552,distributeur_sacs,La Roche-sur-Yon,la-roche-sur-yon,85191,85000,85,pays-de-la-loire
9199206619,46.471989,-1.746057,distributeur_sacs,Les Sables-d'Olonne,les-sables-dolonne,85194,85100,85,pays-de-la-loire
9054085298,46.483569,-1.757803,distributeur_sacs,Les Sables-d'Olonne,les-sables-dolonne,85194,85100,85,pays-de-la-loire
9047168401,46.505686,-1.736471,distributeur_sacs,Les Sables-d'Olonne,les-sables-dolonne,85194,85100,85,pays-de-la-loire
4302459084,46.489712,-1.804509,distributeur_sacs,Les Sables-d'Olonne,les-sables-dolonne,85194,85100,85,pays-de-la-loire
4427642039,46.495154,-1.812562,distributeur_sacs,Les Sables-d'Olonne,les-sables-dolonne,85194,85100,85,pays-de-la-loire
13130710222,46.503475,-1.814221,poubelle_dejections,Les Sables-d'Olonne,les-sables-dolonne,85194,85100,85,pays-de-la-loire
9100114097,46.496273,-1.776514,distributeur_sacs,Les Sables-d'Olonne,les-sables-dolonne,85194,85100,85,pays-de-la-loire
9100114095,46.495491,-1.777343,distributeur_sacs,Les Sables-d'Olonne,les-sables-dolonne,85194,85100,85,pays-de-la-loire
9100114099,46.496114,-1.777173,distributeur_sacs,Les Sables-d'Olonne,les-sables-dolonne,85194,85100,85,pays-de-la-loire
9100114094,46.494899,-1.77825,distributeur_sacs,Les Sables-d'Olonne,les-sables-dolonne,85194,85100,85,pays-de-la-loire
9100114108,46.494694,-1.784119,distributeur_sacs,Les Sables-d'Olonne,les-sables-dolonne,85194,85100,85,pays-de-la-loire
9100114115,46.494201,-1.78083,distributeur_sacs,Les Sables-d'Olonne,les-sables-dolonne,85194,85100,85,pays-de-la-loire
11125427597,46.495636,-1.782287,distributeur_sacs,Les Sables-d'Olonne,les-sables-dolonne,85194,85100,85,pays-de-la-loire
12138752374,46.496592,-1.784067,distributeur_sacs,Les Sables-d'Olonne,les-sables-dolonne,85194,85100,85,pays-de-la-loire
9100114101,46.498108,-1.783653,distributeur_sacs,Les Sables-d'Olonne,les-sables-dolonne,85194,85100,85,pays-de-la-loire
9100114100,46.497088,-1.782015,distributeur_sacs,Les Sables-d'Olonne,les-sables-dolonne,85194,85100,85,pays-de-la-loire
12139526653,46.497038,-1.782226,distributeur_sacs,Les Sables-d'Olonne,les-sables-dolonne,85194,85100,85,pays-de-la-loire
12785558256,46.497945,-1.776176,distributeur_sacs,Les Sables-d'Olonne,les-sables-dolonne,85194,85100,85,pays-de-la-loire
9100114102,46.49767,-1.786123,distributeur_sacs,Les Sables-d'Olonne,les-sables-dolonne,85194,85100,85,pays-de-la-loire
8772043301,46.49714,-1.798102,poubelle_dejections,Les Sables-d'Olonne,les-sables-dolonne,85194,85100,85,pays-de-la-loire
4139076735,46.497138,-1.798101,distributeur_sacs,Les Sables-d'Olonne,les-sables-dolonne,85194,85100,85,pays-de-la-loire
4446466425,46.494378,-1.796316,distributeur_sacs,Les Sables-d'Olonne,les-sables-dolonne,85194,85100,85,pays-de-la-loire
8974405543,46.494298,-1.799308,distributeur_sacs,Les Sables-d'Olonne,les-sables-dolonne,85194,85100,85,pays-de-la-loire
12138752376,46.492513,-1.795093,distributeur_sacs,Les Sables-d'Olonne,les-sables-dolonne,85194,85100,85,pays-de-la-loire
9100125228,46.493648,-1.792408,distributeur_sacs,Les Sables-d'Olonne,les-sables-dolonne,85194,85100,85,pays-de-la-loire
4316190204,46.496283,-1.789786,distributeur_sacs,Les Sables-d'Olonne,les-sables-dolonne,85194,85100,85,pays-de-la-loire
9100114103,46.495926,-1.789658,distributeur_sacs,Les Sables-d'Olonne,les-sables-dolonne,85194,85100,85,pays-de-la-loire
9100114107,46.494484,-1.791309,distributeur_sacs,Les Sables-d'Olonne,les-sables-dolonne,85194,85100,85,pays-de-la-loire
9100125225,46.494745,-1.788435,distributeur_sacs,Les Sables-d'Olonne,les-sables-dolonne,85194,85100,85,pays-de-la-loire
8917592529,46.495776,-1.788042,distributeur_sacs,Les Sables-d'Olonne,les-sables-dolonne,85194,85100,85,pays-de-la-loire
9100125226,46.49468,-1.786643,distributeur_sacs,Les Sables-d'Olonne,les-sables-dolonne,85194,85100,85,pays-de-la-loire
8305093008,46.489987,-1.795535,poubelle_dejections,Les Sables-d'Olonne,les-sables-dolonne,85194,85100,85,pays-de-la-loire
12138752377,46.489986,-1.79553,distributeur_sacs,Les Sables-d'Olonne,les-sables-dolonne,85194,85100,85,pays-de-la-loire
4393501227,46.48943,-1.802065,distributeur_sacs,Les Sables-d'Olonne,les-sables-dolonne,85194,85100,85,pays-de-la-loire
10035834628,46.744057,-1.114187,distributeur_sacs,Sainte-Cécile,sainte-cecile,85202,85110,85,pays-de-la-loire
12141919394,46.693926,-1.934033,distributeur_sacs,Saint-Gilles-Croix-de-Vie,saint-gilles-croix-de-vie,85222,85800,85,pays-de-la-loire
12142349989,46.701973,-1.94518,distributeur_sacs,Saint-Gilles-Croix-de-Vie,saint-gilles-croix-de-vie,85222,85800,85,pays-de-la-loire
9709740280,46.46678,-1.616502,poubelle_dejections,Talmont-Saint-Hilaire,talmont-saint-hilaire,85288,85440,85,pays-de-la-loire
6874262345,46.962518,-0.990682,distributeur_sacs,Chanverrie,chanverrie,85302,85130,85,pays-de-la-loire
11152037944,46.57036,-0.767236,distributeur_sacs,Vouvant,vouvant,85305,85120,85,pays-de-la-loire
8992636241,46.608129,0.363274,poubelle_dejections,Buxerolles,buxerolles,86041,86180,86,nouvelle-aquitaine
8992636242,46.609241,0.363903,poubelle_dejections,Buxerolles,buxerolles,86041,86180,86,nouvelle-aquitaine
13230573104,46.806212,0.542709,distributeur_sacs,Châtellerault,chatellerault,86066,86100,86,nouvelle-aquitaine
11136178975,46.805564,0.540163,distributeur_sacs,Châtellerault,chatellerault,86066,86100,86,nouvelle-aquitaine
11957893312,46.80123,0.541759,distributeur_sacs,Châtellerault,chatellerault,86066,86100,86,nouvelle-aquitaine
11134173041,46.820561,0.544267,distributeur_sacs,Châtellerault,chatellerault,86066,86100,86,nouvelle-aquitaine
11401067172,46.81457,0.544968,distributeur_sacs,Châtellerault,chatellerault,86066,86100,86,nouvelle-aquitaine
11365818731,46.816774,0.543049,distributeur_sacs,Châtellerault,chatellerault,86066,86100,86,nouvelle-aquitaine
11411752112,46.818257,0.542407,distributeur_sacs,Châtellerault,chatellerault,86066,86100,86,nouvelle-aquitaine
11134278410,46.818428,0.541667,distributeur_sacs,Châtellerault,chatellerault,86066,86100,86,nouvelle-aquitaine
11134278409,46.817137,0.541724,distributeur_sacs,Châtellerault,chatellerault,86066,86100,86,nouvelle-aquitaine
11134144610,46.81682,0.541009,distributeur_sacs,Châtellerault,chatellerault,86066,86100,86,nouvelle-aquitaine
11907172431,46.810329,0.540993,distributeur_sacs,Châtellerault,chatellerault,86066,86100,86,nouvelle-aquitaine
13230570785,46.808378,0.543387,distributeur_sacs,Châtellerault,chatellerault,86066,86100,86,nouvelle-aquitaine
12396066431,46.812551,0.545012,distributeur_sacs,Châtellerault,chatellerault,86066,86100,86,nouvelle-aquitaine
11860649826,46.81052,0.54895,distributeur_sacs,Châtellerault,chatellerault,86066,86100,86,nouvelle-aquitaine
12806438830,46.676906,0.369305,distributeur_sacs,Jaunay-Marigny,jaunay-marigny,86115,86130,86,nouvelle-aquitaine
12819095416,46.677043,0.369356,distributeur_sacs,Jaunay-Marigny,jaunay-marigny,86115,86130,86,nouvelle-aquitaine
8976586319,46.678963,0.374856,distributeur_sacs,Jaunay-Marigny,jaunay-marigny,86115,86130,86,nouvelle-aquitaine
12819081696,46.677608,0.371157,distributeur_sacs,Jaunay-Marigny,jaunay-marigny,86115,86130,86,nouvelle-aquitaine
9775828919,46.464464,0.07149,distributeur_sacs,Jazeneuil,jazeneuil,86116,86600,86,nouvelle-aquitaine
10724463501,47.006058,0.074423,distributeur_sacs,Loudun,loudun,86137,86200,86,nouvelle-aquitaine
9774136718,46.436127,0.123571,distributeur_sacs,Lusignan,lusignan,86139,86600,86,nouvelle-aquitaine
9781619917,46.436545,0.126362,distributeur_sacs,Lusignan,lusignan,86139,86600,86,nouvelle-aquitaine
11911831874,46.554474,0.37647,distributeur_sacs,Mignaloux-Beauvoir,mignaloux-beauvoir,86157,86550,86,nouvelle-aquitaine
9426285279,46.543886,0.415026,distributeur_sacs,Mignaloux-Beauvoir,mignaloux-beauvoir,86157,86550,86,nouvelle-aquitaine
9759536922,46.425872,0.86819,distributeur_sacs,Montmorillon,montmorillon,86165,86500,86,nouvelle-aquitaine
9757852376,46.42483,0.87571,distributeur_sacs,Montmorillon,montmorillon,86165,86500,86,nouvelle-aquitaine
13270553560,46.577394,0.357618,distributeur_sacs,Poitiers,poitiers,86194,86000,86,nouvelle-aquitaine
5801262753,46.573894,0.33189,distributeur_sacs,Poitiers,poitiers,86194,86000,86,nouvelle-aquitaine
2204877793,46.575163,0.33225,distributeur_sacs,Poitiers,poitiers,86194,86000,86,nouvelle-aquitaine
5801219853,46.57596,0.335011,distributeur_sacs,Poitiers,poitiers,86194,86000,86,nouvelle-aquitaine
5801242753,46.573804,0.329613,distributeur_sacs,Poitiers,poitiers,86194,86000,86,nouvelle-aquitaine
1670331622,46.593229,0.324377,distributeur_sacs,Poitiers,poitiers,86194,86000,86,nouvelle-aquitaine
12641226012,46.599649,0.333973,distributeur_sacs,Poitiers,poitiers,86194,86000,86,nouvelle-aquitaine
12649542052,46.59618,0.334675,distributeur_sacs,Poitiers,poitiers,86194,86000,86,nouvelle-aquitaine
12662475516,46.590888,0.338649,distributeur_sacs,Poitiers,poitiers,86194,86000,86,nouvelle-aquitaine
12659454294,46.589246,0.334458,distributeur_sacs,Poitiers,poitiers,86194,86000,86,nouvelle-aquitaine
9309051488,46.580911,0.348927,distributeur_sacs,Poitiers,poitiers,86194,86000,86,nouvelle-aquitaine
12130870154,46.582273,0.347462,distributeur_sacs,Poitiers,poitiers,86194,86000,86,nouvelle-aquitaine
13025512695,46.566612,0.370309,distributeur_sacs,Poitiers,poitiers,86194,86000,86,nouvelle-aquitaine
10183917371,46.561035,0.392103,distributeur_sacs,Poitiers,poitiers,86194,86000,86,nouvelle-aquitaine
9082024115,45.795693,1.135415,distributeur_sacs,Aixe-sur-Vienne,aixe-sur-vienne,87001,87700,87,nouvelle-aquitaine
10936870187,46.136604,1.276503,distributeur_sacs,Châteauponsac,chateauponsac,87041,87290,87,nouvelle-aquitaine
10742370195,46.132821,1.276204,distributeur_sacs,Châteauponsac,chateauponsac,87041,87290,87,nouvelle-aquitaine
10665625756,46.134236,1.274539,distributeur_sacs,Châteauponsac,chateauponsac,87041,87290,87,nouvelle-aquitaine
10743208180,46.133892,1.276248,distributeur_sacs,Châteauponsac,chateauponsac,87041,87290,87,nouvelle-aquitaine
10743475868,46.132759,1.276776,distributeur_sacs,Châteauponsac,chateauponsac,87041,87290,87,nouvelle-aquitaine
13091883000,45.812192,1.217725,distributeur_sacs,Isle,isle,87075,87170,87,nouvelle-aquitaine
13081896627,45.806262,1.220404,distributeur_sacs,Isle,isle,87075,87170,87,nouvelle-aquitaine
13081911786,45.808026,1.215543,distributeur_sacs,Isle,isle,87075,87170,87,nouvelle-aquitaine
12613105536,45.80883,1.212718,distributeur_sacs,Isle,isle,87075,87170,87,nouvelle-aquitaine
6053068050,45.826647,1.247156,distributeur_sacs,Limoges,limoges,87085,87000/87100/87280,87,nouvelle-aquitaine
7383146571,45.839489,1.243205,poubelle_dejections,Limoges,limoges,87085,87000/87100/87280,87,nouvelle-aquitaine
7383146570,45.83949,1.243207,distributeur_sacs,Limoges,limoges,87085,87000/87100/87280,87,nouvelle-aquitaine
12455678954,45.841357,1.271768,distributeur_sacs,Limoges,limoges,87085,87000/87100/87280,87,nouvelle-aquitaine
6176517396,45.839461,1.262715,distributeur_sacs,Limoges,limoges,87085,87000/87100/87280,87,nouvelle-aquitaine
12455660390,45.829618,1.262795,distributeur_sacs,Limoges,limoges,87085,87000/87100/87280,87,nouvelle-aquitaine
13045566083,45.831872,1.264562,distributeur_sacs,Limoges,limoges,87085,87000/87100/87280,87,nouvelle-aquitaine
4892865819,45.829644,1.268807,distributeur_sacs,Limoges,limoges,87085,87000/87100/87280,87,nouvelle-aquitaine
4393373404,45.820817,1.264383,distributeur_sacs,Limoges,limoges,87085,87000/87100/87280,87,nouvelle-aquitaine
4394193596,45.820274,1.266034,distributeur_sacs,Limoges,limoges,87085,87000/87100/87280,87,nouvelle-aquitaine
7125752921,45.815782,1.266648,distributeur_sacs,Limoges,limoges,87085,87000/87100/87280,87,nouvelle-aquitaine
4394193635,45.823279,1.272249,distributeur_sacs,Limoges,limoges,87085,87000/87100/87280,87,nouvelle-aquitaine
13043509018,45.823264,1.272271,distributeur_sacs,Limoges,limoges,87085,87000/87100/87280,87,nouvelle-aquitaine
4391696925,45.823963,1.269509,distributeur_sacs,Limoges,limoges,87085,87000/87100/87280,87,nouvelle-aquitaine
4391696936,45.825934,1.269658,distributeur_sacs,Limoges,limoges,87085,87000/87100/87280,87,nouvelle-aquitaine
13041857087,45.822856,1.277424,distributeur_sacs,Limoges,limoges,87085,87000/87100/87280,87,nouvelle-aquitaine
13042534911,46.040939,0.956862,distributeur_sacs,Mortemart,mortemart,87101,87330,87,nouvelle-aquitaine
10777820809,45.886157,0.904037,distributeur_sacs,Saint-Junien,saint-junien,87154,87200,87,nouvelle-aquitaine
10947950894,45.888253,0.902729,distributeur_sacs,Saint-Junien,saint-junien,87154,87200,87,nouvelle-aquitaine
11930301830,45.886095,0.899938,distributeur_sacs,Saint-Junien,saint-junien,87154,87200,87,nouvelle-aquitaine
5692732872,47.99924,6.869042,distributeur_sacs,La Bresse,la-bresse,88075,88250,88,grand-est
6875535409,48.00139,6.872064,distributeur_sacs,La Bresse,la-bresse,88075,88250,88,grand-est
6860828054,48.006356,6.878986,distributeur_sacs,La Bresse,la-bresse,88075,88250,88,grand-est
6860827992,48.004249,6.876124,distributeur_sacs,La Bresse,la-bresse,88075,88250,88,grand-est
9826632641,48.167196,6.352577,distributeur_sacs,Chaumousey,chaumousey,88098,88390,88,grand-est
3988347157,48.180012,5.902916,distributeur_sacs,Contrexéville,contrexeville,88114,88140,88,grand-est
1845940987,48.18514,6.443649,distributeur_sacs,Épinal,epinal,88160,88000,88,grand-est
6985862419,48.17498,6.45662,poubelle_dejections,Épinal,epinal,88160,88000,88,grand-est
7007909474,48.176834,6.463263,poubelle_dejections,Épinal,epinal,88160,88000,88,grand-est
13103535212,48.192275,6.45808,distributeur_sacs,Épinal,epinal,88160,88000,88,grand-est
11452304472,48.069066,6.87428,distributeur_sacs,Gérardmer,gerardmer,88196,88400,88,grand-est
12897687188,48.063731,6.851973,distributeur_sacs,Gérardmer,gerardmer,88196,88400,88,grand-est
3867230898,48.308105,6.133749,distributeur_sacs,Mirecourt,mirecourt,88304,88500,88,grand-est
3956302172,48.404223,6.839887,distributeur_sacs,Raon-l'Étape,raon-letape,88372,88110,88,grand-est
10717392445,48.404225,6.83989,poubelle_dejections,Raon-l'Étape,raon-letape,88372,88110,88,grand-est
7139531104,48.015214,6.590792,distributeur_sacs,Remiremont,remiremont,88383,88200,88,grand-est
11768655416,48.293126,6.952418,poubelle_dejections,Saint-Dié-des-Vosges,saint-die-des-vosges,88413,88100,88,grand-est
3768975073,48.289455,6.949767,distributeur_sacs,Saint-Dié-des-Vosges,saint-die-des-vosges,88413,88100,88,grand-est
8553805561,48.285125,6.949873,distributeur_sacs,Saint-Dié-des-Vosges,saint-die-des-vosges,88413,88100,88,grand-est
3769032883,48.286353,6.94928,distributeur_sacs,Saint-Dié-des-Vosges,saint-die-des-vosges,88413,88100,88,grand-est
3769032882,48.286353,6.94929,poubelle_dejections,Saint-Dié-des-Vosges,saint-die-des-vosges,88413,88100,88,grand-est
3768972903,48.286296,6.949449,distributeur_sacs,Saint-Dié-des-Vosges,saint-die-des-vosges,88413,88100,88,grand-est
3768972913,48.287856,6.949597,distributeur_sacs,Saint-Dié-des-Vosges,saint-die-des-vosges,88413,88100,88,grand-est
8534134480,48.291377,6.942879,distributeur_sacs,Saint-Dié-des-Vosges,saint-die-des-vosges,88413,88100,88,grand-est
13329036445,48.345349,6.826049,distributeur_sacs,Saint-Remy,saint-remy,88435,88480,88,grand-est
9885255813,47.948814,6.755454,distributeur_sacs,Saulxures-sur-Moselotte,saulxures-sur-moselotte,88447,88290,88,grand-est
6175313306,47.952237,6.752597,distributeur_sacs,Saulxures-sur-Moselotte,saulxures-sur-moselotte,88447,88290,88,grand-est
12896401509,47.948263,6.768944,distributeur_sacs,Saulxures-sur-Moselotte,saulxures-sur-moselotte,88447,88290,88,grand-est
6594979948,47.948504,6.773561,poubelle_dejections,Saulxures-sur-Moselotte,saulxures-sur-moselotte,88447,88290,88,grand-est
9885690817,47.950455,6.776728,distributeur_sacs,Saulxures-sur-Moselotte,saulxures-sur-moselotte,88447,88290,88,grand-est
7320483750,48.246723,6.426646,distributeur_sacs,Thaon-les-Vosges,thaon-les-vosges,88465,88150,88,grand-est
877249036,48.246488,6.426614,distributeur_sacs,Thaon-les-Vosges,thaon-les-vosges,88465,88150,88,grand-est
7332709120,48.247348,6.427937,distributeur_sacs,Thaon-les-Vosges,thaon-les-vosges,88465,88150,88,grand-est
7320513298,48.247898,6.427553,distributeur_sacs,Thaon-les-Vosges,thaon-les-vosges,88465,88150,88,grand-est
7320513288,48.247419,6.427137,distributeur_sacs,Thaon-les-Vosges,thaon-les-vosges,88465,88150,88,grand-est
7320513292,48.247896,6.426608,distributeur_sacs,Thaon-les-Vosges,thaon-les-vosges,88465,88150,88,grand-est
10969173266,47.88788,6.759213,poubelle_dejections,Le Thillot,le-thillot,88468,88160,88,grand-est
10969173277,47.887857,6.75636,poubelle_dejections,Le Thillot,le-thillot,88468,88160,88,grand-est
13197274055,48.007814,6.7143,distributeur_sacs,Vagney,vagney,88486,88120,88,grand-est
12451219608,47.876131,3.349092,distributeur_sacs,Montholon,montholon,89003,89110,89,bourgogne-franche-comte
13038217398,47.775554,4.164016,distributeur_sacs,Ancy-le-Franc,ancy-le-franc,89005,89160,89,bourgogne-franche-comte
12169750960,47.756376,4.108723,distributeur_sacs,Argenteuil-sur-Armançon,argenteuil-sur-armancon,89017,89160,89,bourgogne-franche-comte
5358925551,47.791901,3.546893,distributeur_sacs,Auxerre,auxerre,89024,89000,89,bourgogne-franche-comte
5803676951,47.795545,3.544317,distributeur_sacs,Auxerre,auxerre,89024,89000,89,bourgogne-franche-comte
4919823915,47.794406,3.555065,distributeur_sacs,Auxerre,auxerre,89024,89000,89,bourgogne-franche-comte
6022601642,47.802499,3.558552,distributeur_sacs,Auxerre,auxerre,89024,89000,89,bourgogne-franche-comte
4543944197,47.801572,3.559774,distributeur_sacs,Auxerre,auxerre,89024,89000,89,bourgogne-franche-comte
8065691796,47.802947,3.566765,distributeur_sacs,Auxerre,auxerre,89024,89000,89,bourgogne-franche-comte
7411141577,47.800541,3.567608,distributeur_sacs,Auxerre,auxerre,89024,89000,89,bourgogne-franche-comte
7266160622,47.800639,3.566319,distributeur_sacs,Auxerre,auxerre,89024,89000,89,bourgogne-franche-comte
4192464196,47.798159,3.565605,distributeur_sacs,Auxerre,auxerre,89024,89000,89,bourgogne-franche-comte
7417428183,47.798217,3.567843,distributeur_sacs,Auxerre,auxerre,89024,89000,89,bourgogne-franche-comte
7417428182,47.799059,3.567991,distributeur_sacs,Auxerre,auxerre,89024,89000,89,bourgogne-franche-comte
4188196748,47.798525,3.569016,distributeur_sacs,Auxerre,auxerre,89024,89000,89,bourgogne-franche-comte
4192464195,47.797534,3.567121,distributeur_sacs,Auxerre,auxerre,89024,89000,89,bourgogne-franche-comte
11438451797,47.795913,3.566127,distributeur_sacs,Auxerre,auxerre,89024,89000,89,bourgogne-franche-comte
4190755501,47.795443,3.5667,distributeur_sacs,Auxerre,auxerre,89024,89000,89,bourgogne-franche-comte
13285505247,47.792827,3.566622,distributeur_sacs,Auxerre,auxerre,89024,89000,89,bourgogne-franche-comte
5278054132,47.794742,3.566341,distributeur_sacs,Auxerre,auxerre,89024,89000,89,bourgogne-franche-comte
12167970137,47.79459,3.567913,distributeur_sacs,Auxerre,auxerre,89024,89000,89,bourgogne-franche-comte
4186128240,47.79368,3.568938,distributeur_sacs,Auxerre,auxerre,89024,89000,89,bourgogne-franche-comte
4224143606,47.789854,3.567968,distributeur_sacs,Auxerre,auxerre,89024,89000,89,bourgogne-franche-comte
4194459325,47.787526,3.572602,distributeur_sacs,Auxerre,auxerre,89024,89000,89,bourgogne-franche-comte
4194459399,47.788354,3.569955,distributeur_sacs,Auxerre,auxerre,89024,89000,89,bourgogne-franche-comte
6407450092,47.791849,3.569583,distributeur_sacs,Auxerre,auxerre,89024,89000,89,bourgogne-franche-comte
4194459429,47.789255,3.571664,distributeur_sacs,Auxerre,auxerre,89024,89000,89,bourgogne-franche-comte
4222658189,47.78713,3.576416,distributeur_sacs,Auxerre,auxerre,89024,89000,89,bourgogne-franche-comte
10146892289,47.783053,3.584065,distributeur_sacs,Auxerre,auxerre,89024,89000,89,bourgogne-franche-comte
12473854117,47.785596,3.598323,distributeur_sacs,Auxerre,auxerre,89024,89000,89,bourgogne-franche-comte
5675605255,47.801262,3.589718,distributeur_sacs,Auxerre,auxerre,89024,89000,89,bourgogne-franche-comte
12828680049,47.803557,3.582179,distributeur_sacs,Auxerre,auxerre,89024,89000,89,bourgogne-franche-comte
12828702019,47.802173,3.580301,distributeur_sacs,Auxerre,auxerre,89024,89000,89,bourgogne-franche-comte
5247125883,47.798952,3.582951,distributeur_sacs,Auxerre,auxerre,89024,89000,89,bourgogne-franche-comte
12612882421,47.796954,3.584561,distributeur_sacs,Auxerre,auxerre,89024,89000,89,bourgogne-franche-comte
11838391459,47.794566,3.5837,distributeur_sacs,Auxerre,auxerre,89024,89000,89,bourgogne-franche-comte
2357274220,47.792744,3.58246,distributeur_sacs,Auxerre,auxerre,89024,89000,89,bourgogne-franche-comte
11934870264,47.794791,3.579623,distributeur_sacs,Auxerre,auxerre,89024,89000,89,bourgogne-franche-comte
6051731706,47.795787,3.579499,distributeur_sacs,Auxerre,auxerre,89024,89000,89,bourgogne-franche-comte
12828701231,47.797075,3.579058,distributeur_sacs,Auxerre,auxerre,89024,89000,89,bourgogne-franche-comte
2357213681,47.795988,3.575138,distributeur_sacs,Auxerre,auxerre,89024,89000,89,bourgogne-franche-comte
9372193112,47.796252,3.576209,distributeur_sacs,Auxerre,auxerre,89024,89000,89,bourgogne-franche-comte
2357190689,47.794844,3.577385,distributeur_sacs,Auxerre,auxerre,89024,89000,89,bourgogne-franche-comte
2357202904,47.793997,3.576294,distributeur_sacs,Auxerre,auxerre,89024,89000,89,bourgogne-franche-comte
11934860866,47.794028,3.577539,distributeur_sacs,Auxerre,auxerre,89024,89000,89,bourgogne-franche-comte
2357202903,47.793235,3.574267,distributeur_sacs,Auxerre,auxerre,89024,89000,89,bourgogne-franche-comte
2357202905,47.795019,3.573725,distributeur_sacs,Auxerre,auxerre,89024,89000,89,bourgogne-franche-comte
4818892288,47.794932,3.571912,distributeur_sacs,Auxerre,auxerre,89024,89000,89,bourgogne-franche-comte
6027789955,47.792537,3.569625,distributeur_sacs,Auxerre,auxerre,89024,89000,89,bourgogne-franche-comte
4187640808,47.794246,3.571182,distributeur_sacs,Auxerre,auxerre,89024,89000,89,bourgogne-franche-comte
3008949426,47.795228,3.569684,distributeur_sacs,Auxerre,auxerre,89024,89000,89,bourgogne-franche-comte
9372193109,47.795779,3.569109,distributeur_sacs,Auxerre,auxerre,89024,89000,89,bourgogne-franche-comte
5760207546,47.796117,3.571366,distributeur_sacs,Auxerre,auxerre,89024,89000,89,bourgogne-franche-comte
5955622834,47.797217,3.572983,distributeur_sacs,Auxerre,auxerre,89024,89000,89,bourgogne-franche-comte
2357213682,47.797561,3.572187,distributeur_sacs,Auxerre,auxerre,89024,89000,89,bourgogne-franche-comte
9372193108,47.79744,3.569457,distributeur_sacs,Auxerre,auxerre,89024,89000,89,bourgogne-franche-comte
2357213684,47.800009,3.571904,distributeur_sacs,Auxerre,auxerre,89024,89000,89,bourgogne-franche-comte
2357213683,47.799164,3.571857,distributeur_sacs,Auxerre,auxerre,89024,89000,89,bourgogne-franche-comte
9372193114,47.798342,3.577286,distributeur_sacs,Auxerre,auxerre,89024,89000,89,bourgogne-franche-comte
9372193111,47.800991,3.576713,distributeur_sacs,Auxerre,auxerre,89024,89000,89,bourgogne-franche-comte
6414860006,47.799988,3.574531,distributeur_sacs,Auxerre,auxerre,89024,89000,89,bourgogne-franche-comte
6126592329,47.802573,3.572902,distributeur_sacs,Auxerre,auxerre,89024,89000,89,bourgogne-franche-comte
9507553859,47.801395,3.572078,distributeur_sacs,Auxerre,auxerre,89024,89000,89,bourgogne-franche-comte
4413996614,47.812252,3.576236,distributeur_sacs,Auxerre,auxerre,89024,89000,89,bourgogne-franche-comte
12828680050,47.806763,3.582124,distributeur_sacs,Auxerre,auxerre,89024,89000,89,bourgogne-franche-comte
12239730574,47.823518,3.559107,distributeur_sacs,Auxerre,auxerre,89024,89000,89,bourgogne-franche-comte
4626709875,47.806645,3.567789,distributeur_sacs,Auxerre,auxerre,89024,89000,89,bourgogne-franche-comte
10209825067,47.804925,3.566143,distributeur_sacs,Auxerre,auxerre,89024,89000,89,bourgogne-franche-comte
4193559777,47.806565,3.554924,distributeur_sacs,Auxerre,auxerre,89024,89000,89,bourgogne-franche-comte
12029930555,47.481108,3.886346,distributeur_sacs,Avallon,avallon,89025,89200,89,bourgogne-franche-comte
11908207665,47.488092,3.9006,distributeur_sacs,Avallon,avallon,89025,89200,89,bourgogne-franche-comte
11393942037,47.486162,3.907047,distributeur_sacs,Avallon,avallon,89025,89200,89,bourgogne-franche-comte
11553860017,47.488191,3.909208,distributeur_sacs,Avallon,avallon,89025,89200,89,bourgogne-franche-comte
11745983507,47.491257,3.909442,distributeur_sacs,Avallon,avallon,89025,89200,89,bourgogne-franche-comte
11246625029,47.491507,3.906275,distributeur_sacs,Avallon,avallon,89025,89200,89,bourgogne-franche-comte
11233699841,47.489043,3.908371,distributeur_sacs,Avallon,avallon,89025,89200,89,bourgogne-franche-comte
11746011071,47.488546,3.907368,distributeur_sacs,Avallon,avallon,89025,89200,89,bourgogne-franche-comte
11581625268,47.489717,3.907662,distributeur_sacs,Avallon,avallon,89025,89200,89,bourgogne-franche-comte
11581625267,47.489513,3.906983,distributeur_sacs,Avallon,avallon,89025,89200,89,bourgogne-franche-comte
12323583735,47.488796,3.906005,distributeur_sacs,Avallon,avallon,89025,89200,89,bourgogne-franche-comte
12736419774,47.488994,3.905794,distributeur_sacs,Avallon,avallon,89025,89200,89,bourgogne-franche-comte
11775139105,47.488473,3.905051,distributeur_sacs,Avallon,avallon,89025,89200,89,bourgogne-franche-comte
11775139102,47.4884,3.904391,distributeur_sacs,Avallon,avallon,89025,89200,89,bourgogne-franche-comte
11647235707,47.490033,3.897166,distributeur_sacs,Avallon,avallon,89025,89200,89,bourgogne-franche-comte
11383947676,47.488472,3.899122,distributeur_sacs,Avallon,avallon,89025,89200,89,bourgogne-franche-comte
13211939210,47.815882,3.799854,distributeur_sacs,Chablis,chablis,89068,89800,89,bourgogne-franche-comte
13208956959,47.816086,3.798937,distributeur_sacs,Chablis,chablis,89068,89800,89,bourgogne-franche-comte
12578542007,47.682602,3.688734,distributeur_sacs,Deux Rivières,deux-rivieres,89130,89460,89,bourgogne-franche-comte
13084253449,47.502989,4.03587,distributeur_sacs,Guillon-Terre-Plaine,guillon-terre-plaine,89197,89420,89,bourgogne-franche-comte
13483263765,47.588046,4.003234,distributeur_sacs,L'Isle-sur-Serein,lisle-sur-serein,89204,89440,89,bourgogne-franche-comte
13274081888,47.976968,3.398305,distributeur_sacs,Joigny,joigny,89206,89300,89,bourgogne-franche-comte
9091023117,47.982678,3.396594,distributeur_sacs,Joigny,joigny,89206,89300,89,bourgogne-franche-comte
11276576547,47.624351,3.863337,distributeur_sacs,Joux-la-Ville,joux-la-ville,89208,89440,89,bourgogne-franche-comte
13440721360,47.800205,4.091176,distributeur_sacs,Lézinnes,lezinnes,89223,89160,89,bourgogne-franche-comte
13440721403,47.802165,4.089558,distributeur_sacs,Lézinnes,lezinnes,89223,89160,89,bourgogne-franche-comte
11252692123,47.85118,3.577629,distributeur_sacs,Monéteau,moneteau,89263,89470,89,bourgogne-franche-comte
12145961157,47.368444,3.996775,distributeur_sacs,Quarré-les-Tombes,quarre-les-tombes,89318,89630,89,bourgogne-franche-comte
11239888501,47.745462,3.648321,distributeur_sacs,Saint-Bris-le-Vineux,saint-bris-le-vineux,89337,89530,89,bourgogne-franche-comte
2372849621,47.997086,3.730093,distributeur_sacs,Saint-Florentin,saint-florentin,89345,89600,89,bourgogne-franche-comte
2372849622,47.997942,3.731114,distributeur_sacs,Saint-Florentin,saint-florentin,89345,89600,89,bourgogne-franche-comte
12096791699,48.178494,3.094608,distributeur_sacs,Saint-Valérien,saint-valerien,89370,89150,89,bourgogne-franche-comte
7204220161,48.199411,3.288731,poubelle_dejections,Sens,sens,89387,89100,89,bourgogne-franche-comte
7195505497,48.19878,3.278185,poubelle_dejections,Sens,sens,89387,89100,89,bourgogne-franche-comte
5344296944,48.198739,3.274134,poubelle_dejections,Sens,sens,89387,89100,89,bourgogne-franche-comte
5344402544,48.198709,3.274135,distributeur_sacs,Sens,sens,89387,89100,89,bourgogne-franche-comte
2663516099,48.193686,3.28305,distributeur_sacs,Sens,sens,89387,89100,89,bourgogne-franche-comte
13130497604,47.856702,3.975411,distributeur_sacs,Tonnerre,tonnerre,89418,89700,89,bourgogne-franche-comte
11948514936,47.863385,3.973652,distributeur_sacs,Tonnerre,tonnerre,89418,89700,89,bourgogne-franche-comte
5032323216,48.08226,3.294425,distributeur_sacs,Villeneuve-sur-Yonne,villeneuve-sur-yonne,89464,89500,89,bourgogne-franche-comte
12883465062,48.083041,3.290728,distributeur_sacs,Villeneuve-sur-Yonne,villeneuve-sur-yonne,89464,89500,89,bourgogne-franche-comte
12883465063,48.082514,3.291513,distributeur_sacs,Villeneuve-sur-Yonne,villeneuve-sur-yonne,89464,89500,89,bourgogne-franche-comte
8595583225,47.48486,6.917302,distributeur_sacs,Beaucourt,beaucourt,90009,90500,90,bourgogne-franche-comte
8595654382,47.487564,6.925909,distributeur_sacs,Beaucourt,beaucourt,90009,90500,90,bourgogne-franche-comte
5173404748,47.483537,6.927088,distributeur_sacs,Beaucourt,beaucourt,90009,90500,90,bourgogne-franche-comte
10291427291,47.630371,6.865385,distributeur_sacs,Belfort,belfort,90010,90000,90,bourgogne-franche-comte
9673864767,47.630219,6.858882,distributeur_sacs,Belfort,belfort,90010,90000,90,bourgogne-franche-comte
3924370263,47.633907,6.852132,distributeur_sacs,Belfort,belfort,90010,90000,90,bourgogne-franche-comte
4817474739,47.634254,6.8608,distributeur_sacs,Belfort,belfort,90010,90000,90,bourgogne-franche-comte
3700375322,47.634927,6.860622,distributeur_sacs,Belfort,belfort,90010,90000,90,bourgogne-franche-comte
11466054218,47.639318,6.856746,distributeur_sacs,Belfort,belfort,90010,90000,90,bourgogne-franche-comte
8524489847,47.644375,6.933349,distributeur_sacs,Bessoncourt,bessoncourt,90012,90160,90,bourgogne-franche-comte
8524935062,47.6574,6.997407,distributeur_sacs,Fontaine,fontaine,90047,90150,90,bourgogne-franche-comte
8551870924,47.666459,7.002639,distributeur_sacs,Fontaine,fontaine,90047,90150,90,bourgogne-franche-comte
7153922320,48.71149,2.390469,distributeur_sacs,Athis-Mons,athis-mons,91027,91200,91,ile-de-france
11217400986,48.714709,2.399662,distributeur_sacs,Athis-Mons,athis-mons,91027,91200,91,ile-de-france
7151151243,48.713173,2.401614,distributeur_sacs,Athis-Mons,athis-mons,91027,91200,91,ile-de-france
11217400987,48.716104,2.401471,distributeur_sacs,Athis-Mons,athis-mons,91027,91200,91,ile-de-france
7145532408,48.706792,2.401875,distributeur_sacs,Athis-Mons,athis-mons,91027,91200,91,ile-de-france
7145532409,48.709278,2.402679,distributeur_sacs,Athis-Mons,athis-mons,91027,91200,91,ile-de-france
8242481449,48.706995,2.39572,distributeur_sacs,Athis-Mons,athis-mons,91027,91200,91,ile-de-france
8870112605,48.705627,2.393639,distributeur_sacs,Athis-Mons,athis-mons,91027,91200,91,ile-de-france
7148985742,48.708385,2.387795,distributeur_sacs,Athis-Mons,athis-mons,91027,91200,91,ile-de-france
7148985735,48.707739,2.387779,distributeur_sacs,Athis-Mons,athis-mons,91027,91200,91,ile-de-france
7149090337,48.709884,2.389286,distributeur_sacs,Athis-Mons,athis-mons,91027,91200,91,ile-de-france
7145969318,48.709315,2.38678,distributeur_sacs,Athis-Mons,athis-mons,91027,91200,91,ile-de-france
7145532407,48.70606,2.385462,distributeur_sacs,Athis-Mons,athis-mons,91027,91200,91,ile-de-france
7148985739,48.707366,2.389292,distributeur_sacs,Athis-Mons,athis-mons,91027,91200,91,ile-de-france
7148992834,48.702694,2.388052,distributeur_sacs,Athis-Mons,athis-mons,91027,91200,91,ile-de-france
7151470253,48.699058,2.382584,distributeur_sacs,Athis-Mons,athis-mons,91027,91200,91,ile-de-france
7151423511,48.704205,2.386741,distributeur_sacs,Athis-Mons,athis-mons,91027,91200,91,ile-de-france
7151405610,48.706063,2.380402,distributeur_sacs,Athis-Mons,athis-mons,91027,91200,91,ile-de-france
7149090338,48.707535,2.378182,distributeur_sacs,Athis-Mons,athis-mons,91027,91200,91,ile-de-france
7149090340,48.704658,2.36472,distributeur_sacs,Athis-Mons,athis-mons,91027,91200,91,ile-de-france
7149090359,48.703733,2.371491,distributeur_sacs,Athis-Mons,athis-mons,91027,91200,91,ile-de-france
7149090356,48.701061,2.370834,distributeur_sacs,Athis-Mons,athis-mons,91027,91200,91,ile-de-france
7149090361,48.699023,2.372658,distributeur_sacs,Athis-Mons,athis-mons,91027,91200,91,ile-de-france
11742006117,48.609432,2.303842,distributeur_sacs,Brétigny-sur-Orge,bretigny-sur-orge,91103,91220,91,ile-de-france
11742006749,48.607825,2.305102,distributeur_sacs,Brétigny-sur-Orge,bretigny-sur-orge,91103,91220,91,ile-de-france
9653429493,48.607895,2.305444,poubelle_dejections,Brétigny-sur-Orge,bretigny-sur-orge,91103,91220,91,ile-de-france
11765949632,48.608112,2.307036,distributeur_sacs,Brétigny-sur-Orge,bretigny-sur-orge,91103,91220,91,ile-de-france
11742027667,48.607258,2.305232,distributeur_sacs,Brétigny-sur-Orge,bretigny-sur-orge,91103,91220,91,ile-de-france
11741991232,48.607021,2.303004,distributeur_sacs,Brétigny-sur-Orge,bretigny-sur-orge,91103,91220,91,ile-de-france
11765973466,48.605768,2.30322,distributeur_sacs,Brétigny-sur-Orge,bretigny-sur-orge,91103,91220,91,ile-de-france
11722277590,48.600803,2.292205,distributeur_sacs,Brétigny-sur-Orge,bretigny-sur-orge,91103,91220,91,ile-de-france
11745822130,48.598265,2.284042,poubelle_dejections,Brétigny-sur-Orge,bretigny-sur-orge,91103,91220,91,ile-de-france
11741971045,48.60063,2.285631,distributeur_sacs,Brétigny-sur-Orge,bretigny-sur-orge,91103,91220,91,ile-de-france
11722380216,48.604052,2.29023,distributeur_sacs,Brétigny-sur-Orge,bretigny-sur-orge,91103,91220,91,ile-de-france
11722427495,48.602632,2.286746,distributeur_sacs,Brétigny-sur-Orge,bretigny-sur-orge,91103,91220,91,ile-de-france
11731262580,48.604752,2.295907,distributeur_sacs,Brétigny-sur-Orge,bretigny-sur-orge,91103,91220,91,ile-de-france
11722295646,48.605789,2.295866,distributeur_sacs,Brétigny-sur-Orge,bretigny-sur-orge,91103,91220,91,ile-de-france
11722303105,48.605135,2.298284,distributeur_sacs,Brétigny-sur-Orge,bretigny-sur-orge,91103,91220,91,ile-de-france
11745835834,48.605873,2.297831,poubelle_dejections,Brétigny-sur-Orge,bretigny-sur-orge,91103,91220,91,ile-de-france
11745822149,48.606069,2.297576,poubelle_dejections,Brétigny-sur-Orge,bretigny-sur-orge,91103,91220,91,ile-de-france
11753875094,48.606759,2.29901,poubelle_dejections,Brétigny-sur-Orge,bretigny-sur-orge,91103,91220,91,ile-de-france
11745822899,48.606328,2.293202,poubelle_dejections,Brétigny-sur-Orge,bretigny-sur-orge,91103,91220,91,ile-de-france
11734499021,48.611843,2.298733,poubelle_dejections,Brétigny-sur-Orge,bretigny-sur-orge,91103,91220,91,ile-de-france
11734500687,48.613499,2.300068,poubelle_dejections,Brétigny-sur-Orge,bretigny-sur-orge,91103,91220,91,ile-de-france
9064436330,48.636081,2.146919,distributeur_sacs,Briis-sous-Forges,briis-sous-forges,91111,91640,91,ile-de-france
8420531007,48.696311,2.158277,poubelle_dejections,Bures-sur-Yvette,bures-sur-yvette,91122,91440,91,ile-de-france
12783795779,48.609013,2.486798,distributeur_sacs,Corbeil-Essonnes,corbeil-essonnes,91174,91100,91,ile-de-france
12783813203,48.609101,2.487371,distributeur_sacs,Corbeil-Essonnes,corbeil-essonnes,91174,91100,91,ile-de-france
2533625220,48.429227,2.147092,distributeur_sacs,Étampes,etampes,91223,91150,91,ile-de-france
8541175621,48.615849,2.406127,poubelle_dejections,Évry-Courcouronnes,evry-courcouronnes,91228,91000,91,ile-de-france
7151518200,48.697733,2.370964,distributeur_sacs,Juvisy-sur-Orge,juvisy-sur-orge,91326,91260,91,ile-de-france
7358343755,48.690595,2.372107,distributeur_sacs,Juvisy-sur-Orge,juvisy-sur-orge,91326,91260,91,ile-de-france
7366292151,48.688593,2.375881,distributeur_sacs,Juvisy-sur-Orge,juvisy-sur-orge,91326,91260,91,ile-de-france
7366292136,48.687579,2.377163,distributeur_sacs,Juvisy-sur-Orge,juvisy-sur-orge,91326,91260,91,ile-de-france
7283590367,48.690456,2.379184,distributeur_sacs,Juvisy-sur-Orge,juvisy-sur-orge,91326,91260,91,ile-de-france
7354454166,48.69508,2.373922,distributeur_sacs,Juvisy-sur-Orge,juvisy-sur-orge,91326,91260,91,ile-de-france
7285259226,48.694413,2.382393,distributeur_sacs,Juvisy-sur-Orge,juvisy-sur-orge,91326,91260,91,ile-de-france
7279416904,48.694466,2.378273,distributeur_sacs,Juvisy-sur-Orge,juvisy-sur-orge,91326,91260,91,ile-de-france
7151158881,48.69318,2.382807,distributeur_sacs,Juvisy-sur-Orge,juvisy-sur-orge,91326,91260,91,ile-de-france
10295243765,48.643666,2.07854,distributeur_sacs,Limours,limours,91338,91470,91,ile-de-france
10295222652,48.643682,2.076942,distributeur_sacs,Limours,limours,91338,91470,91,ile-de-france
10300977342,48.641937,2.070293,distributeur_sacs,Limours,limours,91338,91470,91,ile-de-france
10303129730,48.640773,2.08051,distributeur_sacs,Limours,limours,91338,91470,91,ile-de-france
12613299453,48.630319,2.267006,distributeur_sacs,Linas,linas,91339,91310,91,ile-de-france
12634063053,48.632323,2.265207,distributeur_sacs,Linas,linas,91339,91310,91,ile-de-france
12616327313,48.594321,2.442059,distributeur_sacs,Lisses,lisses,91340,91090,91,ile-de-france
13128385934,48.735818,2.254326,distributeur_sacs,Massy,massy,91377,91300,91,ile-de-france
12645075630,48.72627,2.273292,distributeur_sacs,Massy,massy,91377,91300,91,ile-de-france
12645054427,48.72607,2.273674,distributeur_sacs,Massy,massy,91377,91300,91,ile-de-france
11813617570,48.733829,2.25151,distributeur_sacs,Massy,massy,91377,91300,91,ile-de-france
11107442837,48.726872,2.256661,distributeur_sacs,Massy,massy,91377,91300,91,ile-de-france
13074373713,48.731679,2.283891,distributeur_sacs,Massy,massy,91377,91300,91,ile-de-france
11056966239,48.735003,2.289263,distributeur_sacs,Massy,massy,91377,91300,91,ile-de-france
9749271950,48.404473,2.471503,poubelle_dejections,Milly-la-Forêt,milly-la-foret,91405,91490,91,ile-de-france
9755471019,48.403073,2.465577,poubelle_dejections,Milly-la-Forêt,milly-la-foret,91405,91490,91,ile-de-france
10313087809,48.674143,2.070061,distributeur_sacs,Les Molières,les-molieres,91411,91470,91,ile-de-france
8457404530,48.673378,2.06943,distributeur_sacs,Les Molières,les-molieres,91411,91470,91,ile-de-france
11931647151,48.640537,2.26071,distributeur_sacs,Montlhéry,montlhery,91425,91310,91,ile-de-france
12745029671,48.643941,2.278067,distributeur_sacs,Montlhéry,montlhery,91425,91310,91,ile-de-france
11433200961,48.644226,2.276842,distributeur_sacs,Montlhéry,montlhery,91425,91310,91,ile-de-france
10797796325,48.644733,2.272761,distributeur_sacs,Montlhéry,montlhery,91425,91310,91,ile-de-france
10700761579,48.644358,2.269462,distributeur_sacs,Montlhéry,montlhery,91425,91310,91,ile-de-france
12704649462,48.644829,2.271978,distributeur_sacs,Montlhéry,montlhery,91425,91310,91,ile-de-france
10681528237,48.643683,2.270463,distributeur_sacs,Montlhéry,montlhery,91425,91310,91,ile-de-france
10116901385,48.641123,2.270694,distributeur_sacs,Montlhéry,montlhery,91425,91310,91,ile-de-france
11707826864,48.640736,2.27113,distributeur_sacs,Montlhéry,montlhery,91425,91310,91,ile-de-france
10116803202,48.639645,2.270952,distributeur_sacs,Montlhéry,montlhery,91425,91310,91,ile-de-france
10751314586,48.638743,2.273471,distributeur_sacs,Montlhéry,montlhery,91425,91310,91,ile-de-france
10983714513,48.638448,2.274122,distributeur_sacs,Montlhéry,montlhery,91425,91310,91,ile-de-france
10204470620,48.638365,2.27475,poubelle_dejections,Montlhéry,montlhery,91425,91310,91,ile-de-france
10811648838,48.638897,2.274817,poubelle_dejections,Montlhéry,montlhery,91425,91310,91,ile-de-france
10983686976,48.638646,2.27448,distributeur_sacs,Montlhéry,montlhery,91425,91310,91,ile-de-france
10674002600,48.639366,2.272461,distributeur_sacs,Montlhéry,montlhery,91425,91310,91,ile-de-france
10116888136,48.640798,2.27241,distributeur_sacs,Montlhéry,montlhery,91425,91310,91,ile-de-france
11438452703,48.643163,2.276528,distributeur_sacs,Montlhéry,montlhery,91425,91310,91,ile-de-france
13294734714,48.641844,2.277911,distributeur_sacs,Montlhéry,montlhery,91425,91310,91,ile-de-france
12585601464,48.641899,2.277813,distributeur_sacs,Montlhéry,montlhery,91425,91310,91,ile-de-france
11433200967,48.643629,2.276659,distributeur_sacs,Montlhéry,montlhery,91425,91310,91,ile-de-france
10685364350,48.637187,2.27477,distributeur_sacs,Montlhéry,montlhery,91425,91310,91,ile-de-france
10801225939,48.637154,2.272291,distributeur_sacs,Montlhéry,montlhery,91425,91310,91,ile-de-france
10702685236,48.636911,2.270031,distributeur_sacs,Montlhéry,montlhery,91425,91310,91,ile-de-france
8118835550,48.708776,2.246653,poubelle_dejections,Palaiseau,palaiseau,91477,91120,91,ile-de-france
8118835556,48.70863,2.245615,poubelle_dejections,Palaiseau,palaiseau,91477,91120,91,ile-de-france
12212124772,48.702332,2.23291,distributeur_sacs,Palaiseau,palaiseau,91477,91120,91,ile-de-france
10727326408,48.706236,2.237398,poubelle_dejections,Palaiseau,palaiseau,91477,91120,91,ile-de-france
11107416870,48.702803,2.209873,distributeur_sacs,Palaiseau,palaiseau,91477,91120,91,ile-de-france
5857159240,48.703471,2.207727,poubelle_dejections,Palaiseau,palaiseau,91477,91120,91,ile-de-france
5857159241,48.70347,2.207726,distributeur_sacs,Palaiseau,palaiseau,91477,91120,91,ile-de-france
12185981333,48.705399,2.209986,distributeur_sacs,Palaiseau,palaiseau,91477,91120,91,ile-de-france
11080103088,48.703479,2.206207,distributeur_sacs,Palaiseau,palaiseau,91477,91120,91,ile-de-france
11080132205,48.703659,2.205647,distributeur_sacs,Palaiseau,palaiseau,91477,91120,91,ile-de-france
8091168488,48.71653,2.234021,poubelle_dejections,Palaiseau,palaiseau,91477,91120,91,ile-de-france
13175690733,48.718558,2.236211,distributeur_sacs,Palaiseau,palaiseau,91477,91120,91,ile-de-france
8196734271,48.717798,2.234067,poubelle_dejections,Palaiseau,palaiseau,91477,91120,91,ile-de-france
8196686295,48.718044,2.232883,poubelle_dejections,Palaiseau,palaiseau,91477,91120,91,ile-de-france
12864012030,48.726054,2.24683,distributeur_sacs,Palaiseau,palaiseau,91477,91120,91,ile-de-france
7726088917,48.717615,2.260732,poubelle_dejections,Palaiseau,palaiseau,91477,91120,91,ile-de-france
12327547991,48.717663,2.253702,distributeur_sacs,Palaiseau,palaiseau,91477,91120,91,ile-de-france
12327512628,48.719942,2.251085,distributeur_sacs,Palaiseau,palaiseau,91477,91120,91,ile-de-france
3223489480,48.718924,2.253488,distributeur_sacs,Palaiseau,palaiseau,91477,91120,91,ile-de-france
12208645991,48.714932,2.244977,distributeur_sacs,Palaiseau,palaiseau,91477,91120,91,ile-de-france
9739354237,48.712602,2.244514,poubelle_dejections,Palaiseau,palaiseau,91477,91120,91,ile-de-france
13382063776,48.728301,2.364894,distributeur_sacs,Paray-Vieille-Poste,paray-vieille-poste,91479,91550,91,ile-de-france
8287827800,48.717568,2.367573,distributeur_sacs,Paray-Vieille-Poste,paray-vieille-poste,91479,91550,91,ile-de-france
11119818652,48.671964,2.539787,poubelle_dejections,Quincy-sous-Sénart,quincy-sous-senart,91514,91480,91,ile-de-france
7925485321,48.554314,2.124091,poubelle_dejections,Saint-Chéron,saint-cheron,91540,91530,91,ile-de-france
11414931013,48.6404,2.30329,distributeur_sacs,Saint-Michel-sur-Orge,saint-michel-sur-orge,91570,91240,91,ile-de-france
6537898167,48.590089,2.494115,poubelle_dejections,Saintry-sur-Seine,saintry-sur-seine,91577,91250,91,ile-de-france
6537898166,48.588925,2.497363,poubelle_dejections,Saintry-sur-Seine,saintry-sur-seine,91577,91250,91,ile-de-france
11002043836,48.638836,2.54137,distributeur_sacs,Tigery,tigery,91617,91250,91,ile-de-france
9197910540,48.645555,2.510995,distributeur_sacs,Tigery,tigery,91617,91250,91,ile-de-france
9984593540,48.677015,2.557961,distributeur_sacs,Varennes-Jarcy,varennes-jarcy,91631,91480,91,ile-de-france
9984593539,48.677081,2.557574,distributeur_sacs,Varennes-Jarcy,varennes-jarcy,91631,91480,91,ile-de-france
9124037422,48.678857,2.557614,poubelle_dejections,Varennes-Jarcy,varennes-jarcy,91631,91480,91,ile-de-france
9984593541,48.676897,2.557199,distributeur_sacs,Varennes-Jarcy,varennes-jarcy,91631,91480,91,ile-de-france
10665862605,48.693506,2.207798,distributeur_sacs,Villebon-sur-Yvette,villebon-sur-yvette,91661,91140,91,ile-de-france
7069991151,48.6935,2.212321,distributeur_sacs,Villebon-sur-Yvette,villebon-sur-yvette,91661,91140,91,ile-de-france
12348845397,48.699577,2.234542,distributeur_sacs,Villebon-sur-Yvette,villebon-sur-yvette,91661,91140,91,ile-de-france
10722993876,48.650305,2.268669,distributeur_sacs,La Ville-du-Bois,la-ville-du-bois,91665,91620,91,ile-de-france
8549831073,48.682558,2.384184,distributeur_sacs,Viry-Châtillon,viry-chatillon,91687,91170,91,ile-de-france
8549801101,48.680993,2.384389,distributeur_sacs,Viry-Châtillon,viry-chatillon,91687,91170,91,ile-de-france
11771655167,48.684538,2.371858,distributeur_sacs,Viry-Châtillon,viry-chatillon,91687,91170,91,ile-de-france
13343207538,48.732253,2.324851,distributeur_sacs,Wissous,wissous,91689,91320,91,ile-de-france
9236015601,48.75454,2.300205,distributeur_sacs,Antony,antony,92002,92160,92,ile-de-france
13270730810,48.753942,2.307214,distributeur_sacs,Antony,antony,92002,92160,92,ile-de-france
12704648872,48.908576,2.26821,distributeur_sacs,Asnières-sur-Seine,asnieres-sur-seine,92004,92600,92,ile-de-france
9353776572,48.911995,2.287046,distributeur_sacs,Asnières-sur-Seine,asnieres-sur-seine,92004,92600,92,ile-de-france
8309502639,48.793782,2.313712,distributeur_sacs,Bagneux,bagneux,92007,92220,92,ile-de-france
10977461662,48.808272,2.315711,distributeur_sacs,Bagneux,bagneux,92007,92220,92,ile-de-france
10977461661,48.808927,2.316357,distributeur_sacs,Bagneux,bagneux,92007,92220,92,ile-de-france
11843569292,48.908662,2.257788,distributeur_sacs,Bois-Colombes,bois-colombes,92009,92270,92,ile-de-france
12704688973,48.908743,2.262013,distributeur_sacs,Bois-Colombes,bois-colombes,92009,92270,92,ile-de-france
3603036836,48.828201,2.235368,distributeur_sacs,Boulogne-Billancourt,boulogne-billancourt,92012,92100,92,ile-de-france
3605127497,48.827695,2.236834,distributeur_sacs,Boulogne-Billancourt,boulogne-billancourt,92012,92100,92,ile-de-france
11878234263,48.828057,2.241949,distributeur_sacs,Boulogne-Billancourt,boulogne-billancourt,92012,92100,92,ile-de-france
3605130091,48.827512,2.241833,distributeur_sacs,Boulogne-Billancourt,boulogne-billancourt,92012,92100,92,ile-de-france
3603036837,48.829195,2.236461,distributeur_sacs,Boulogne-Billancourt,boulogne-billancourt,92012,92100,92,ile-de-france
3604592509,48.829722,2.231877,distributeur_sacs,Boulogne-Billancourt,boulogne-billancourt,92012,92100,92,ile-de-france
12229811254,48.829297,2.233672,distributeur_sacs,Boulogne-Billancourt,boulogne-billancourt,92012,92100,92,ile-de-france
3603231371,48.829456,2.233545,distributeur_sacs,Boulogne-Billancourt,boulogne-billancourt,92012,92100,92,ile-de-france
3604602191,48.828913,2.234222,distributeur_sacs,Boulogne-Billancourt,boulogne-billancourt,92012,92100,92,ile-de-france
3602277973,48.827588,2.234499,distributeur_sacs,Boulogne-Billancourt,boulogne-billancourt,92012,92100,92,ile-de-france
3603577916,48.827673,2.235031,distributeur_sacs,Boulogne-Billancourt,boulogne-billancourt,92012,92100,92,ile-de-france
12288253715,48.837414,2.238643,distributeur_sacs,Boulogne-Billancourt,boulogne-billancourt,92012,92100,92,ile-de-france
13026964973,48.778366,2.324251,distributeur_sacs,Bourg-la-Reine,bourg-la-reine,92014,92340,92,ile-de-france
12675856182,48.80405,2.292248,distributeur_sacs,Châtillon,chatillon,92020,92320,92,ile-de-france
4784719138,48.802152,2.28144,distributeur_sacs,Châtillon,chatillon,92020,92320,92,ile-de-france
4784716533,48.805934,2.284942,distributeur_sacs,Châtillon,chatillon,92020,92320,92,ile-de-france
4783388823,48.808755,2.291494,distributeur_sacs,Châtillon,chatillon,92020,92320,92,ile-de-france
5085591220,48.807264,2.186264,poubelle_dejections,Chaville,chaville,92022,92370,92,ile-de-france
5085627511,48.804909,2.188301,poubelle_dejections,Chaville,chaville,92022,92370,92,ile-de-france
5085536964,48.81088,2.192823,poubelle_dejections,Chaville,chaville,92022,92370,92,ile-de-france
13233252626,48.810052,2.185833,distributeur_sacs,Chaville,chaville,92022,92370,92,ile-de-france
13366891228,48.813975,2.267506,distributeur_sacs,Clamart,clamart,92023,92140,92,ile-de-france
12633054009,48.913262,2.24231,distributeur_sacs,Colombes,colombes,92025,92700,92,ile-de-france
12632981873,48.912998,2.240103,distributeur_sacs,Colombes,colombes,92025,92700,92,ile-de-france
13016013509,48.914621,2.226965,distributeur_sacs,Colombes,colombes,92025,92700,92,ile-de-france
12551499706,48.927741,2.255366,distributeur_sacs,Colombes,colombes,92025,92700,92,ile-de-france
12556946592,48.925161,2.250486,distributeur_sacs,Colombes,colombes,92025,92700,92,ile-de-france
12459670031,48.922499,2.253426,distributeur_sacs,Colombes,colombes,92025,92700,92,ile-de-france
12459658501,48.921943,2.251692,distributeur_sacs,Colombes,colombes,92025,92700,92,ile-de-france
12460671312,48.920858,2.252542,distributeur_sacs,Colombes,colombes,92025,92700,92,ile-de-france
12459646517,48.920836,2.250803,distributeur_sacs,Colombes,colombes,92025,92700,92,ile-de-france
12469044736,48.921364,2.248124,distributeur_sacs,Colombes,colombes,92025,92700,92,ile-de-france
12728363852,48.92266,2.247662,distributeur_sacs,Colombes,colombes,92025,92700,92,ile-de-france
12551345675,48.918929,2.248086,distributeur_sacs,Colombes,colombes,92025,92700,92,ile-de-france
12468570493,48.920247,2.253984,distributeur_sacs,Colombes,colombes,92025,92700,92,ile-de-france
13094702318,48.914565,2.257589,distributeur_sacs,Colombes,colombes,92025,92700,92,ile-de-france
12679837497,48.912222,2.24666,distributeur_sacs,Colombes,colombes,92025,92700,92,ile-de-france
7858851214,48.900918,2.268728,distributeur_sacs,Courbevoie,courbevoie,92026,92400,92,ile-de-france
12042390889,48.903875,2.255934,distributeur_sacs,Courbevoie,courbevoie,92026,92400,92,ile-de-france
13017998173,48.89681,2.261957,distributeur_sacs,Courbevoie,courbevoie,92026,92400,92,ile-de-france
7987680108,48.898438,2.234261,distributeur_sacs,Courbevoie,courbevoie,92026,92400,92,ile-de-france
9137670483,48.898607,2.24251,poubelle_dejections,Courbevoie,courbevoie,92026,92400,92,ile-de-france
12167899938,48.904617,2.260651,distributeur_sacs,Courbevoie,courbevoie,92026,92400,92,ile-de-france
13386208929,48.908315,2.24263,distributeur_sacs,La Garenne-Colombes,la-garenne-colombes,92035,92250,92,ile-de-france
11843596622,48.911182,2.254372,distributeur_sacs,La Garenne-Colombes,la-garenne-colombes,92035,92250,92,ile-de-france
11843609327,48.910635,2.252518,distributeur_sacs,La Garenne-Colombes,la-garenne-colombes,92035,92250,92,ile-de-france
11843586347,48.910263,2.250588,distributeur_sacs,La Garenne-Colombes,la-garenne-colombes,92035,92250,92,ile-de-france
13243759790,48.817932,2.2697,distributeur_sacs,Issy-les-Moulineaux,issy-les-moulineaux,92040,92130,92,ile-de-france
11992560050,48.8147,2.296717,distributeur_sacs,Malakoff,malakoff,92046,92240,92,ile-de-france
11931301762,48.814843,2.299392,distributeur_sacs,Malakoff,malakoff,92046,92240,92,ile-de-france
12053233392,48.81745,2.298119,distributeur_sacs,Malakoff,malakoff,92046,92240,92,ile-de-france
12053242379,48.817546,2.29839,distributeur_sacs,Malakoff,malakoff,92046,92240,92,ile-de-france
11964419074,48.817027,2.299267,distributeur_sacs,Malakoff,malakoff,92046,92240,92,ile-de-france
11964422778,48.817248,2.299105,distributeur_sacs,Malakoff,malakoff,92046,92240,92,ile-de-france
11964409893,48.818796,2.29923,distributeur_sacs,Malakoff,malakoff,92046,92240,92,ile-de-france
11931391579,48.81932,2.299581,distributeur_sacs,Malakoff,malakoff,92046,92240,92,ile-de-france
12053130892,48.818209,2.292279,distributeur_sacs,Malakoff,malakoff,92046,92240,92,ile-de-france
11964386778,48.821185,2.297149,distributeur_sacs,Malakoff,malakoff,92046,92240,92,ile-de-france
12492347797,48.822558,2.299035,distributeur_sacs,Malakoff,malakoff,92046,92240,92,ile-de-france
11987386801,48.820013,2.301867,distributeur_sacs,Malakoff,malakoff,92046,92240,92,ile-de-france
11989947324,48.821571,2.303186,distributeur_sacs,Malakoff,malakoff,92046,92240,92,ile-de-france
276906125,48.820838,2.302727,distributeur_sacs,Malakoff,malakoff,92046,92240,92,ile-de-france
11987618387,48.820383,2.303079,distributeur_sacs,Malakoff,malakoff,92046,92240,92,ile-de-france
2586981968,48.820304,2.302989,distributeur_sacs,Malakoff,malakoff,92046,92240,92,ile-de-france
4261005342,48.82029,2.303266,distributeur_sacs,Malakoff,malakoff,92046,92240,92,ile-de-france
11987574862,48.822178,2.305587,distributeur_sacs,Malakoff,malakoff,92046,92240,92,ile-de-france
11987983773,48.822061,2.304836,distributeur_sacs,Malakoff,malakoff,92046,92240,92,ile-de-france
11987607390,48.82141,2.304518,distributeur_sacs,Malakoff,malakoff,92046,92240,92,ile-de-france
13039671100,48.823324,2.302905,distributeur_sacs,Malakoff,malakoff,92046,92240,92,ile-de-france
2586981966,48.818663,2.302801,distributeur_sacs,Malakoff,malakoff,92046,92240,92,ile-de-france
11987355701,48.819158,2.302115,distributeur_sacs,Malakoff,malakoff,92046,92240,92,ile-de-france
11987975562,48.81923,2.302806,distributeur_sacs,Malakoff,malakoff,92046,92240,92,ile-de-france
11931359159,48.819155,2.299667,distributeur_sacs,Malakoff,malakoff,92046,92240,92,ile-de-france
12325993039,48.819329,2.300446,distributeur_sacs,Malakoff,malakoff,92046,92240,92,ile-de-france
11931406935,48.818221,2.301768,distributeur_sacs,Malakoff,malakoff,92046,92240,92,ile-de-france
11948429172,48.817941,2.301835,poubelle_dejections,Malakoff,malakoff,92046,92240,92,ile-de-france
11933322229,48.81754,2.302862,distributeur_sacs,Malakoff,malakoff,92046,92240,92,ile-de-france
12312468700,48.817797,2.303951,distributeur_sacs,Malakoff,malakoff,92046,92240,92,ile-de-france
11933305049,48.817369,2.303531,distributeur_sacs,Malakoff,malakoff,92046,92240,92,ile-de-france
11917950042,48.816725,2.302102,distributeur_sacs,Malakoff,malakoff,92046,92240,92,ile-de-france
11931407347,48.816337,2.300074,distributeur_sacs,Malakoff,malakoff,92046,92240,92,ile-de-france
12813622781,48.815845,2.30079,distributeur_sacs,Malakoff,malakoff,92046,92240,92,ile-de-france
12335232359,48.815613,2.30079,distributeur_sacs,Malakoff,malakoff,92046,92240,92,ile-de-france
11937905210,48.814331,2.302966,distributeur_sacs,Malakoff,malakoff,92046,92240,92,ile-de-france
11937901305,48.814429,2.302525,distributeur_sacs,Malakoff,malakoff,92046,92240,92,ile-de-france
11933332959,48.816671,2.304992,distributeur_sacs,Malakoff,malakoff,92046,92240,92,ile-de-france
10702289371,48.784726,2.227014,distributeur_sacs,Meudon,meudon,92048,92190/92360,92,ile-de-france
6610233649,48.82079,2.313597,distributeur_sacs,Montrouge,montrouge,92049,92120,92,ile-de-france
6610252206,48.820108,2.316695,distributeur_sacs,Montrouge,montrouge,92049,92120,92,ile-de-france
6603188345,48.81875,2.317205,distributeur_sacs,Montrouge,montrouge,92049,92120,92,ile-de-france
6797141587,48.81426,2.315371,distributeur_sacs,Montrouge,montrouge,92049,92120,92,ile-de-france
6837694853,48.816795,2.313787,distributeur_sacs,Montrouge,montrouge,92049,92120,92,ile-de-france
6617389463,48.814264,2.310494,distributeur_sacs,Montrouge,montrouge,92049,92120,92,ile-de-france
6609178359,48.81676,2.309507,distributeur_sacs,Montrouge,montrouge,92049,92120,92,ile-de-france
6895882258,48.81827,2.312175,distributeur_sacs,Montrouge,montrouge,92049,92120,92,ile-de-france
6895033955,48.819793,2.313098,distributeur_sacs,Montrouge,montrouge,92049,92120,92,ile-de-france
6617407627,48.81739,2.308099,distributeur_sacs,Montrouge,montrouge,92049,92120,92,ile-de-france
6634234997,48.814402,2.30536,distributeur_sacs,Montrouge,montrouge,92049,92120,92,ile-de-france
6603181281,48.815366,2.3083,distributeur_sacs,Montrouge,montrouge,92049,92120,92,ile-de-france
6603181282,48.81297,2.308222,distributeur_sacs,Montrouge,montrouge,92049,92120,92,ile-de-france
6641120765,48.812644,2.305368,distributeur_sacs,Montrouge,montrouge,92049,92120,92,ile-de-france
8158684398,48.812491,2.302156,distributeur_sacs,Montrouge,montrouge,92049,92120,92,ile-de-france
6895932848,48.81207,2.311193,distributeur_sacs,Montrouge,montrouge,92049,92120,92,ile-de-france
6631207096,48.810879,2.312345,distributeur_sacs,Montrouge,montrouge,92049,92120,92,ile-de-france
6631202854,48.811101,2.312636,distributeur_sacs,Montrouge,montrouge,92049,92120,92,ile-de-france
6617389077,48.813179,2.314865,distributeur_sacs,Montrouge,montrouge,92049,92120,92,ile-de-france
6603202021,48.811542,2.317402,distributeur_sacs,Montrouge,montrouge,92049,92120,92,ile-de-france
6609428236,48.812482,2.325818,distributeur_sacs,Montrouge,montrouge,92049,92120,92,ile-de-france
6609428235,48.812656,2.323994,distributeur_sacs,Montrouge,montrouge,92049,92120,92,ile-de-france
6797141116,48.812174,2.318294,distributeur_sacs,Montrouge,montrouge,92049,92120,92,ile-de-france
6604532881,48.814942,2.319189,distributeur_sacs,Montrouge,montrouge,92049,92120,92,ile-de-france
6852810838,48.818434,2.320653,distributeur_sacs,Montrouge,montrouge,92049,92120,92,ile-de-france
6444977583,48.818808,2.320424,distributeur_sacs,Montrouge,montrouge,92049,92120,92,ile-de-france
6554004856,48.816861,2.32038,distributeur_sacs,Montrouge,montrouge,92049,92120,92,ile-de-france
6609859460,48.81781,2.324988,distributeur_sacs,Montrouge,montrouge,92049,92120,92,ile-de-france
6619113364,48.816153,2.327102,distributeur_sacs,Montrouge,montrouge,92049,92120,92,ile-de-france
6620813981,48.814793,2.325992,distributeur_sacs,Montrouge,montrouge,92049,92120,92,ile-de-france
6760498631,48.815384,2.328414,distributeur_sacs,Montrouge,montrouge,92049,92120,92,ile-de-france
6610761169,48.817898,2.330809,distributeur_sacs,Montrouge,montrouge,92049,92120,92,ile-de-france
12053140263,48.879653,2.218655,distributeur_sacs,Nanterre,nanterre,92050,92000,92,ile-de-france
12370435854,48.883395,2.209022,distributeur_sacs,Nanterre,nanterre,92050,92000,92,ile-de-france
12370413717,48.882702,2.210486,distributeur_sacs,Nanterre,nanterre,92050,92000,92,ile-de-france
12370615183,48.881851,2.212345,distributeur_sacs,Nanterre,nanterre,92050,92000,92,ile-de-france
12367230151,48.883605,2.220774,distributeur_sacs,Nanterre,nanterre,92050,92000,92,ile-de-france
11918074363,48.88244,2.219492,distributeur_sacs,Nanterre,nanterre,92050,92000,92,ile-de-france
12053257328,48.883039,2.217743,distributeur_sacs,Nanterre,nanterre,92050,92000,92,ile-de-france
4230212078,48.896857,2.22236,distributeur_sacs,Nanterre,nanterre,92050,92000,92,ile-de-france
4230215416,48.899452,2.191253,distributeur_sacs,Nanterre,nanterre,92050,92000,92,ile-de-france
1202453948,48.896201,2.193778,distributeur_sacs,Nanterre,nanterre,92050,92000,92,ile-de-france
1202447632,48.893209,2.194888,distributeur_sacs,Nanterre,nanterre,92050,92000,92,ile-de-france
3612667912,48.891391,2.200909,distributeur_sacs,Nanterre,nanterre,92050,92000,92,ile-de-france
3958421421,48.89174,2.199319,distributeur_sacs,Nanterre,nanterre,92050,92000,92,ile-de-france
1514722091,48.889989,2.200954,distributeur_sacs,Nanterre,nanterre,92050,92000,92,ile-de-france
3900714943,48.888898,2.203033,distributeur_sacs,Nanterre,nanterre,92050,92000,92,ile-de-france
2957178882,48.887105,2.203729,distributeur_sacs,Nanterre,nanterre,92050,92000,92,ile-de-france
10768634766,48.886086,2.20197,distributeur_sacs,Nanterre,nanterre,92050,92000,92,ile-de-france
13069325027,48.887174,2.195794,distributeur_sacs,Nanterre,nanterre,92050,92000,92,ile-de-france
4993467241,48.890782,2.195517,distributeur_sacs,Nanterre,nanterre,92050,92000,92,ile-de-france
2304089838,48.890695,2.195446,distributeur_sacs,Nanterre,nanterre,92050,92000,92,ile-de-france
2876292331,48.890417,2.193085,distributeur_sacs,Nanterre,nanterre,92050,92000,92,ile-de-france
11715955170,48.886587,2.259189,distributeur_sacs,Neuilly-sur-Seine,neuilly-sur-seine,92051,92200,92,ile-de-france
12320340136,48.881287,2.255882,poubelle_dejections,Neuilly-sur-Seine,neuilly-sur-seine,92051,92200,92,ile-de-france
9458880849,48.884765,2.254924,distributeur_sacs,Neuilly-sur-Seine,neuilly-sur-seine,92051,92200,92,ile-de-france
4319223123,48.891551,2.272565,distributeur_sacs,Neuilly-sur-Seine,neuilly-sur-seine,92051,92200,92,ile-de-france
4319223124,48.891745,2.274974,distributeur_sacs,Neuilly-sur-Seine,neuilly-sur-seine,92051,92200,92,ile-de-france
8898011942,48.880461,2.276058,poubelle_dejections,Neuilly-sur-Seine,neuilly-sur-seine,92051,92200,92,ile-de-france
8898011933,48.88015,2.276292,poubelle_dejections,Neuilly-sur-Seine,neuilly-sur-seine,92051,92200,92,ile-de-france
12820779919,48.876331,2.246753,distributeur_sacs,Neuilly-sur-Seine,neuilly-sur-seine,92051,92200,92,ile-de-france
12186573035,48.785982,2.261003,distributeur_sacs,Le Plessis-Robinson,le-plessis-robinson,92060,92350,92,ile-de-france
11704051873,48.88463,2.247579,distributeur_sacs,Puteaux,puteaux,92062,92800,92,ile-de-france
10678807702,48.883805,2.224332,distributeur_sacs,Puteaux,puteaux,92062,92800,92,ile-de-france
10678821403,48.884728,2.233408,distributeur_sacs,Puteaux,puteaux,92062,92800,92,ile-de-france
13141050865,48.882867,2.23201,distributeur_sacs,Puteaux,puteaux,92062,92800,92,ile-de-france
13423395058,48.882042,2.230906,distributeur_sacs,Puteaux,puteaux,92062,92800,92,ile-de-france
12820749009,48.882899,2.238411,distributeur_sacs,Puteaux,puteaux,92062,92800,92,ile-de-france
8542643606,48.882944,2.241539,distributeur_sacs,Puteaux,puteaux,92062,92800,92,ile-de-france
13043331180,48.886317,2.24148,distributeur_sacs,Puteaux,puteaux,92062,92800,92,ile-de-france
13043324772,48.885869,2.240369,distributeur_sacs,Puteaux,puteaux,92062,92800,92,ile-de-france
6021649967,48.888229,2.239338,poubelle_dejections,Puteaux,puteaux,92062,92800,92,ile-de-france
11934639516,48.887846,2.229523,distributeur_sacs,Puteaux,puteaux,92062,92800,92,ile-de-france
12312245187,48.887638,2.229065,distributeur_sacs,Puteaux,puteaux,92062,92800,92,ile-de-france
9945798373,48.881347,2.182889,distributeur_sacs,Rueil-Malmaison,rueil-malmaison,92063,92500,92,ile-de-france
12115197764,48.87122,2.151516,distributeur_sacs,Rueil-Malmaison,rueil-malmaison,92063,92500,92,ile-de-france
5085646480,48.815099,2.197043,poubelle_dejections,Sèvres,sevres,92072,92310,92,ile-de-france
10172252394,48.869236,2.227683,distributeur_sacs,Suresnes,suresnes,92073,92150,92,ile-de-france
10172199499,48.864352,2.223003,distributeur_sacs,Suresnes,suresnes,92073,92150,92,ile-de-france
12053308221,48.879478,2.218984,distributeur_sacs,Suresnes,suresnes,92073,92150,92,ile-de-france
12892625196,48.927057,2.329629,distributeur_sacs,Villeneuve-la-Garenne,villeneuve-la-garenne,92078,92390,92,ile-de-france
11998637376,48.935473,2.334174,distributeur_sacs,Villeneuve-la-Garenne,villeneuve-la-garenne,92078,92390,92,ile-de-france
12915330689,48.922984,2.502195,distributeur_sacs,Aulnay-sous-Bois,aulnay-sous-bois,93005,93600,93,ile-de-france
12246777711,48.865319,2.506936,poubelle_dejections,Neuilly-Plaisance,neuilly-plaisance,93049,93360,93,ile-de-france
13081473300,48.857374,2.53474,distributeur_sacs,Neuilly-sur-Marne,neuilly-sur-marne,93050,93330,93,ile-de-france
12616295231,48.849671,2.571031,distributeur_sacs,Noisy-le-Grand,noisy-le-grand,93051,93160,93,ile-de-france
13179825685,48.844829,2.566835,distributeur_sacs,Noisy-le-Grand,noisy-le-grand,93051,93160,93,ile-de-france
13197397119,48.845208,2.5675,distributeur_sacs,Noisy-le-Grand,noisy-le-grand,93051,93160,93,ile-de-france
13196213819,48.845834,2.565917,distributeur_sacs,Noisy-le-Grand,noisy-le-grand,93051,93160,93,ile-de-france
13181396036,48.845057,2.565665,distributeur_sacs,Noisy-le-Grand,noisy-le-grand,93051,93160,93,ile-de-france
13110220610,48.850761,2.552041,distributeur_sacs,Noisy-le-Grand,noisy-le-grand,93051,93160,93,ile-de-france
13155992201,48.931724,2.357134,distributeur_sacs,Saint-Denis,saint-denis,93066,93200/93210,93,ile-de-france
9773603479,48.903201,2.322727,poubelle_dejections,Saint-Ouen-sur-Seine,saint-ouen-sur-seine,93070,93400,93,ile-de-france
13234501117,48.915922,2.336206,distributeur_sacs,Saint-Ouen-sur-Seine,saint-ouen-sur-seine,93070,93400,93,ile-de-france
12909075420,48.904705,2.345218,distributeur_sacs,Saint-Ouen-sur-Seine,saint-ouen-sur-seine,93070,93400,93,ile-de-france
1763950627,48.878175,2.525008,distributeur_sacs,Villemomble,villemomble,93077,93250,93,ile-de-france
1763950634,48.882007,2.523078,distributeur_sacs,Villemomble,villemomble,93077,93250,93,ile-de-france
1764992241,48.888142,2.514486,distributeur_sacs,Villemomble,villemomble,93077,93250,93,ile-de-france
1763955365,48.88981,2.51068,distributeur_sacs,Villemomble,villemomble,93077,93250,93,ile-de-france
10570262135,48.808037,2.42223,poubelle_dejections,Alfortville,alfortville,94002,94140,94,ile-de-france
9611925368,48.800913,2.33954,distributeur_sacs,Arcueil,arcueil,94003,94110,94,ile-de-france
10027773369,48.80038,2.343971,distributeur_sacs,Arcueil,arcueil,94003,94110,94,ile-de-france
9409990253,48.802828,2.344031,distributeur_sacs,Arcueil,arcueil,94003,94110,94,ile-de-france
11976831676,48.806504,2.334806,distributeur_sacs,Arcueil,arcueil,94003,94110,94,ile-de-france
8464902754,48.802085,2.327534,distributeur_sacs,Arcueil,arcueil,94003,94110,94,ile-de-france
9576103736,48.801368,2.333103,distributeur_sacs,Arcueil,arcueil,94003,94110,94,ile-de-france
10922322228,48.799895,2.331695,distributeur_sacs,Arcueil,arcueil,94003,94110,94,ile-de-france
8477396160,48.800265,2.328598,distributeur_sacs,Arcueil,arcueil,94003,94110,94,ile-de-france
8176624648,48.800426,2.32768,distributeur_sacs,Arcueil,arcueil,94003,94110,94,ile-de-france
8464902756,48.804365,2.325325,distributeur_sacs,Arcueil,arcueil,94003,94110,94,ile-de-france
10311936494,48.809514,2.325259,distributeur_sacs,Arcueil,arcueil,94003,94110,94,ile-de-france
11990104463,48.812073,2.33755,distributeur_sacs,Arcueil,arcueil,94003,94110,94,ile-de-france
9631299659,48.813387,2.336778,distributeur_sacs,Arcueil,arcueil,94003,94110,94,ile-de-france
9631299658,48.813059,2.337169,distributeur_sacs,Arcueil,arcueil,94003,94110,94,ile-de-france
3189709228,48.745737,2.508534,distributeur_sacs,Boissy-Saint-Léger,boissy-saint-leger,94004,94470,94,ile-de-france
3092574966,48.750823,2.504734,distributeur_sacs,Boissy-Saint-Léger,boissy-saint-leger,94004,94470,94,ile-de-france
9319133643,48.838406,2.521464,distributeur_sacs,Bry-sur-Marne,bry-sur-marne,94015,94360,94,ile-de-france
9347066906,48.850945,2.515928,distributeur_sacs,Bry-sur-Marne,bry-sur-marne,94015,94360,94,ile-de-france
9981437636,48.786085,2.325682,distributeur_sacs,Cachan,cachan,94016,94230,94,ile-de-france
8308934831,48.789482,2.323163,distributeur_sacs,Cachan,cachan,94016,94230,94,ile-de-france
13039638627,48.790534,2.321095,distributeur_sacs,Cachan,cachan,94016,94230,94,ile-de-france
9609849706,48.791824,2.328825,distributeur_sacs,Cachan,cachan,94016,94230,94,ile-de-france
9233703015,48.795438,2.335093,distributeur_sacs,Cachan,cachan,94016,94230,94,ile-de-france
8416695819,48.79373,2.334218,distributeur_sacs,Cachan,cachan,94016,94230,94,ile-de-france
7637606693,48.791808,2.333311,distributeur_sacs,Cachan,cachan,94016,94230,94,ile-de-france
8148962631,48.789784,2.335644,distributeur_sacs,Cachan,cachan,94016,94230,94,ile-de-france
8645357569,48.788072,2.330577,distributeur_sacs,Cachan,cachan,94016,94230,94,ile-de-france
7179947764,48.785299,2.337884,distributeur_sacs,Cachan,cachan,94016,94230,94,ile-de-france
7422088222,48.788883,2.339152,distributeur_sacs,Cachan,cachan,94016,94230,94,ile-de-france
13009444842,48.792141,2.342141,distributeur_sacs,Cachan,cachan,94016,94230,94,ile-de-france
8149414023,48.793106,2.336595,distributeur_sacs,Cachan,cachan,94016,94230,94,ile-de-france
8163171378,48.794339,2.336645,distributeur_sacs,Cachan,cachan,94016,94230,94,ile-de-france
11146995772,48.796394,2.338578,distributeur_sacs,Cachan,cachan,94016,94230,94,ile-de-france
8203763434,48.796881,2.335734,distributeur_sacs,Cachan,cachan,94016,94230,94,ile-de-france
10798161251,48.796664,2.331325,distributeur_sacs,Cachan,cachan,94016,94230,94,ile-de-france
12184242068,48.799117,2.325225,distributeur_sacs,Cachan,cachan,94016,94230,94,ile-de-france
13074712909,48.795937,2.325424,distributeur_sacs,Cachan,cachan,94016,94230,94,ile-de-france
13074758438,48.79683,2.325747,distributeur_sacs,Cachan,cachan,94016,94230,94,ile-de-france
12578479096,48.828601,2.3993,poubelle_dejections,Charenton-le-Pont,charenton-le-pont,94018,94220,94,ile-de-france
13153868519,48.825906,2.40249,distributeur_sacs,Charenton-le-Pont,charenton-le-pont,94018,94220,94,ile-de-france
13114816542,48.821541,2.411352,poubelle_dejections,Charenton-le-Pont,charenton-le-pont,94018,94220,94,ile-de-france
8671375019,48.793123,2.523461,distributeur_sacs,Chennevières-sur-Marne,chennevieres-sur-marne,94019,94430,94,ile-de-france
13071179955,48.802615,2.466423,distributeur_sacs,Créteil,creteil,94028,94000,94,ile-de-france
2691511484,48.795869,2.470102,distributeur_sacs,Créteil,creteil,94028,94000,94,ile-de-france
12309488001,48.793828,2.470217,poubelle_dejections,Créteil,creteil,94028,94000,94,ile-de-france
12309481001,48.791894,2.470238,poubelle_dejections,Créteil,creteil,94028,94000,94,ile-de-france
2691511350,48.788453,2.471716,distributeur_sacs,Créteil,creteil,94028,94000,94,ile-de-france
13227405651,48.789289,2.465437,distributeur_sacs,Créteil,creteil,94028,94000,94,ile-de-france
10125447517,48.775098,2.47301,distributeur_sacs,Créteil,creteil,94028,94000,94,ile-de-france
13324114829,48.780058,2.467535,distributeur_sacs,Créteil,creteil,94028,94000,94,ile-de-france
12899139373,48.773413,2.462508,poubelle_dejections,Créteil,creteil,94028,94000,94,ile-de-france
13075571501,48.793759,2.461631,distributeur_sacs,Créteil,creteil,94028,94000,94,ile-de-france
13347546570,48.794503,2.464191,distributeur_sacs,Créteil,creteil,94028,94000,94,ile-de-france
13072439672,48.793993,2.456046,distributeur_sacs,Créteil,creteil,94028,94000,94,ile-de-france
13072483005,48.797265,2.459347,distributeur_sacs,Créteil,creteil,94028,94000,94,ile-de-france
13075537777,48.795707,2.463273,distributeur_sacs,Créteil,creteil,94028,94000,94,ile-de-france
13074409642,48.800201,2.458627,distributeur_sacs,Créteil,creteil,94028,94000,94,ile-de-france
4867995645,48.854365,2.45891,distributeur_sacs,Fontenay-sous-Bois,fontenay-sous-bois,94033,94120,94,ile-de-france
4854023252,48.852643,2.460675,distributeur_sacs,Fontenay-sous-Bois,fontenay-sous-bois,94033,94120,94,ile-de-france
4874733986,48.851283,2.462713,distributeur_sacs,Fontenay-sous-Bois,fontenay-sous-bois,94033,94120,94,ile-de-france
4874733981,48.84618,2.464291,distributeur_sacs,Fontenay-sous-Bois,fontenay-sous-bois,94033,94120,94,ile-de-france
4874329423,48.84346,2.465985,distributeur_sacs,Fontenay-sous-Bois,fontenay-sous-bois,94033,94120,94,ile-de-france
7469313890,48.845703,2.472434,distributeur_sacs,Fontenay-sous-Bois,fontenay-sous-bois,94033,94120,94,ile-de-france
7469313892,48.845601,2.472749,poubelle_dejections,Fontenay-sous-Bois,fontenay-sous-bois,94033,94120,94,ile-de-france
7450249292,48.846798,2.471795,distributeur_sacs,Fontenay-sous-Bois,fontenay-sous-bois,94033,94120,94,ile-de-france
7467764743,48.847415,2.473448,distributeur_sacs,Fontenay-sous-Bois,fontenay-sous-bois,94033,94120,94,ile-de-france
4970635321,48.848005,2.473623,distributeur_sacs,Fontenay-sous-Bois,fontenay-sous-bois,94033,94120,94,ile-de-france
7467767411,48.849212,2.473116,distributeur_sacs,Fontenay-sous-Bois,fontenay-sous-bois,94033,94120,94,ile-de-france
4970700334,48.847587,2.467746,distributeur_sacs,Fontenay-sous-Bois,fontenay-sous-bois,94033,94120,94,ile-de-france
7469026617,48.852772,2.467404,distributeur_sacs,Fontenay-sous-Bois,fontenay-sous-bois,94033,94120,94,ile-de-france
4844328656,48.85247,2.47163,distributeur_sacs,Fontenay-sous-Bois,fontenay-sous-bois,94033,94120,94,ile-de-france
7475238074,48.849248,2.474532,distributeur_sacs,Fontenay-sous-Bois,fontenay-sous-bois,94033,94120,94,ile-de-france
4886365271,48.849061,2.476276,poubelle_dejections,Fontenay-sous-Bois,fontenay-sous-bois,94033,94120,94,ile-de-france
7475241782,48.848355,2.475589,distributeur_sacs,Fontenay-sous-Bois,fontenay-sous-bois,94033,94120,94,ile-de-france
4970429540,48.847978,2.477319,distributeur_sacs,Fontenay-sous-Bois,fontenay-sous-bois,94033,94120,94,ile-de-france
12270410092,48.814345,2.347493,distributeur_sacs,Gentilly,gentilly,94037,94250,94,ile-de-france
10917443571,48.769186,2.318446,distributeur_sacs,L'Haÿ-les-Roses,lhay-les-roses,94038,94240,94,ile-de-france
10916982321,48.770041,2.321378,distributeur_sacs,L'Haÿ-les-Roses,lhay-les-roses,94038,94240,94,ile-de-france
9688655469,48.778911,2.337184,distributeur_sacs,L'Haÿ-les-Roses,lhay-les-roses,94038,94240,94,ile-de-france
9708951533,48.779821,2.338164,distributeur_sacs,L'Haÿ-les-Roses,lhay-les-roses,94038,94240,94,ile-de-france
9198418190,48.782153,2.337559,distributeur_sacs,L'Haÿ-les-Roses,lhay-les-roses,94038,94240,94,ile-de-france
12759547020,48.782774,2.336261,distributeur_sacs,L'Haÿ-les-Roses,lhay-les-roses,94038,94240,94,ile-de-france
7948782828,48.810179,2.385573,poubelle_dejections,Ivry-sur-Seine,ivry-sur-seine,94041,94200,94,ile-de-france
11504395803,48.812793,2.400795,distributeur_sacs,Ivry-sur-Seine,ivry-sur-seine,94041,94200,94,ile-de-france
2435687440,48.817558,2.396666,distributeur_sacs,Ivry-sur-Seine,ivry-sur-seine,94041,94200,94,ile-de-france
10174375341,48.814523,2.462308,distributeur_sacs,Joinville-le-Pont,joinville-le-pont,94042,94340,94,ile-de-france
11174634914,48.820242,2.472946,distributeur_sacs,Joinville-le-Pont,joinville-le-pont,94042,94340,94,ile-de-france
10027901039,48.807234,2.354149,distributeur_sacs,Le Kremlin-Bicêtre,le-kremlin-bicetre,94043,94270,94,ile-de-france
13075761107,48.746309,2.475334,distributeur_sacs,Limeil-Brévannes,limeil-brevannes,94044,94450,94,ile-de-france
12190095923,48.814083,2.42136,distributeur_sacs,Maisons-Alfort,maisons-alfort,94046,94700,94,ile-de-france
9325747261,48.837481,2.486399,distributeur_sacs,Nogent-sur-Marne,nogent-sur-marne,94052,94130,94,ile-de-france
13307683586,48.831762,2.491715,poubelle_dejections,Nogent-sur-Marne,nogent-sur-marne,94052,94130,94,ile-de-france
12285240917,48.744588,2.39262,distributeur_sacs,Orly,orly,94054,94310,94,ile-de-france
12826473683,48.838535,2.496041,distributeur_sacs,Le Perreux-sur-Marne,le-perreux-sur-marne,94058,94170,94,ile-de-france
7987208370,48.804983,2.585077,poubelle_dejections,Le Plessis-Trévise,le-plessis-trevise,94059,94420,94,ile-de-france
12346447044,48.74504,2.348746,distributeur_sacs,Rungis,rungis,94065,94150,94,ile-de-france
2502894674,48.809446,2.509488,distributeur_sacs,Saint-Maur-des-Fossés,saint-maur-des-fosses,94068,94100/94210,94,ile-de-france
3252471652,48.809132,2.476691,distributeur_sacs,Saint-Maur-des-Fossés,saint-maur-des-fosses,94068,94100/94210,94,ile-de-france
11063268352,48.808569,2.4777,distributeur_sacs,Saint-Maur-des-Fossés,saint-maur-des-fosses,94068,94100/94210,94,ile-de-france
11221953409,48.812029,2.474469,distributeur_sacs,Saint-Maur-des-Fossés,saint-maur-des-fosses,94068,94100/94210,94,ile-de-france
3252472362,48.811178,2.481174,distributeur_sacs,Saint-Maur-des-Fossés,saint-maur-des-fosses,94068,94100/94210,94,ile-de-france
3252472363,48.81168,2.482228,distributeur_sacs,Saint-Maur-des-Fossés,saint-maur-des-fosses,94068,94100/94210,94,ile-de-france
3252472361,48.811083,2.48195,distributeur_sacs,Saint-Maur-des-Fossés,saint-maur-des-fosses,94068,94100/94210,94,ile-de-france
3258224473,48.808406,2.487163,distributeur_sacs,Saint-Maur-des-Fossés,saint-maur-des-fosses,94068,94100/94210,94,ile-de-france
2698250364,48.809009,2.497393,distributeur_sacs,Saint-Maur-des-Fossés,saint-maur-des-fosses,94068,94100/94210,94,ile-de-france
2698250186,48.805536,2.496839,distributeur_sacs,Saint-Maur-des-Fossés,saint-maur-des-fosses,94068,94100/94210,94,ile-de-france
2698250039,48.804456,2.497256,distributeur_sacs,Saint-Maur-des-Fossés,saint-maur-des-fosses,94068,94100/94210,94,ile-de-france
1863068651,48.79677,2.492867,distributeur_sacs,Saint-Maur-des-Fossés,saint-maur-des-fosses,94068,94100/94210,94,ile-de-france
3352032271,48.798015,2.494989,distributeur_sacs,Saint-Maur-des-Fossés,saint-maur-des-fosses,94068,94100/94210,94,ile-de-france
3352032285,48.799856,2.492849,distributeur_sacs,Saint-Maur-des-Fossés,saint-maur-des-fosses,94068,94100/94210,94,ile-de-france
3352032273,48.798745,2.497298,distributeur_sacs,Saint-Maur-des-Fossés,saint-maur-des-fosses,94068,94100/94210,94,ile-de-france
2709028245,48.800283,2.488511,distributeur_sacs,Saint-Maur-des-Fossés,saint-maur-des-fosses,94068,94100/94210,94,ile-de-france
2696448573,48.7964,2.489758,distributeur_sacs,Saint-Maur-des-Fossés,saint-maur-des-fosses,94068,94100/94210,94,ile-de-france
2696448579,48.797434,2.489886,distributeur_sacs,Saint-Maur-des-Fossés,saint-maur-des-fosses,94068,94100/94210,94,ile-de-france
2696448564,48.795983,2.48696,distributeur_sacs,Saint-Maur-des-Fossés,saint-maur-des-fosses,94068,94100/94210,94,ile-de-france
2559835651,48.797,2.486018,distributeur_sacs,Saint-Maur-des-Fossés,saint-maur-des-fosses,94068,94100/94210,94,ile-de-france
2023625725,48.798558,2.485783,distributeur_sacs,Saint-Maur-des-Fossés,saint-maur-des-fosses,94068,94100/94210,94,ile-de-france
2558774172,48.798549,2.48402,distributeur_sacs,Saint-Maur-des-Fossés,saint-maur-des-fosses,94068,94100/94210,94,ile-de-france
2696448604,48.7999,2.484057,distributeur_sacs,Saint-Maur-des-Fossés,saint-maur-des-fosses,94068,94100/94210,94,ile-de-france
2696448637,48.801548,2.487354,distributeur_sacs,Saint-Maur-des-Fossés,saint-maur-des-fosses,94068,94100/94210,94,ile-de-france
2497306504,48.803421,2.485266,distributeur_sacs,Saint-Maur-des-Fossés,saint-maur-des-fosses,94068,94100/94210,94,ile-de-france
2023476146,48.80215,2.492057,distributeur_sacs,Saint-Maur-des-Fossés,saint-maur-des-fosses,94068,94100/94210,94,ile-de-france
3249808725,48.804764,2.491878,distributeur_sacs,Saint-Maur-des-Fossés,saint-maur-des-fosses,94068,94100/94210,94,ile-de-france
3258425320,48.806426,2.491861,distributeur_sacs,Saint-Maur-des-Fossés,saint-maur-des-fosses,94068,94100/94210,94,ile-de-france
3258224466,48.806866,2.488659,distributeur_sacs,Saint-Maur-des-Fossés,saint-maur-des-fosses,94068,94100/94210,94,ile-de-france
3249808726,48.804973,2.488103,distributeur_sacs,Saint-Maur-des-Fossés,saint-maur-des-fosses,94068,94100/94210,94,ile-de-france
2138833130,48.804999,2.486817,distributeur_sacs,Saint-Maur-des-Fossés,saint-maur-des-fosses,94068,94100/94210,94,ile-de-france
2138833128,48.804888,2.484974,distributeur_sacs,Saint-Maur-des-Fossés,saint-maur-des-fosses,94068,94100/94210,94,ile-de-france
3252471647,48.807245,2.482128,distributeur_sacs,Saint-Maur-des-Fossés,saint-maur-des-fosses,94068,94100/94210,94,ile-de-france
11219768467,48.805133,2.479748,distributeur_sacs,Saint-Maur-des-Fossés,saint-maur-des-fosses,94068,94100/94210,94,ile-de-france
2349129004,48.804858,2.483263,distributeur_sacs,Saint-Maur-des-Fossés,saint-maur-des-fosses,94068,94100/94210,94,ile-de-france
13028372867,48.803931,2.474717,distributeur_sacs,Saint-Maur-des-Fossés,saint-maur-des-fosses,94068,94100/94210,94,ile-de-france
2635375885,48.805829,2.474649,distributeur_sacs,Saint-Maur-des-Fossés,saint-maur-des-fosses,94068,94100/94210,94,ile-de-france
2635375884,48.805422,2.477106,distributeur_sacs,Saint-Maur-des-Fossés,saint-maur-des-fosses,94068,94100/94210,94,ile-de-france
9360947882,48.807429,2.466607,distributeur_sacs,Saint-Maur-des-Fossés,saint-maur-des-fosses,94068,94100/94210,94,ile-de-france
1805576227,48.801958,2.472237,distributeur_sacs,Saint-Maur-des-Fossés,saint-maur-des-fosses,94068,94100/94210,94,ile-de-france
1838152918,48.802075,2.473292,distributeur_sacs,Saint-Maur-des-Fossés,saint-maur-des-fosses,94068,94100/94210,94,ile-de-france
3492856131,48.796928,2.475484,distributeur_sacs,Saint-Maur-des-Fossés,saint-maur-des-fosses,94068,94100/94210,94,ile-de-france
1799096173,48.801028,2.478556,distributeur_sacs,Saint-Maur-des-Fossés,saint-maur-des-fosses,94068,94100/94210,94,ile-de-france
1870084545,48.801357,2.479837,distributeur_sacs,Saint-Maur-des-Fossés,saint-maur-des-fosses,94068,94100/94210,94,ile-de-france
3352162214,48.798088,2.482912,distributeur_sacs,Saint-Maur-des-Fossés,saint-maur-des-fosses,94068,94100/94210,94,ile-de-france
13112923754,48.791611,2.481555,distributeur_sacs,Saint-Maur-des-Fossés,saint-maur-des-fosses,94068,94100/94210,94,ile-de-france
13112928451,48.794148,2.477217,distributeur_sacs,Saint-Maur-des-Fossés,saint-maur-des-fosses,94068,94100/94210,94,ile-de-france
2691511365,48.78958,2.473766,distributeur_sacs,Saint-Maur-des-Fossés,saint-maur-des-fosses,94068,94100/94210,94,ile-de-france
9540423624,48.784822,2.495995,distributeur_sacs,Saint-Maur-des-Fossés,saint-maur-des-fosses,94068,94100/94210,94,ile-de-france
9540423619,48.784972,2.501757,distributeur_sacs,Saint-Maur-des-Fossés,saint-maur-des-fosses,94068,94100/94210,94,ile-de-france
9540423544,48.784605,2.507023,distributeur_sacs,Saint-Maur-des-Fossés,saint-maur-des-fosses,94068,94100/94210,94,ile-de-france
9540419200,48.78768,2.51813,distributeur_sacs,Saint-Maur-des-Fossés,saint-maur-des-fosses,94068,94100/94210,94,ile-de-france
2023476015,48.794544,2.51113,distributeur_sacs,Saint-Maur-des-Fossés,saint-maur-des-fosses,94068,94100/94210,94,ile-de-france
12571652965,48.806628,2.510816,distributeur_sacs,Saint-Maur-des-Fossés,saint-maur-des-fosses,94068,94100/94210,94,ile-de-france
3758972778,48.777044,2.518454,distributeur_sacs,Sucy-en-Brie,sucy-en-brie,94071,94370,94,ile-de-france
13257427552,48.799928,2.369137,distributeur_sacs,Villejuif,villejuif,94076,94800,94,ile-de-france
10579338105,48.832241,2.551941,distributeur_sacs,Villiers-sur-Marne,villiers-sur-marne,94079,94350,94,ile-de-france
10574546818,48.826057,2.558006,distributeur_sacs,Villiers-sur-Marne,villiers-sur-marne,94079,94350,94,ile-de-france
10574528132,48.826335,2.560595,poubelle_dejections,Villiers-sur-Marne,villiers-sur-marne,94079,94350,94,ile-de-france
10577600925,48.825042,2.562124,distributeur_sacs,Villiers-sur-Marne,villiers-sur-marne,94079,94350,94,ile-de-france
10574546819,48.825727,2.560949,distributeur_sacs,Villiers-sur-Marne,villiers-sur-marne,94079,94350,94,ile-de-france
10574546805,48.822602,2.55776,distributeur_sacs,Villiers-sur-Marne,villiers-sur-marne,94079,94350,94,ile-de-france
10581724041,48.819486,2.553011,distributeur_sacs,Villiers-sur-Marne,villiers-sur-marne,94079,94350,94,ile-de-france
10577600922,48.81963,2.539683,distributeur_sacs,Villiers-sur-Marne,villiers-sur-marne,94079,94350,94,ile-de-france
10577600921,48.820677,2.542892,distributeur_sacs,Villiers-sur-Marne,villiers-sur-marne,94079,94350,94,ile-de-france
11998636975,48.821798,2.542875,distributeur_sacs,Villiers-sur-Marne,villiers-sur-marne,94079,94350,94,ile-de-france
10574528134,48.823194,2.54071,distributeur_sacs,Villiers-sur-Marne,villiers-sur-marne,94079,94350,94,ile-de-france
10577600923,48.823458,2.544519,distributeur_sacs,Villiers-sur-Marne,villiers-sur-marne,94079,94350,94,ile-de-france
10565875536,48.824885,2.54368,distributeur_sacs,Villiers-sur-Marne,villiers-sur-marne,94079,94350,94,ile-de-france
10565875534,48.820831,2.548871,distributeur_sacs,Villiers-sur-Marne,villiers-sur-marne,94079,94350,94,ile-de-france
10583954633,48.822714,2.556087,distributeur_sacs,Villiers-sur-Marne,villiers-sur-marne,94079,94350,94,ile-de-france
10581724038,48.823187,2.554898,distributeur_sacs,Villiers-sur-Marne,villiers-sur-marne,94079,94350,94,ile-de-france
10581724037,48.823703,2.55155,distributeur_sacs,Villiers-sur-Marne,villiers-sur-marne,94079,94350,94,ile-de-france
10574528133,48.823185,2.549233,distributeur_sacs,Villiers-sur-Marne,villiers-sur-marne,94079,94350,94,ile-de-france
10577600924,48.823738,2.549061,distributeur_sacs,Villiers-sur-Marne,villiers-sur-marne,94079,94350,94,ile-de-france
10574546791,48.825425,2.549827,distributeur_sacs,Villiers-sur-Marne,villiers-sur-marne,94079,94350,94,ile-de-france
10574546789,48.826622,2.548605,distributeur_sacs,Villiers-sur-Marne,villiers-sur-marne,94079,94350,94,ile-de-france
10579338106,48.82798,2.548051,distributeur_sacs,Villiers-sur-Marne,villiers-sur-marne,94079,94350,94,ile-de-france
10581724039,48.826682,2.555634,distributeur_sacs,Villiers-sur-Marne,villiers-sur-marne,94079,94350,94,ile-de-france
10574546817,48.828573,2.556775,distributeur_sacs,Villiers-sur-Marne,villiers-sur-marne,94079,94350,94,ile-de-france
10581724034,48.828536,2.554117,distributeur_sacs,Villiers-sur-Marne,villiers-sur-marne,94079,94350,94,ile-de-france
10581724035,48.829079,2.555329,distributeur_sacs,Villiers-sur-Marne,villiers-sur-marne,94079,94350,94,ile-de-france
10577600916,48.831527,2.546721,distributeur_sacs,Villiers-sur-Marne,villiers-sur-marne,94079,94350,94,ile-de-france
10565875533,48.829915,2.54494,distributeur_sacs,Villiers-sur-Marne,villiers-sur-marne,94079,94350,94,ile-de-france
10574546790,48.827606,2.544349,distributeur_sacs,Villiers-sur-Marne,villiers-sur-marne,94079,94350,94,ile-de-france
10577600917,48.827663,2.54499,distributeur_sacs,Villiers-sur-Marne,villiers-sur-marne,94079,94350,94,ile-de-france
10574546824,48.82828,2.542809,distributeur_sacs,Villiers-sur-Marne,villiers-sur-marne,94079,94350,94,ile-de-france
10574546816,48.826676,2.543251,distributeur_sacs,Villiers-sur-Marne,villiers-sur-marne,94079,94350,94,ile-de-france
10565875535,48.826324,2.541315,distributeur_sacs,Villiers-sur-Marne,villiers-sur-marne,94079,94350,94,ile-de-france
10577600915,48.827229,2.540958,distributeur_sacs,Villiers-sur-Marne,villiers-sur-marne,94079,94350,94,ile-de-france
10581728029,48.827132,2.540071,distributeur_sacs,Villiers-sur-Marne,villiers-sur-marne,94079,94350,94,ile-de-france
10565875537,48.828867,2.540838,distributeur_sacs,Villiers-sur-Marne,villiers-sur-marne,94079,94350,94,ile-de-france
10565875538,48.831004,2.540635,distributeur_sacs,Villiers-sur-Marne,villiers-sur-marne,94079,94350,94,ile-de-france
10577600914,48.830993,2.53783,distributeur_sacs,Villiers-sur-Marne,villiers-sur-marne,94079,94350,94,ile-de-france
10581724036,48.829058,2.53584,distributeur_sacs,Villiers-sur-Marne,villiers-sur-marne,94079,94350,94,ile-de-france
10577600918,48.829698,2.53675,distributeur_sacs,Villiers-sur-Marne,villiers-sur-marne,94079,94350,94,ile-de-france
10574546823,48.827406,2.538469,distributeur_sacs,Villiers-sur-Marne,villiers-sur-marne,94079,94350,94,ile-de-france
10581724032,48.821115,2.533737,distributeur_sacs,Villiers-sur-Marne,villiers-sur-marne,94079,94350,94,ile-de-france
10581724031,48.821809,2.533773,distributeur_sacs,Villiers-sur-Marne,villiers-sur-marne,94079,94350,94,ile-de-france
10577600919,48.825456,2.533928,distributeur_sacs,Villiers-sur-Marne,villiers-sur-marne,94079,94350,94,ile-de-france
10577600920,48.82389,2.534068,distributeur_sacs,Villiers-sur-Marne,villiers-sur-marne,94079,94350,94,ile-de-france
10574546822,48.821391,2.535972,distributeur_sacs,Villiers-sur-Marne,villiers-sur-marne,94079,94350,94,ile-de-france
10581724040,48.819654,2.537211,distributeur_sacs,Villiers-sur-Marne,villiers-sur-marne,94079,94350,94,ile-de-france
8154183856,48.848219,2.424772,distributeur_sacs,Vincennes,vincennes,94080,94300,94,ile-de-france
6583344886,48.844055,2.434424,poubelle_dejections,Vincennes,vincennes,94080,94300,94,ile-de-france
10271758050,48.846235,2.428619,distributeur_sacs,Vincennes,vincennes,94080,94300,94,ile-de-france
4867899147,48.850289,2.437947,distributeur_sacs,Vincennes,vincennes,94080,94300,94,ile-de-france
4863650130,48.850117,2.442803,distributeur_sacs,Vincennes,vincennes,94080,94300,94,ile-de-france
4867624500,48.848877,2.445979,distributeur_sacs,Vincennes,vincennes,94080,94300,94,ile-de-france
8785111405,48.847753,2.443293,distributeur_sacs,Vincennes,vincennes,94080,94300,94,ile-de-france
4863650129,48.849434,2.44274,distributeur_sacs,Vincennes,vincennes,94080,94300,94,ile-de-france
6512974630,48.847555,2.438092,poubelle_dejections,Vincennes,vincennes,94080,94300,94,ile-de-france
10227858597,48.847094,2.453272,distributeur_sacs,Vincennes,vincennes,94080,94300,94,ile-de-france
4864958493,48.850038,2.450759,distributeur_sacs,Vincennes,vincennes,94080,94300,94,ile-de-france
4867862869,48.847463,2.446842,distributeur_sacs,Vincennes,vincennes,94080,94300,94,ile-de-france
12679536450,48.804317,2.406676,distributeur_sacs,Vitry-sur-Seine,vitry-sur-seine,94081,94400,94,ile-de-france
13273045954,48.800194,2.38008,distributeur_sacs,Vitry-sur-Seine,vitry-sur-seine,94081,94400,94,ile-de-france
13258041054,48.79757,2.379783,distributeur_sacs,Vitry-sur-Seine,vitry-sur-seine,94081,94400,94,ile-de-france
9193316629,49.135967,2.357438,poubelle_dejections,Asnières-sur-Oise,asnieres-sur-oise,95026,95270,95,ile-de-france
9193316630,49.135975,2.357435,distributeur_sacs,Asnières-sur-Oise,asnieres-sur-oise,95026,95270,95,ile-de-france
12802092983,49.023096,2.001112,distributeur_sacs,Boisemont,boisemont,95074,95000,95,ile-de-france
12791621171,49.019866,2.000975,distributeur_sacs,Boisemont,boisemont,95074,95000,95,ile-de-france
8118733417,49.075944,2.0264,poubelle_dejections,Boissy-l'Aillerie,boissy-laillerie,95078,95650,95,ile-de-france
8118733117,49.075445,2.028808,poubelle_dejections,Boissy-l'Aillerie,boissy-laillerie,95078,95650,95,ile-de-france
8118733517,49.075169,2.029406,poubelle_dejections,Boissy-l'Aillerie,boissy-laillerie,95078,95650,95,ile-de-france
11219552224,49.03448,2.07752,distributeur_sacs,Cergy,cergy,95127,95000/95800,95,ile-de-france
11545544052,48.977297,2.20272,distributeur_sacs,Cormeilles-en-Parisis,cormeilles-en-parisis,95176,95240,95,ile-de-france
11365804180,48.973431,2.203087,distributeur_sacs,Cormeilles-en-Parisis,cormeilles-en-parisis,95176,95240,95,ile-de-france
11365760813,48.973995,2.204975,distributeur_sacs,Cormeilles-en-Parisis,cormeilles-en-parisis,95176,95240,95,ile-de-france
11252355446,48.970522,2.19374,distributeur_sacs,Cormeilles-en-Parisis,cormeilles-en-parisis,95176,95240,95,ile-de-france
11330608565,48.97145,2.196688,distributeur_sacs,Cormeilles-en-Parisis,cormeilles-en-parisis,95176,95240,95,ile-de-france
11292735341,48.971275,2.188672,distributeur_sacs,Cormeilles-en-Parisis,cormeilles-en-parisis,95176,95240,95,ile-de-france
11434446800,48.964592,2.187822,distributeur_sacs,Cormeilles-en-Parisis,cormeilles-en-parisis,95176,95240,95,ile-de-france
12213935477,48.965954,2.208277,distributeur_sacs,Cormeilles-en-Parisis,cormeilles-en-parisis,95176,95240,95,ile-de-france
12896914728,49.031246,2.002633,distributeur_sacs,Courdimanche,courdimanche,95183,95800,95,ile-de-france
12158046597,48.968829,2.312643,distributeur_sacs,Deuil-la-Barre,deuil-la-barre,95197,95170,95,ile-de-france
12250194357,48.9666,2.31695,distributeur_sacs,Deuil-la-Barre,deuil-la-barre,95197,95170,95,ile-de-france
10564927206,48.975512,2.337187,distributeur_sacs,Deuil-la-Barre,deuil-la-barre,95197,95170,95,ile-de-france
9476270529,48.976626,2.338093,distributeur_sacs,Deuil-la-Barre,deuil-la-barre,95197,95170,95,ile-de-france
9462572540,48.975201,2.328202,distributeur_sacs,Deuil-la-Barre,deuil-la-barre,95197,95170,95,ile-de-france
11586603597,48.966952,2.328446,distributeur_sacs,Deuil-la-Barre,deuil-la-barre,95197,95170,95,ile-de-france
12158043120,48.969985,2.320454,poubelle_dejections,Deuil-la-Barre,deuil-la-barre,95197,95170,95,ile-de-france
9872671626,48.980725,2.285131,distributeur_sacs,Eaubonne,eaubonne,95203,95600,95,ile-de-france
9628406398,48.980209,2.274572,distributeur_sacs,Eaubonne,eaubonne,95203,95600,95,ile-de-france
8572545612,48.989363,2.253597,distributeur_sacs,Ermont,ermont,95219,95120,95,ile-de-france
8572545614,48.988688,2.256221,distributeur_sacs,Ermont,ermont,95219,95120,95,ile-de-france
8572545613,48.987,2.251705,distributeur_sacs,Ermont,ermont,95219,95120,95,ile-de-france
13478915266,49.031351,2.362621,distributeur_sacs,Ézanville,ezanville,95229,95460,95,ile-de-france
12944874969,49.017483,2.024763,distributeur_sacs,Jouy-le-Moutier,jouy-le-moutier,95323,95280,95,ile-de-france
13421318721,49.012339,2.039923,distributeur_sacs,Jouy-le-Moutier,jouy-le-moutier,95323,95280,95,ile-de-france
12568234663,49.010681,2.028354,distributeur_sacs,Jouy-le-Moutier,jouy-le-moutier,95323,95280,95,ile-de-france
13534385192,49.008595,2.044739,distributeur_sacs,Jouy-le-Moutier,jouy-le-moutier,95323,95280,95,ile-de-france
12734184570,49.011792,2.04356,distributeur_sacs,Jouy-le-Moutier,jouy-le-moutier,95323,95280,95,ile-de-france
11811188798,49.047861,2.337436,distributeur_sacs,Moisselles,moisselles,95409,95570,95,ile-de-france
13462562399,48.991452,2.201413,distributeur_sacs,Montigny-lès-Cormeilles,montigny-les-cormeilles,95424,95370,95,ile-de-france
13462555079,48.991466,2.201382,poubelle_dejections,Montigny-lès-Cormeilles,montigny-les-cormeilles,95424,95370,95,ile-de-france
13462406689,48.990233,2.203854,distributeur_sacs,Montigny-lès-Cormeilles,montigny-les-cormeilles,95424,95370,95,ile-de-france
5655770285,48.989367,2.320864,distributeur_sacs,Montmorency,montmorency,95428,95160,95,ile-de-france
3498444246,48.978883,2.310818,distributeur_sacs,Montmorency,montmorency,95428,95160,95,ile-de-france
11586778881,48.969463,2.284961,distributeur_sacs,Saint-Gratien,saint-gratien,95555,95210,95,ile-de-france
13536138179,49.021102,2.019749,distributeur_sacs,Vauréal,vaureal,95637,95490,95,ile-de-france
10289737629,49.033231,2.019682,poubelle_dejections,Vauréal,vaureal,95637,95490,95,ile-de-france
13159708589,49.023394,2.025221,distributeur_sacs,Vauréal,vaureal,95637,95490,95,ile-de-france
13159645196,49.023205,2.026841,distributeur_sacs,Vauréal,vaureal,95637,95490,95,ile-de-france
12802362270,49.077371,1.927533,distributeur_sacs,Vigny,vigny,95658,95450,95,ile-de-france